{"3": [0.37955031305569115, 0.6425123842913133, 1.722544875053611, 4.405670127220317, 7.802975520127203, 6.5965555237773765, 4.156307693858722, 6.438573198896801, 6.640549406362654, 3.182476190813704, 1.2091316811151769, 3.0112777576543137, 0.5811468608429102, 2.9433394916866416, 0.8334395212544318, 6.834908329144127, 1.0607195851473499, 4.032267882737071, 0.006219285838651759, 4.111813401193755, 0.7114079100499213, 7.653869413669949], "7": [0.11564996643745615, 0.728052861844296, 0.4340320595783128, 0.018659545027631504, 0.10720528309227179, 0.0008945384701902087, 0.04511961611413989, 0.03231083975598764, 0.0028672815433675005, 0.05334714614712021, 0.04783960882679573, 0.32842635177833845, 1.2311753380784418, 0.06633744103392494, 1.2054577001980558, 0.024771079837260738, 1.3248346227611263, 0.3167236199469356, 1.7692922781317928, 0.17405016013430086, 1.7999007082256826, 0.06114132811759942], "15": [0.10185085112513471, 0.5368082832550024, 0.442363012734667, 0.06412353995094439, 0.03814399053933565, 0.08445016449497415, 0.03880973927386404, 0.017504540959891866, 0.014808534956733977, 0.13817664374955327, 0.010359333304549832, 0.4670863309878304, 0.8317252303820181, 0.025372094445305048, 1.5465398546976508, 8.284888418196958e-07, 0.7948999790752562, 0.5343061617966145, 1.1277793883960232, 0.10385429252838287, 1.4688535362091533, 0.0022950648946533825], "30": [3.4555511001783192, 2.33197982310004, 1.522544320471931, 2.3172764172397455, 3.035609790935407, 4.032045247131308, 3.4268752533989995, 4.848733617487212, 1.9529380999176846, 3.5599864987815213]}