{"3": [6.012158182807903, 0.5890720166651969, 0.4488435499414399, 0.4046409020917746, 2.2949189259207405, 10.310889316691865, 0.0089884013944767, 0.4730538805405768, 0.04617563488618259, 24.62345324492372, 0.6247521616461109, 0.537666043159453, 21.300105449912323, 2.224603070190758, 3.663136861544745, 7.362180964176422, 3.8942651446417154, 0.04022123355480613, 3.9169596784279066, 8.38400455795389, 5.166222428794031, 2.5867057977264025, 0.6683812099837282, 3.866388435378997, 0.28123729343540793], "7": [13.454818596531696, 8.069780896082372, 11.486558724775476, 9.931528022737108, 7.212427193906392, 4.727183121645497, 6.344428745717671, 7.63112416842221, 5.552598692337402, 6.2974757545068405, 7.432893132639393, 7.596275960839215, 9.845437198042156, 9.472059067115923, 13.275070245417972, 7.637109689409912, 12.920871576530905, 5.55166921793912, 13.578175077792586, 9.742146595481863, 14.678850117840474, 8.691991303860727, 7.246551621267298, 15.093259710351722, 4.994590418412179], "15": [9.631545482311438, 10.532714630586819, 13.337496052217434, 12.79817668188329, 10.424408586536277, 7.3857174930787775, 7.154419560139701, 9.880453660332996, 7.731017006060938, 9.325086247725686, 10.885148123789579, 9.202115741730049, 11.33116831997411, 13.191620566843318, 14.61322205025701, 7.6066862542974905, 17.49779051732365, 8.52161259823826, 14.752006053243456, 13.424292496375394, 15.933215209458204, 10.964051180854744, 9.486055851095339, 17.062152447959658, 8.391622654002216], "30": [13.37608969094414, 10.977366907546172, 9.10407504415425, 11.065892024993211, 12.405576698630808, 10.379115679248665, 14.35359525267703, 13.332622609828663, 15.87047023115026, 10.363420743530718, 13.597303738665353]}