{"3": {"past": [174.35116599999998, 175.572754, 175.88504, 178.392426], "next": [179.219025, 179.09964, 180.119095, 179.86193799999998], "curr": [179.219025]}, "7": {"past": [174.231796, 173.26741, 174.837952, 174.709396, 174.35116599999998, 175.572754, 175.88504, 178.392426], "next": [179.219025, 179.09964, 180.119095, 179.86193799999998, 178.92511000000002, 180.504883, 181.515167, 183.241882], "curr": [179.219025]}, "15": {"past": [175.72886699999998, 175.168625, 174.681793, 174.727753, 174.406296, 174.498154, 174.240982, 174.571625, 174.231796, 173.26741, 174.837952, 174.709396, 174.35116599999998, 175.572754, 175.88504, 178.392426], "next": [179.219025, 179.09964, 180.119095, 179.86193799999998, 178.92511000000002, 180.504883, 181.515167, 183.241882, 183.140854, 182.452026, 181.818253, 180.605896, 180.70694, 180.54161100000002, 181.515167, 181.772339], "curr": [179.219025]}}