{"3": {"past": [195.968781, 196.292114, 195.100235, 194.028503], "next": [184.225418, 183.892807, 184.835251, 184.530334], "curr": [184.225418]}, "7": {"past": [195.03556799999998, 195.663879, 195.580704, 195.238861, 195.968781, 196.292114, 195.100235, 194.028503], "next": [184.225418, 183.892807, 184.835251, 184.530334, 185.870041, 187.727158, 189.78758200000001, 191.829498], "curr": [184.225418]}, "15": {"past": [192.35613999999998, 193.871429, 193.806717, 192.199066, 193.64965800000002, 194.481216, 193.714355, 195.229599, 195.03556799999998, 195.663879, 195.580704, 195.238861, 195.968781, 196.292114, 195.100235, 194.028503], "next": [184.225418, 183.892807, 184.835251, 184.530334, 185.870041, 187.727158, 189.78758200000001, 191.829498, 191.857193, 191.663177, 190.72998, 190.776184, 190.545181, 190.314224, 191.59848, 191.422958], "curr": [184.225418]}}