{"3": {"past": [52.625336, 52.567631000000006, 52.548386, 52.962008999999995], "next": [53.644951, 53.866192000000005, 54.173995999999995, 53.943142], "curr": [53.644951]}, "7": {"past": [52.646767000000004, 52.321312, 53.029658999999995, 52.110729, 52.625336, 52.567631000000006, 52.548386, 52.962008999999995], "next": [53.644951, 53.866192000000005, 54.173995999999995, 53.943142, 53.269814000000004, 53.375626000000004, 53.366001000000004, 53.260197], "curr": [53.644951]}, "15": {"past": [50.58876, 49.918709, 51.344963, 51.076939, 51.383244, 51.450253000000004, 52.015015000000005, 52.570190000000004, 52.646767000000004, 52.321312, 53.029658999999995, 52.110729, 52.625336, 52.567631000000006, 52.548386, 52.962008999999995], "next": [53.644951, 53.866192000000005, 54.173995999999995, 53.943142, 53.269814000000004, 53.375626000000004, 53.366001000000004, 53.260197, 52.221352, 52.163628, 51.942402, 52.298297999999996, 53.356388, 52.913909999999994, 53.058189, 53.144768000000006], "curr": [53.644951]}}