{"3": {"past": [56.45927, 57.202389000000004, 57.591643999999995, 57.538563], "next": [58.449764, 58.334763, 58.812481000000005, 58.945179], "curr": [58.449764]}, "7": {"past": [56.892756999999996, 56.308884, 56.131954, 56.42388199999999, 56.45927, 57.202389000000004, 57.591643999999995, 57.538563], "next": [58.449764, 58.334763, 58.812481000000005, 58.945179, 59.042492, 59.475975, 59.263653000000005, 58.57362], "curr": [58.449764]}, "15": {"past": [57.03309599999999, 56.901695, 57.00680500000001, 57.409737, 56.91045, 56.777752, 56.945843, 56.733513, 56.892756999999996, 56.308884, 56.131954, 56.42388199999999, 56.45927, 57.202389000000004, 57.591643999999995, 57.538563], "next": [58.449764, 58.334763, 58.812481000000005, 58.945179, 59.042492, 59.475975, 59.263653000000005, 58.57362, 58.538239000000004, 58.370152000000004, 57.768581000000005, 58.440922, 58.980564, 59.139805, 57.830509, 58.060513], "curr": [58.449764]}}