{"3": {"past": [65.973274, 64.732529, 64.795006, 64.027367], "next": [62.875893000000005, 62.402798, 62.822334, 63.116898], "curr": [62.875893000000005]}, "7": {"past": [64.473679, 64.955688, 66.062531, 66.61595200000001, 65.973274, 64.732529, 64.795006, 64.027367], "next": [62.875893000000005, 62.402798, 62.822334, 63.116898, 63.366837, 63.366837, 63.572128, 63.795280000000005], "curr": [62.875893000000005]}, "15": {"past": [63.456974, 63.722359, 63.545437, 63.554287, 64.16125500000001, 64.83071899999999, 65.259178, 64.893211, 64.473679, 64.955688, 66.062531, 66.61595200000001, 65.973274, 64.732529, 64.795006, 64.027367], "next": [62.875893000000005, 62.402798, 62.822334, 63.116898, 63.366837, 63.366837, 63.572128, 63.795280000000005, 64.286224, 62.875893000000005, 63.045475, 63.21508000000001, 62.786632999999995, 62.85804, 62.349251, 62.447433], "curr": [62.875893000000005]}}