{"3": {"past": [84.94968399999999, 82.414955, 82.486855, 80.500404], "next": [82.630676, 81.758797, 81.120621, 83.089088], "curr": [82.630676]}, "7": {"past": [82.84639, 86.324913, 86.720413, 86.378845, 84.94968399999999, 82.414955, 82.486855, 80.500404], "next": [82.630676, 81.758797, 81.120621, 83.089088, 81.812714, 82.972229, 83.556488, 84.455338], "curr": [82.630676]}, "15": {"past": [80.49613199999999, 80.772842, 81.031708, 81.37982199999999, 82.45989200000001, 82.172264, 81.498138, 81.830704, 82.84639, 86.324913, 86.720413, 86.378845, 84.94968399999999, 82.414955, 82.486855, 80.500404], "next": [82.630676, 81.758797, 81.120621, 83.089088, 81.812714, 82.972229, 83.556488, 84.455338, 86.028297, 86.190086, 85.776634, 85.49799300000001, 85.165413, 84.275566, 84.913742, 84.140739], "curr": [82.630676]}}