{"3": {"past": [130.320007, 133.570007, 134.279999, 129.889999], "next": [130.809998, 133.029999, 130.779999, 130.880005], "curr": [130.809998]}, "7": {"past": [129.25, 129.16000400000001, 130.080002, 130.919998, 130.320007, 133.570007, 134.279999, 129.889999], "next": [130.809998, 133.029999, 130.779999, 130.880005, 131.800003, 130.850006, 131.419998, 134.509995], "curr": [130.809998]}, "15": {"past": [125.870003, 125.480003, 124.610001, 120.730003, 121.16999799999999, 123.120003, 125.209999, 125.029999, 129.25, 129.16000400000001, 130.080002, 130.919998, 130.320007, 133.570007, 134.279999, 129.889999], "next": [130.809998, 133.029999, 130.779999, 130.880005, 131.800003, 130.850006, 131.419998, 134.509995, 133.83999599999999, 130.53999299999998, 133.240005, 134.429993, 135.800003, 134.740005, 134.899994, 135.880005], "curr": [130.809998]}}