{"3": {"past": [39.247295, 39.423862, 39.286533, 38.442924], "next": [38.972633, 46.329662, 44.828831, 44.122555], "curr": [38.972633]}, "7": {"past": [38.854923, 39.443484999999995, 39.698532, 39.698532, 39.247295, 39.423862, 39.286533, 38.442924], "next": [38.972633, 46.329662, 44.828831, 44.122555, 44.613021999999994, 44.524738, 44.465885, 44.475693], "curr": [38.972633]}, "15": {"past": [38.335026, 38.119217, 38.227119, 37.795509, 38.354641, 38.805878, 38.717594, 38.854923, 38.854923, 39.443484999999995, 39.698532, 39.698532, 39.247295, 39.423862, 39.286533, 38.442924], "next": [38.972633, 46.329662, 44.828831, 44.122555, 44.613021999999994, 44.524738, 44.465885, 44.475693, 44.36779, 44.220646, 44.681686, 44.819019, 44.269695, 46.241375, 45.790146, 46.172709999999995], "curr": [38.972633]}}