{"3": {"past": [51.567768, 52.011894, 52.337585, 52.150063], "next": [52.406665999999994, 53.127140000000004, 53.285049, 53.906822], "curr": [52.406665999999994]}, "7": {"past": [50.215656, 50.689388, 50.689388, 51.232208, 51.567768, 52.011894, 52.337585, 52.150063], "next": [52.406665999999994, 53.127140000000004, 53.285049, 53.906822, 55.258938, 55.022068000000004, 55.278670999999996, 55.67345], "curr": [52.406665999999994]}, "15": {"past": [48.439159000000004, 48.004902, 47.787777, 48.162815, 48.527981, 48.705631, 49.297802000000004, 49.218845, 50.215656, 50.689388, 50.689388, 51.232208, 51.567768, 52.011894, 52.337585, 52.150063], "next": [52.406665999999994, 53.127140000000004, 53.285049, 53.906822, 55.258938, 55.022068000000004, 55.278670999999996, 55.67345, 56.038619999999995, 53.521915, 54.429905000000005, 55.150372, 56.374176, 57.0453, 57.74602900000001, 58.446757999999996], "curr": [52.406665999999994]}}