{"3": {"past": [121.089996, 121.800003, 121.440002, 122.110001], "next": [122.349998, 127.010002, 126.309998, 125.07], "curr": [122.349998]}, "7": {"past": [120.150002, 119.980003, 119.599998, 119.910004, 121.089996, 121.800003, 121.440002, 122.110001], "next": [122.349998, 127.010002, 126.309998, 125.07, 126.209999, 126.870003, 127.699997, 128.25], "curr": [122.349998]}, "15": {"past": [119.470001, 118.83000200000001, 119.309998, 118.779999, 118.339996, 120.349998, 119.900002, 120.040001, 120.150002, 119.980003, 119.599998, 119.910004, 121.089996, 121.800003, 121.440002, 122.110001], "next": [122.349998, 127.010002, 126.309998, 125.07, 126.209999, 126.870003, 127.699997, 128.25, 128.690002, 129.580002, 129.610001, 130.130005, 129.58999599999999, 130.03999299999998, 129.889999, 130.149994], "curr": [122.349998]}}