{"3": {"past": [147.777573, 150.722992, 146.643173, 139.966293], "next": [132.36398300000002, 131.319153, 133.498367, 132.334152], "curr": [132.36398300000002]}, "7": {"past": [144.304794, 145.130707, 144.53366100000002, 143.847076, 147.777573, 150.722992, 146.643173, 139.966293], "next": [132.36398300000002, 131.319153, 133.498367, 132.334152, 132.970978, 136.423889, 137.12039199999998, 134.901443], "curr": [132.36398300000002]}, "15": {"past": [141.84698500000002, 142.115646, 144.09583999999998, 144.264969, 146.245193, 145.39936799999998, 145.439178, 145.23019399999998, 144.304794, 145.130707, 144.53366100000002, 143.847076, 147.777573, 150.722992, 146.643173, 139.966293], "next": [132.36398300000002, 131.319153, 133.498367, 132.334152, 132.970978, 136.423889, 137.12039199999998, 134.901443, 130.652481, 129.97581499999998, 125.298996, 127.726952, 130.304199, 130.980835, 129.945969, 130.503189], "curr": [132.36398300000002]}}