{"3": {"past": [9.730967999999999, 9.69486, 9.70399, 9.759388000000001], "next": [9.962517, 9.685523, 9.55626, 9.703991], "curr": [9.962517]}, "7": {"past": [10.046908, 9.920532000000001, 9.839291000000001, 9.803183, 9.730967999999999, 9.69486, 9.70399, 9.759388000000001], "next": [9.962517, 9.685523, 9.55626, 9.703991, 9.703991, 9.510095, 9.445461, 9.990216], "curr": [9.962517]}, "15": {"past": [10.173287, 10.128152, 10.155232, 10.173287, 10.101071000000001, 10.046908, 10.191338, 10.046908, 10.046908, 9.920532000000001, 9.839291000000001, 9.803183, 9.730967999999999, 9.69486, 9.70399, 9.759388000000001], "next": [9.962517, 9.685523, 9.55626, 9.703991, 9.703991, 9.510095, 9.445461, 9.990216, 10.008681, 10.036383, 9.944051, 9.796322, 9.787088, 9.814786999999999, 9.860953, 9.870186], "curr": [9.962517]}}