{"3": {"past": [10.090882, 9.992652, 9.903350999999999, 10.108742], "next": [10.099811, 10.1266, 10.33199, 10.242692], "curr": [10.099811]}, "7": {"past": [10.117671000000001, 10.081949, 10.099811, 10.099811, 10.090882, 9.992652, 9.903350999999999, 10.108742], "next": [10.099811, 10.1266, 10.33199, 10.242692, 10.117672, 10.180182, 10.108742, 10.117672], "curr": [10.099811]}, "15": {"past": [10.038143, 10.099998, 10.082325, 10.04698, 10.091161, 10.055816, 10.241381, 10.267891, 10.117671000000001, 10.081949, 10.099811, 10.099811, 10.090882, 9.992652, 9.903350999999999, 10.108742], "next": [10.099811, 10.1266, 10.33199, 10.242692, 10.117672, 10.180182, 10.108742, 10.117672, 9.983722, 10.001582, 10.144461, 10.153391000000001, 10.49273, 10.51952, 10.528449, 10.448081], "curr": [10.099811]}}