{"3": {"past": [131.70056200000002, 131.69072, 132.7621, 134.44288600000002], "next": [136.536499, 136.575821, 137.69635, 138.364746], "curr": [136.536499]}, "7": {"past": [129.675781, 128.938568, 130.334335, 131.543304, 131.70056200000002, 131.69072, 132.7621, 134.44288600000002], "next": [136.536499, 136.575821, 137.69635, 138.364746, 139.14123500000002, 139.966858, 140.595917, 141.922867], "curr": [136.536499]}, "15": {"past": [125.678886, 126.599274, 127.306946, 126.874466, 126.432152, 127.10054, 126.343674, 127.05138400000001, 129.675781, 128.938568, 130.334335, 131.543304, 131.70056200000002, 131.69072, 132.7621, 134.44288600000002], "next": [136.536499, 136.575821, 137.69635, 138.364746, 139.14123500000002, 139.966858, 140.595917, 141.922867, 140.45831299999998, 139.780121, 139.436096, 136.683945, 137.833954, 138.944641, 138.59079, 139.465591], "curr": [136.536499]}}