{"3": {"past": [116.65146599999999, 115.18279299999999, 114.99675800000001, 114.272224], "next": [116.13253799999998, 119.06988500000001, 117.934105, 120.00003799999999], "curr": [116.13253799999998]}, "7": {"past": [120.00003799999999, 119.970665, 116.71021299999998, 115.15342700000001, 116.65146599999999, 115.18279299999999, 114.99675800000001, 114.272224], "next": [116.13253799999998, 119.06988500000001, 117.934105, 120.00003799999999, 118.26700600000001, 118.149498, 118.795723, 118.67823], "curr": [116.13253799999998]}, "15": {"past": [121.417603, 120.362305, 120.10771899999999, 120.06855800000001, 120.07836200000001, 119.755241, 118.511772, 118.44323700000001, 120.00003799999999, 119.970665, 116.71021299999998, 115.15342700000001, 116.65146599999999, 115.18279299999999, 114.99675800000001, 114.272224], "next": [116.13253799999998, 119.06988500000001, 117.934105, 120.00003799999999, 118.26700600000001, 118.149498, 118.795723, 118.67823, 119.14820900000001, 119.50068700000001, 123.18213700000001, 125.75721000000001, 126.785278, 122.653419, 123.70106499999999, 126.099892], "curr": [116.13253799999998]}}