{"3": {"past": [158.403976, 176.685959, 171.26466399999998, 169.394913], "next": [168.20777900000002, 169.95881699999998, 170.473251, 175.09321599999998], "curr": [168.20777900000002]}, "7": {"past": [155.95056200000002, 159.116272, 159.739517, 158.36441000000002, 158.403976, 176.685959, 171.26466399999998, 169.394913], "next": [168.20777900000002, 169.95881699999998, 170.473251, 175.09321599999998, 175.053619, 174.934921, 173.559814, 170.680984], "curr": [168.20777900000002]}, "15": {"past": [156.032852, 153.932449, 154.62493899999998, 152.834335, 151.41966200000002, 149.817017, 154.229233, 155.74281299999998, 155.95056200000002, 159.116272, 159.739517, 158.36441000000002, 158.403976, 176.685959, 171.26466399999998, 169.394913], "next": [168.20777900000002, 169.95881699999998, 170.473251, 175.09321599999998, 175.053619, 174.934921, 173.559814, 170.680984, 173.243225, 171.16575600000002, 169.988495, 169.167389, 172.887085, 171.343826, 173.06517, 174.558975], "curr": [168.20777900000002]}}