{"3": {"past": [48.614529, 49.140312, 49.033207, 49.188992], "next": [49.062412, 50.26001, 49.500561, 50.269753], "curr": [49.062412]}, "7": {"past": [47.611668, 48.079033, 47.971924, 48.33218, 48.614529, 49.140312, 49.033207, 49.188992], "next": [49.062412, 50.26001, 49.500561, 50.269753, 49.997128000000004, 49.987389, 50.113964, 50.376846], "curr": [49.062412]}, "15": {"past": [46.141459999999995, 46.102509000000005, 47.134575, 46.900902, 47.368263, 46.41407, 47.679825, 47.962193, 47.611668, 48.079033, 47.971924, 48.33218, 48.614529, 49.140312, 49.033207, 49.188992], "next": [49.062412, 50.26001, 49.500561, 50.269753, 49.997128000000004, 49.987389, 50.113964, 50.376846, 50.298958, 49.948444, 50.668945, 50.026337, 50.610527000000005, 49.899757, 49.860809, 50.055541999999996], "curr": [49.062412]}}