{"3": {"past": [62.240002000000004, 59.75, 60.939999, 61.48], "next": [62.5, 52.799999, 52.860001000000004, 52.130001], "curr": [62.5]}, "7": {"past": [60.200001, 60.279999, 61.389998999999996, 61.799999, 62.240002000000004, 59.75, 60.939999, 61.48], "next": [62.5, 52.799999, 52.860001000000004, 52.130001, 50.169998, 50.400002, 49.849998, 49.849998], "curr": [62.5]}, "15": {"past": [58.099998, 58.509997999999996, 59.009997999999996, 58.880001, 58.799999, 58.82, 58.950001, 59.68, 60.200001, 60.279999, 61.389998999999996, 61.799999, 62.240002000000004, 59.75, 60.939999, 61.48], "next": [62.5, 52.799999, 52.860001000000004, 52.130001, 50.169998, 50.400002, 49.849998, 49.849998, 49.43, 49.830002, 49.150002, 47.5, 47.0, 47.380001, 47.75, 47.41], "curr": [62.5]}}