{"3": {"past": [68.699997, 69.400002, 69.550003, 69.709999], "next": [71.120003, 63.549999, 63.849998, 63.950001], "curr": [71.120003]}, "7": {"past": [67.779999, 67.970001, 67.809998, 68.589996, 68.699997, 69.400002, 69.550003, 69.709999], "next": [71.120003, 63.549999, 63.849998, 63.950001, 63.599998, 63.549999, 63.900002, 64.239998], "curr": [71.120003]}, "15": {"past": [70.019997, 69.790001, 69.599998, 68.980003, 69.150002, 67.970001, 67.739998, 68.730003, 67.779999, 67.970001, 67.809998, 68.589996, 68.699997, 69.400002, 69.550003, 69.709999], "next": [71.120003, 63.549999, 63.849998, 63.950001, 63.599998, 63.549999, 63.900002, 64.239998, 62.34, 62.639998999999996, 63.009997999999996, 62.700001, 62.869999, 62.860001000000004, 62.599998, 63.380001], "curr": [71.120003]}}