{"3": {"past": [74.843498, 75.65999599999999, 74.758026, 75.375175], "next": [65.434647, 62.073666, 63.212993999999995, 63.099056000000004], "curr": [65.434647]}, "7": {"past": [76.865768, 76.40055799999999, 76.448021, 76.362572, 74.843498, 75.65999599999999, 74.758026, 75.375175], "next": [65.434647, 62.073666, 63.212993999999995, 63.099056000000004, 62.69080699999999, 62.453444999999995, 60.43115600000001, 60.43115600000001], "curr": [65.434647]}, "15": {"past": [76.096733, 76.751839, 75.716972, 76.48601500000001, 76.34360500000001, 76.59993, 77.397438, 76.334099, 76.865768, 76.40055799999999, 76.448021, 76.362572, 74.843498, 75.65999599999999, 74.758026, 75.375175], "next": [65.434647, 62.073666, 63.212993999999995, 63.099056000000004, 62.69080699999999, 62.453444999999995, 60.43115600000001, 60.43115600000001, 60.706493, 59.054485, 58.940552000000004, 59.225388, 59.263355000000004, 58.598763, 58.560782999999994, 61.18121], "curr": [65.434647]}}