{"3": {"past": [88.538811, 88.126694, 89.09142299999999, 88.136055], "next": [91.03958100000001, 92.17289, 91.18006899999999, 91.807625], "curr": [91.03958100000001]}, "7": {"past": [89.10078399999999, 88.19225300000001, 87.873817, 87.695847, 88.538811, 88.126694, 89.09142299999999, 88.136055], "next": [91.03958100000001, 92.17289, 91.18006899999999, 91.807625, 90.196648, 90.814796, 90.842995, 91.04091600000001], "curr": [91.03958100000001]}, "15": {"past": [87.489784, 87.040222, 88.248459, 88.707382, 87.171341, 86.97464000000001, 87.4617, 89.821976, 89.10078399999999, 88.19225300000001, 87.873817, 87.695847, 88.538811, 88.126694, 89.09142299999999, 88.136055], "next": [91.03958100000001, 92.17289, 91.18006899999999, 91.807625, 90.196648, 90.814796, 90.842995, 91.04091600000001, 91.050331, 91.65349599999999, 90.371765, 91.42731500000001, 92.209541, 92.190697, 94.47142, 90.814713], "curr": [91.03958100000001]}}