{"3": {"past": [139.020004, 135.199997, 136.66000400000001, 132.009995], "next": [126.07, 128.619995, 127.809998, 119.660004], "curr": [126.07]}, "7": {"past": [140.83999599999999, 143.16000400000001, 140.240005, 140.46000700000002, 139.020004, 135.199997, 136.66000400000001, 132.009995], "next": [126.07, 128.619995, 127.809998, 119.660004, 116.059998, 115.629997, 117.949997, 115.940002], "curr": [126.07]}, "15": {"past": [141.929993, 143.78999299999998, 141.300003, 141.139999, 143.83999599999999, 141.229996, 141.46000700000002, 140.610001, 140.83999599999999, 143.16000400000001, 140.240005, 140.46000700000002, 139.020004, 135.199997, 136.66000400000001, 132.009995], "next": [126.07, 128.619995, 127.809998, 119.660004, 116.059998, 115.629997, 117.949997, 115.940002, 117.41999799999999, 115.389999, 116.370003, 115.16999799999999, 113.449997, 109.980003, 110.339996, 110.33000200000001], "curr": [126.07]}}