{"3": {"past": [116.82, 119.540001, 120.550003, 120.730003], "next": [126.910004, 127.779999, 131.58999599999999, 133.41000400000001], "curr": [126.910004]}, "7": {"past": [118.83000200000001, 118.220001, 120.489998, 118.720001, 116.82, 119.540001, 120.550003, 120.730003], "next": [126.910004, 127.779999, 131.58999599999999, 133.41000400000001, 130.429993, 130.149994, 128.820007, 124.480003], "curr": [126.910004]}, "15": {"past": [118.300003, 116.209999, 115.489998, 115.620003, 117.410004, 116.889999, 114.57, 118.349998, 118.83000200000001, 118.220001, 120.489998, 118.720001, 116.82, 119.540001, 120.550003, 120.730003], "next": [126.910004, 127.779999, 131.58999599999999, 133.41000400000001, 130.429993, 130.149994, 128.820007, 124.480003, 124.699997, 120.949997, 119.040001, 120.08000200000001, 120.93, 120.300003, 116.150002, 116.66999799999999], "curr": [126.910004]}}