{"3": {"past": [158.869995, 161.190002, 158.559998, 158.690002], "next": [157.259995, 173.059998, 167.229996, 169.429993], "curr": [157.259995]}, "7": {"past": [156.21000700000002, 156.020004, 159.279999, 160.169998, 158.869995, 161.190002, 158.559998, 158.690002], "next": [157.259995, 173.059998, 167.229996, 169.429993, 167.990005, 170.46000700000002, 169.300003, 174.009995], "curr": [157.259995]}, "15": {"past": [151.940002, 149.740005, 151.949997, 151.580002, 151.58999599999999, 152.509995, 152.190002, 154.300003, 156.21000700000002, 156.020004, 159.279999, 160.169998, 158.869995, 161.190002, 158.559998, 158.690002], "next": [157.259995, 173.059998, 167.229996, 169.429993, 167.990005, 170.46000700000002, 169.300003, 174.009995, 173.619995, 175.770004, 171.229996, 173.559998, 174.16000400000001, 177.970001, 178.46000700000002, 169.360001], "curr": [157.259995]}}