{"3": {"past": [93.410004, 92.230003, 90.93, 89.980003], "next": [91.690002, 97.25, 95.129997, 95.82], "curr": [91.690002]}, "7": {"past": [90.550003, 91.699997, 92.040001, 91.650002, 93.410004, 92.230003, 90.93, 89.980003], "next": [91.690002, 97.25, 95.129997, 95.82, 93.849998, 93.650002, 94.16999799999999, 95.980003], "curr": [91.690002]}, "15": {"past": [94.08000200000001, 94.790001, 96.129997, 96.0, 95.550003, 96.010002, 95.339996, 94.41999799999999, 90.550003, 91.699997, 92.040001, 91.650002, 93.410004, 92.230003, 90.93, 89.980003], "next": [91.690002, 97.25, 95.129997, 95.82, 93.849998, 93.650002, 94.16999799999999, 95.980003, 96.970001, 97.610001, 98.389999, 99.959999, 100.41999799999999, 101.769997, 101.860001, 101.089996], "curr": [91.690002]}}