{"3": {"past": [118.440002, 120.339996, 118.779999, 119.739998], "next": [120.089996, 134.619995, 133.679993, 134.119995], "curr": [120.089996]}, "7": {"past": [115.18, 116.32, 117.550003, 118.870003, 118.440002, 120.339996, 118.779999, 119.739998], "next": [120.089996, 134.619995, 133.679993, 134.119995, 131.970001, 141.889999, 138.029999, 137.0], "curr": [120.089996]}, "15": {"past": [115.610001, 114.800003, 115.190002, 114.739998, 114.730003, 114.949997, 114.110001, 113.730003, 115.18, 116.32, 117.550003, 118.870003, 118.440002, 120.339996, 118.779999, 119.739998], "next": [120.089996, 134.619995, 133.679993, 134.119995, 131.970001, 141.889999, 138.029999, 137.0, 138.169998, 137.009995, 137.46000700000002, 138.669998, 138.46000700000002, 138.610001, 136.080002, 137.690002], "curr": [120.089996]}}