{"3": {"past": [75.892616, 76.21408100000001, 76.71086899999999, 77.65576899999999], "next": [78.532455, 76.603714, 75.688057, 75.61013], "curr": [78.532455]}, "7": {"past": [74.256126, 73.973625, 74.84058399999999, 75.70755, 75.892616, 76.21408100000001, 76.71086899999999, 77.65576899999999], "next": [78.532455, 76.603714, 75.688057, 75.61013, 75.278931, 75.347122, 75.49323299999999, 74.811378], "curr": [78.532455]}, "15": {"past": [72.960571, 72.210495, 72.765739, 72.756012, 72.68780500000001, 73.340477, 73.291748, 73.165115, 74.256126, 73.973625, 74.84058399999999, 75.70755, 75.892616, 76.21408100000001, 76.71086899999999, 77.65576899999999], "next": [78.532455, 76.603714, 75.688057, 75.61013, 75.278931, 75.347122, 75.49323299999999, 74.811378, 74.98670200000001, 74.84058399999999, 75.288689, 74.743179, 75.23996700000001, 76.447861, 75.015915, 75.317894], "curr": [78.532455]}}