{"3": {"past": [65.44567099999999, 65.455383, 65.144341, 65.708099], "next": [69.722511, 69.907196, 69.45034, 69.090714], "curr": [69.722511]}, "7": {"past": [63.997364000000005, 63.832122999999996, 64.094574, 63.783508, 65.44567099999999, 65.455383, 65.144341, 65.708099], "next": [69.722511, 69.907196, 69.45034, 69.090714, 69.819725, 70.888947, 71.219421, 72.424713], "curr": [69.722511]}, "15": {"past": [64.61945300000001, 64.71664399999999, 63.336383999999995, 63.248913, 64.561127, 64.736092, 64.104286, 64.658325, 63.997364000000005, 63.832122999999996, 64.094574, 63.783508, 65.44567099999999, 65.455383, 65.144341, 65.708099], "next": [69.722511, 69.907196, 69.45034, 69.090714, 69.819725, 70.888947, 71.219421, 72.424713, 71.987305, 71.880394, 71.880394, 71.540192, 70.558456, 71.62767, 71.890106, 71.754028], "curr": [69.722511]}}