{"3": {"past": [241.33737200000002, 240.68875099999997, 240.56472799999997, 238.63792400000003], "next": [238.809601, 231.45532200000002, 230.091293, 228.679581], "curr": [238.809601]}, "7": {"past": [241.823837, 242.873093, 244.332504, 242.43432599999997, 241.33737200000002, 240.68875099999997, 240.56472799999997, 238.63792400000003], "next": [238.809601, 231.45532200000002, 230.091293, 228.679581, 226.991241, 221.487427, 222.13607799999997, 221.90716600000002], "curr": [238.809601]}, "15": {"past": [234.25967400000002, 232.867065, 234.50769, 236.11018399999998, 234.39323399999998, 235.04185499999997, 237.579163, 239.391464, 241.823837, 242.873093, 244.332504, 242.43432599999997, 241.33737200000002, 240.68875099999997, 240.56472799999997, 238.63792400000003], "next": [238.809601, 231.45532200000002, 230.091293, 228.679581, 226.991241, 221.487427, 222.13607799999997, 221.90716600000002, 220.47634900000003, 218.132263, 215.05152900000002, 214.305252, 213.3293, 214.075577, 212.659607, 214.027771], "curr": [238.809601]}}