{"3": {"past": [222.36164900000003, 220.34857200000002, 218.585953, 219.97293100000002], "next": [224.230225, 230.55835, 230.51985200000001, 230.972534], "curr": [224.230225]}, "7": {"past": [217.89242599999997, 218.24884, 216.524704, 212.03624, 222.36164900000003, 220.34857200000002, 218.585953, 219.97293100000002], "next": [224.230225, 230.55835, 230.51985200000001, 230.972534, 227.139069, 224.027954, 223.295914, 216.20683300000002], "curr": [224.230225]}, "15": {"past": [211.766571, 212.48892200000003, 213.39433300000002, 215.465225, 217.439758, 217.40124500000002, 218.354752, 217.89242599999997, 217.89242599999997, 218.24884, 216.524704, 212.03624, 222.36164900000003, 220.34857200000002, 218.585953, 219.97293100000002], "next": [224.230225, 230.55835, 230.51985200000001, 230.972534, 227.139069, 224.027954, 223.295914, 216.20683300000002, 215.49409500000002, 217.873169, 217.911713, 217.285629, 222.19787599999998, 221.26358, 221.157654, 219.520248], "curr": [224.230225]}}