{"3": {"past": [220.61419700000002, 218.70040899999998, 216.46124300000002, 217.465973], "next": [212.14558399999999, 212.767609, 218.34635899999998, 218.537704], "curr": [212.14558399999999]}, "7": {"past": [227.312546, 220.087875, 221.638092, 220.298447, 220.61419700000002, 218.70040899999998, 216.46124300000002, 217.465973], "next": [212.14558399999999, 212.767609, 218.34635899999998, 218.537704, 220.461075, 216.24115, 218.308044, 216.72915600000002], "curr": [212.14558399999999]}, "15": {"past": [222.968185, 227.53259300000002, 225.65707400000002, 226.13555899999997, 227.3508, 225.121216, 224.48967000000002, 225.513565, 227.312546, 220.087875, 221.638092, 220.298447, 220.61419700000002, 218.70040899999998, 216.46124300000002, 217.465973], "next": [212.14558399999999, 212.767609, 218.34635899999998, 218.537704, 220.461075, 216.24115, 218.308044, 216.72915600000002, 215.408615, 216.030609, 218.786514, 217.24591099999998, 218.49272200000001, 220.00811800000002, 221.13984700000003, 221.945496], "curr": [212.14558399999999]}}