{"3": {"past": [225.30235299999998, 228.755096, 228.26596099999998, 230.797974], "next": [249.960815, 248.89621, 250.200592, 252.25303599999998], "curr": [249.960815]}, "7": {"past": [240.772614, 237.53085299999998, 228.59204100000002, 229.12915, 225.30235299999998, 228.755096, 228.26596099999998, 230.797974], "next": [249.960815, 248.89621, 250.200592, 252.25303599999998, 251.60089100000002, 249.884094, 239.420319, 243.112823], "curr": [249.960815]}, "15": {"past": [234.691956, 235.296188, 238.700958, 238.81605499999998, 240.09166000000002, 240.70549, 240.02453599999998, 242.997742, 240.772614, 237.53085299999998, 228.59204100000002, 229.12915, 225.30235299999998, 228.755096, 228.26596099999998, 230.797974], "next": [249.960815, 248.89621, 250.200592, 252.25303599999998, 251.60089100000002, 249.884094, 239.420319, 243.112823, 245.43386800000002, 243.870529, 243.304642, 245.04064900000003, 246.834122, 249.56753500000002, 247.98510699999997, 241.315521], "curr": [249.960815]}}