{"3": {"past": [57.288727, 56.848053, 56.521946, 56.22228199999999], "next": [57.985012, 57.218227, 56.451443000000005, 56.601273], "curr": [57.985012]}, "7": {"past": [57.614838, 57.174152, 57.12126899999999, 56.733475, 57.288727, 56.848053, 56.521946, 56.22228199999999], "next": [57.985012, 57.218227, 56.451443000000005, 56.601273, 57.02431899999999, 56.319233, 56.328044999999996, 55.922615], "curr": [57.985012]}, "15": {"past": [55.957874, 56.239909999999995, 55.129387, 56.028381, 57.297546, 57.174152, 57.59721, 57.332802, 57.614838, 57.174152, 57.12126899999999, 56.733475, 57.288727, 56.848053, 56.521946, 56.22228199999999], "next": [57.985012, 57.218227, 56.451443000000005, 56.601273, 57.02431899999999, 56.319233, 56.328044999999996, 55.922615, 56.680588, 56.92736800000001, 56.856868999999996, 57.306362, 58.029072, 57.932137, 57.517891000000006, 58.064331], "curr": [57.985012]}}