{"3": {"past": [61.856449, 61.873753, 62.090004, 61.242309999999996], "next": [61.268253, 60.740601, 60.818439, 61.3461], "curr": [61.268253]}, "7": {"past": [61.769951, 61.821845999999994, 62.756054000000006, 62.65226, 61.856449, 61.873753, 62.090004, 61.242309999999996], "next": [61.268253, 60.740601, 60.818439, 61.3461, 61.164455000000004, 60.801147, 60.818439, 60.965504], "curr": [61.268253]}, "15": {"past": [62.029461, 62.072704, 62.349514, 62.418716, 61.674801, 62.54845400000001, 62.574408999999996, 62.375457999999995, 61.769951, 61.821845999999994, 62.756054000000006, 62.65226, 61.856449, 61.873753, 62.090004, 61.242309999999996], "next": [61.268253, 60.740601, 60.818439, 61.3461, 61.164455000000004, 60.801147, 60.818439, 60.965504, 61.112556000000005, 61.129847999999996, 61.372051, 61.026054, 61.017403, 61.328796, 62.314899, 62.392754000000004], "curr": [61.268253]}}