{"3": {"past": [64.026596, 63.346394, 62.997569999999996, 62.55283000000001], "next": [64.497505, 58.375656000000006, 56.6577, 57.11989200000001], "curr": [64.497505]}, "7": {"past": [63.983002, 63.948112, 64.139969, 64.174835, 64.026596, 63.346394, 62.997569999999996, 62.55283000000001], "next": [64.497505, 58.375656000000006, 56.6577, 57.11989200000001, 57.16349399999999, 57.154778, 57.137333, 57.547194999999995], "curr": [64.497505]}, "15": {"past": [65.06435400000001, 64.81145500000001, 64.75041999999999, 64.262062, 64.035324, 64.436462, 64.078926, 64.47135899999999, 63.983002, 63.948112, 64.139969, 64.174835, 64.026596, 63.346394, 62.997569999999996, 62.55283000000001], "next": [64.497505, 58.375656000000006, 56.6577, 57.11989200000001, 57.16349399999999, 57.154778, 57.137333, 57.547194999999995, 57.015243999999996, 56.954197, 56.48328000000001, 56.082133999999996, 56.54433100000001, 56.945488, 57.076283, 56.073425], "curr": [64.497505]}}