{"3": {"past": [835.77002, 830.380005, 823.47998, 832.349976], "next": [839.9500119999999, 810.200012, 807.6400150000001, 812.5], "curr": [839.9500119999999]}, "7": {"past": [817.880005, 822.4400019999999, 836.52002, 839.150024, 835.77002, 830.380005, 823.47998, 832.349976], "next": [839.9500119999999, 810.200012, 807.6400150000001, 812.5, 819.710022, 821.3599849999999, 827.460022, 836.530029], "curr": [839.9500119999999]}, "15": {"past": [795.900024, 799.02002, 813.6400150000001, 817.1400150000001, 809.719971, 807.47998, 809.039978, 808.330017, 817.880005, 822.4400019999999, 836.52002, 839.150024, 835.77002, 830.380005, 823.47998, 832.349976], "next": [839.9500119999999, 810.200012, 807.6400150000001, 812.5, 819.710022, 821.3599849999999, 827.460022, 836.530029, 836.3900150000001, 842.7000119999999, 844.1400150000001, 845.070007, 856.4400019999999, 855.6099849999999, 852.1900019999999, 845.23999], "curr": [839.9500119999999]}}