{"3": {"past": [898.5300289999999, 907.409973, 907.6199949999999, 909.2899779999999], "next": [918.3800050000001, 924.98999, 948.2299800000001, 946.9400019999999], "curr": [918.3800050000001]}, "7": {"past": [901.98999, 903.7800289999999, 899.2000119999999, 902.0599980000001, 898.5300289999999, 907.409973, 907.6199949999999, 909.2899779999999], "next": [918.3800050000001, 924.98999, 948.2299800000001, 946.9400019999999, 941.0300289999999, 937.5300289999999, 934.150024, 949.0399779999999], "curr": [918.3800050000001]}, "15": {"past": [906.830017, 909.2800289999999, 898.2800289999999, 894.8800050000001, 907.0399779999999, 902.3599849999999, 896.2299800000001, 884.669983, 901.98999, 903.7800289999999, 899.2000119999999, 902.0599980000001, 898.5300289999999, 907.409973, 907.6199949999999, 909.2899779999999], "next": [918.3800050000001, 924.98999, 948.2299800000001, 946.9400019999999, 941.0300289999999, 937.5300289999999, 934.150024, 949.0399779999999, 952.820007, 948.9500119999999, 947.6199949999999, 961.349976, 957.9699710000001, 966.070007, 944.76001, 958.48999], "curr": [918.3800050000001]}}