{"3": {"past": [73.66642, 72.821007, 73.656807, 72.811386], "next": [72.58081800000001, 76.875153, 76.46204399999999, 77.28825400000001], "curr": [72.58081800000001]}, "7": {"past": [74.857681, 74.71356999999999, 74.44458, 74.223625, 73.66642, 72.821007, 73.656807, 72.811386], "next": [72.58081800000001, 76.875153, 76.46204399999999, 77.28825400000001, 77.461182, 77.355492, 77.172958, 76.135406], "curr": [72.58081800000001]}, "15": {"past": [74.24542199999999, 75.240471, 74.86734799999999, 75.78582800000001, 75.690155, 75.192619, 74.87690699999999, 74.703964, 74.857681, 74.71356999999999, 74.44458, 74.223625, 73.66642, 72.821007, 73.656807, 72.811386], "next": [72.58081800000001, 76.875153, 76.46204399999999, 77.28825400000001, 77.461182, 77.355492, 77.172958, 76.135406, 76.116196, 76.414017, 75.731934, 75.251564, 75.241959, 75.088249, 75.357239, 75.55899000000001], "curr": [72.58081800000001]}}