{"3": {"past": [72.98835, 73.51393900000001, 73.533058, 73.217712], "next": [69.978241, 71.478531, 71.53585799999999, 71.583641], "curr": [69.978241]}, "7": {"past": [78.86528, 78.215477, 78.56905400000001, 75.27223199999999, 72.98835, 73.51393900000001, 73.533058, 73.217712], "next": [69.978241, 71.478531, 71.53585799999999, 71.583641, 71.679199, 71.927658, 71.669632, 72.05188000000001], "curr": [69.978241]}, "15": {"past": [76.75341800000001, 77.21210500000001, 75.912491, 75.49204300000001, 76.399849, 76.91585500000001, 78.549927, 79.51508299999999, 78.86528, 78.215477, 78.56905400000001, 75.27223199999999, 72.98835, 73.51393900000001, 73.533058, 73.217712], "next": [69.978241, 71.478531, 71.53585799999999, 71.583641, 71.679199, 71.927658, 71.669632, 72.05188000000001, 72.05188000000001, 74.087303, 76.743851, 75.697296, 74.372314, 76.29258, 78.15525799999999, 77.99204300000001], "curr": [69.978241]}}