{"3": {"past": [48.241222, 48.350594, 47.986034000000004, 47.885773], "next": [48.250336, 48.642241999999996, 49.116177, 49.189098], "curr": [48.250336]}, "7": {"past": [47.986034000000004, 48.013366999999995, 48.414394, 48.213882, 48.241222, 48.350594, 47.986034000000004, 47.885773], "next": [48.250336, 48.642241999999996, 49.116177, 49.189098, 49.280239, 49.745049, 49.480751, 49.845314], "curr": [48.250336]}, "15": {"past": [47.302467, 47.466515, 47.229546, 47.111061, 47.986034000000004, 47.165752000000005, 47.931343, 48.02248, 47.986034000000004, 48.013366999999995, 48.414394, 48.213882, 48.241222, 48.350594, 47.986034000000004, 47.885773], "next": [48.250336, 48.642241999999996, 49.116177, 49.189098, 49.280239, 49.745049, 49.480751, 49.845314, 49.909110999999996, 50.237217, 50.027592, 50.027592, 49.963795000000005, 49.325806, 49.325806, 49.518768], "curr": [48.250336]}}