{"3": {"past": [82.324455, 82.237656, 82.17981, 82.469109], "next": [82.864487, 82.30516800000001, 82.536591, 81.967651], "curr": [82.864487]}, "7": {"past": [81.321556, 81.292625, 81.157623, 81.79406, 82.324455, 82.237656, 82.17981, 82.469109], "next": [82.864487, 82.30516800000001, 82.536591, 81.967651, 82.363029, 82.25695, 80.858673, 81.77478], "curr": [82.864487]}, "15": {"past": [79.699608, 79.81488, 80.669922, 80.343262, 80.929298, 81.755486, 81.86158, 80.752602, 81.321556, 81.292625, 81.157623, 81.79406, 82.324455, 82.237656, 82.17981, 82.469109], "next": [82.864487, 82.30516800000001, 82.536591, 81.967651, 82.363029, 82.25695, 80.858673, 81.77478, 82.189453, 82.199081, 82.25695, 82.488396, 82.903046, 82.787323, 82.874123, 82.633049], "curr": [82.864487]}}