{"3": {"past": [89.38775600000001, 89.245064, 88.446014, 86.819405], "next": [77.725578, 76.888489, 76.650673, 76.412865], "curr": [77.725578]}, "7": {"past": [88.58871500000001, 90.034592, 89.616035, 88.255775, 89.38775600000001, 89.245064, 88.446014, 86.819405], "next": [77.725578, 76.888489, 76.650673, 76.412865, 75.908722, 75.033569, 76.11799599999999, 76.175049], "curr": [77.725578]}, "15": {"past": [88.664803, 88.331863, 88.426994, 88.189178, 86.914528, 86.724266, 87.46623199999999, 87.152328, 88.58871500000001, 90.034592, 89.616035, 88.255775, 89.38775600000001, 89.245064, 88.446014, 86.819405], "next": [77.725578, 76.888489, 76.650673, 76.412865, 75.908722, 75.033569, 76.11799599999999, 76.175049, 76.098961, 76.12751, 76.390289, 75.10979499999999, 74.57465400000001, 75.711815, 74.670212, 74.918663], "curr": [77.725578]}}