{"3": {"past": [80.973824, 78.671906, 77.766182, 78.88887], "next": [82.34180500000001, 83.59655, 83.06823, 84.228638], "curr": [82.34180500000001]}, "7": {"past": [80.634209, 79.01151999999999, 80.07757600000001, 79.634178, 80.973824, 78.671906, 77.766182, 78.88887], "next": [82.34180500000001, 83.59655, 83.06823, 84.228638, 84.889038, 85.219223, 85.917358, 86.464539], "curr": [82.34180500000001]}, "15": {"past": [80.00210600000001, 80.64364599999999, 80.030411, 76.917137, 79.11529499999999, 79.832306, 81.124786, 80.671944, 80.634209, 79.01151999999999, 80.07757600000001, 79.634178, 80.973824, 78.671906, 77.766182, 78.88887], "next": [82.34180500000001, 83.59655, 83.06823, 84.228638, 84.889038, 85.219223, 85.917358, 86.464539, 86.011688, 85.360748, 85.681511, 86.021156, 85.552254, 85.96905500000001, 86.20585600000001, 86.518417], "curr": [82.34180500000001]}}