{"3": {"past": [77.71884200000001, 78.135582, 78.296616, 78.306084], "next": [81.962334, 81.35611, 82.01915699999999, 82.919014], "curr": [81.962334]}, "7": {"past": [76.667412, 77.188377, 76.96102900000001, 77.785126, 77.71884200000001, 78.135582, 78.296616, 78.306084], "next": [81.962334, 81.35611, 82.01915699999999, 82.919014, 83.48734300000001, 84.16933399999999, 84.06514, 85.173378], "curr": [81.962334]}, "15": {"past": [83.23159, 82.237022, 82.094933, 82.066521, 78.20188900000001, 77.529381, 78.021935, 76.970512, 76.667412, 77.188377, 76.96102900000001, 77.785126, 77.71884200000001, 78.135582, 78.296616, 78.306084], "next": [81.962334, 81.35611, 82.01915699999999, 82.919014, 83.48734300000001, 84.16933399999999, 84.06514, 85.173378, 84.41561899999999, 81.725525, 82.46273000000001, 84.812302, 85.116692, 84.840828, 85.58279399999999, 86.667213], "curr": [81.962334]}}