{"3": {"past": [88.682907, 89.89295200000001, 89.02170600000001, 88.760345], "next": [89.137886, 88.963631, 89.147552, 89.428299], "curr": [89.137886]}, "7": {"past": [88.62481700000001, 88.760345, 88.953949, 89.02170600000001, 88.682907, 89.89295200000001, 89.02170600000001, 88.760345], "next": [89.137886, 88.963631, 89.147552, 89.428299, 90.861, 90.54155, 92.63253, 92.729355], "curr": [89.137886]}, "15": {"past": [85.526016, 86.29746999999999, 86.924286, 87.232857, 87.310028, 88.168274, 87.763245, 88.247276, 88.62481700000001, 88.760345, 88.953949, 89.02170600000001, 88.682907, 89.89295200000001, 89.02170600000001, 88.760345], "next": [89.137886, 88.963631, 89.147552, 89.428299, 90.861, 90.54155, 92.63253, 92.729355, 92.032349, 92.467964, 92.729355, 92.913261, 93.348885, 93.213364, 92.322762, 92.090401], "curr": [89.137886]}}