{"3": {"past": [60.458828000000004, 60.704197, 60.439201000000004, 60.478455000000004], "next": [63.0401, 63.206959, 63.324734, 63.000854000000004], "curr": [63.0401]}, "7": {"past": [59.781612, 60.076046, 60.635490000000004, 60.370499, 60.458828000000004, 60.704197, 60.439201000000004, 60.478455000000004], "next": [63.0401, 63.206959, 63.324734, 63.000854000000004, 62.618072999999995, 62.382515000000005, 61.577713, 61.420673], "curr": [63.0401]}, "15": {"past": [60.478455000000004, 61.067344999999996, 60.61585600000001, 60.753268999999996, 60.723827, 60.272343000000006, 60.478455000000004, 60.007346999999996, 59.781612, 60.076046, 60.635490000000004, 60.370499, 60.458828000000004, 60.704197, 60.439201000000004, 60.478455000000004], "next": [63.0401, 63.206959, 63.324734, 63.000854000000004, 62.618072999999995, 62.382515000000005, 61.577713, 61.420673, 61.95066800000001, 61.940856999999994, 61.940856999999994, 61.62678100000001, 61.773998, 61.224373, 61.773998, 61.302902], "curr": [63.0401]}}