{"3": {"past": [49.986568, 49.937653000000005, 50.397495, 50.544253999999995], "next": [50.563835, 51.219349, 51.982513, 52.364086], "curr": [50.563835]}, "7": {"past": [51.053028000000005, 50.691025, 50.280094, 49.996353000000006, 49.986568, 49.937653000000005, 50.397495, 50.544253999999995], "next": [50.563835, 51.219349, 51.982513, 52.364086, 52.510844999999996, 52.422791, 53.107673999999996, 53.19574], "curr": [50.563835]}, "15": {"past": [49.565857, 49.194065, 49.614773, 49.585423, 49.71262, 49.370182, 50.074631, 51.268276, 51.053028000000005, 50.691025, 50.280094, 49.996353000000006, 49.986568, 49.937653000000005, 50.397495, 50.544253999999995], "next": [50.563835, 51.219349, 51.982513, 52.364086, 52.510844999999996, 52.422791, 53.107673999999996, 53.19574, 53.322926, 53.958893, 54.115432999999996, 53.313141, 53.450123, 53.322926, 52.804375, 54.06650500000001], "curr": [50.563835]}}