{"3": {"past": [165.48242199999999, 165.611725, 166.433701, 167.218719], "next": [167.061722, 162.443985, 158.989838, 161.19714399999998], "curr": [167.061722]}, "7": {"past": [161.658875, 163.58914199999998, 163.838501, 163.912384, 165.48242199999999, 165.611725, 166.433701, 167.218719], "next": [167.061722, 162.443985, 158.989838, 161.19714399999998, 161.169434, 160.81848100000002, 161.12326000000002, 160.86467], "curr": [167.061722]}, "15": {"past": [159.063751, 159.590164, 160.938522, 158.592728, 158.324875, 159.03604099999998, 160.070419, 160.024216, 161.658875, 163.58914199999998, 163.838501, 163.912384, 165.48242199999999, 165.611725, 166.433701, 167.218719], "next": [167.061722, 162.443985, 158.989838, 161.19714399999998, 161.169434, 160.81848100000002, 161.12326000000002, 160.86467, 160.559891, 161.2341, 160.41210900000002, 160.282837, 156.18223600000002, 156.477768, 158.54650900000001, 158.100235], "curr": [167.061722]}}