{"3": {"past": [171.191589, 170.113052, 167.853714, 167.70488], "next": [165.03642299999998, 164.125259, 162.972321, 162.33076499999999], "curr": [165.03642299999998]}, "7": {"past": [170.159515, 169.12747199999998, 173.11625700000002, 173.199921, 171.191589, 170.113052, 167.853714, 167.70488], "next": [165.03642299999998, 164.125259, 162.972321, 162.33076499999999, 162.916519, 163.10249299999998, 160.30386399999998, 161.26152], "curr": [165.03642299999998]}, "15": {"past": [174.08320600000002, 175.347702, 173.729919, 172.77221699999998, 172.437515, 172.74430800000002, 171.219482, 169.92704799999998, 170.159515, 169.12747199999998, 173.11625700000002, 173.199921, 171.191589, 170.113052, 167.853714, 167.70488], "next": [165.03642299999998, 164.125259, 162.972321, 162.33076499999999, 162.916519, 163.10249299999998, 160.30386399999998, 161.26152, 158.806915, 161.298676, 161.391678, 161.782166, 160.248032, 159.45773300000002, 158.183929, 157.486603], "curr": [165.03642299999998]}}