{"3": {"past": [161.934341, 161.67421000000002, 162.261948, 166.164063], "next": [172.494232, 171.79089399999998, 171.395874, 172.658035], "curr": [172.494232]}, "7": {"past": [158.96679699999999, 160.845566, 160.296417, 160.701065, 161.934341, 161.67421000000002, 162.261948, 166.164063], "next": [172.494232, 171.79089399999998, 171.395874, 172.658035, 174.652481, 173.371017, 173.322845, 173.71788], "curr": [172.494232]}, "15": {"past": [160.412018, 159.65086399999998, 158.73555, 159.86283899999998, 160.19039899999999, 161.32736200000002, 161.317703, 160.35420200000002, 158.96679699999999, 160.845566, 160.296417, 160.701065, 161.934341, 161.67421000000002, 162.261948, 166.164063], "next": [172.494232, 171.79089399999998, 171.395874, 172.658035, 174.652481, 173.371017, 173.322845, 173.71788, 173.265045, 171.241699, 173.554077, 176.049545, 174.81625400000001, 175.644867, 174.20924399999998, 169.69044499999998], "curr": [172.494232]}}