{"3": {"past": [146.26148999999998, 147.173218, 147.969788, 147.93138100000002], "next": [154.313522, 151.309631, 152.67244, 150.49383500000002], "curr": [154.313522]}, "7": {"past": [144.562759, 144.111725, 144.178879, 147.51873799999998, 146.26148999999998, 147.173218, 147.969788, 147.93138100000002], "next": [154.313522, 151.309631, 152.67244, 150.49383500000002, 152.202133, 152.21173100000001, 155.167679, 155.78192099999998], "curr": [154.313522]}, "15": {"past": [137.03855900000002, 140.445572, 139.9561, 142.221054, 142.547333, 140.839035, 141.290146, 142.144272, 144.562759, 144.111725, 144.178879, 147.51873799999998, 146.26148999999998, 147.173218, 147.969788, 147.93138100000002], "next": [154.313522, 151.309631, 152.67244, 150.49383500000002, 152.202133, 152.21173100000001, 155.167679, 155.78192099999998, 156.933563, 156.741638, 156.137024, 157.173508, 153.795303, 157.605392, 156.693634, 157.317444], "curr": [154.313522]}}