{"3": {"past": [184.367188, 184.328522, 184.666931, 184.260849], "next": [178.856201, 177.434952, 181.563354, 180.035736], "curr": [178.856201]}, "7": {"past": [186.175186, 185.720764, 183.168335, 183.980469, 184.367188, 184.328522, 184.666931, 184.260849], "next": [178.856201, 177.434952, 181.563354, 180.035736, 180.480499, 182.684875, 185.092331, 184.164124], "curr": [178.856201]}, "15": {"past": [183.31333899999998, 184.90863000000002, 183.97079499999998, 185.256699, 185.749802, 185.730423, 187.122696, 186.16554299999999, 186.175186, 185.720764, 183.168335, 183.980469, 184.367188, 184.328522, 184.666931, 184.260849], "next": [178.856201, 177.434952, 181.563354, 180.035736, 180.480499, 182.684875, 185.092331, 184.164124, 184.289871, 185.614426, 186.45559699999998, 183.429352, 183.148987, 184.966644, 186.590927, 186.93901100000002], "curr": [178.856201]}}