{"3": {"past": [147.810898, 148.238968, 147.528748, 147.10073899999998], "next": [142.207428, 139.55161999999999, 139.88320900000002, 139.307816], "curr": [142.207428]}, "7": {"past": [145.145355, 145.534515, 146.721329, 147.42173799999998, 147.810898, 148.238968, 147.528748, 147.10073899999998], "next": [142.207428, 139.55161999999999, 139.88320900000002, 139.307816, 135.523773, 135.211655, 136.71357700000002, 136.742859], "curr": [142.207428]}, "15": {"past": [142.654938, 142.849487, 143.34565700000002, 143.618057, 143.75422700000001, 145.184311, 145.32046499999998, 145.874985, 145.145355, 145.534515, 146.721329, 147.42173799999998, 147.810898, 148.238968, 147.528748, 147.10073899999998], "next": [142.207428, 139.55161999999999, 139.88320900000002, 139.307816, 135.523773, 135.211655, 136.71357700000002, 136.742859, 137.38652, 139.912506, 139.707672, 138.381302, 139.99049399999998, 139.29806499999998, 137.786392, 137.688873], "curr": [142.207428]}}