{"3": {"past": [116.759552, 117.59396399999999, 118.632149, 119.156075], "next": [120.601753, 120.397995, 120.601753, 120.54353300000001], "curr": [120.601753]}, "7": {"past": [116.565514, 116.274445, 116.711037, 116.35205800000001, 116.759552, 117.59396399999999, 118.632149, 119.156075], "next": [120.601753, 120.397995, 120.601753, 120.54353300000001, 122.01831100000001, 122.23175800000001, 122.23175800000001, 122.920631], "curr": [120.601753]}, "15": {"past": [115.16163600000002, 114.97783700000001, 115.22934, 116.622307, 114.56188200000001, 115.15194699999999, 116.1483, 116.1483, 116.565514, 116.274445, 116.711037, 116.35205800000001, 116.759552, 117.59396399999999, 118.632149, 119.156075], "next": [120.601753, 120.397995, 120.601753, 120.54353300000001, 122.01831100000001, 122.23175800000001, 122.23175800000001, 122.920631, 123.49306499999999, 124.55064399999999, 124.73499299999999, 125.346245, 126.442619, 126.141861, 126.82103700000002, 127.015083], "curr": [120.601753]}}