{"3": {"past": [38.093323, 38.158775, 38.682384000000006, 39.486515000000004], "next": [38.972256, 39.97274, 42.76849, 42.254222999999996], "curr": [38.972256]}, "7": {"past": [37.681908, 37.532299, 36.943226, 37.018032, 38.093323, 38.158775, 38.682384000000006, 39.486515000000004], "next": [38.972256, 39.97274, 42.76849, 42.254222999999996, 41.618393, 42.300979999999996, 41.263088, 40.664665], "curr": [38.972256]}, "15": {"past": [39.001354, 38.490134999999995, 38.666740000000004, 39.71706, 39.744949, 39.6427, 39.177963, 38.831996999999994, 37.681908, 37.532299, 36.943226, 37.018032, 38.093323, 38.158775, 38.682384000000006, 39.486515000000004], "next": [38.972256, 39.97274, 42.76849, 42.254222999999996, 41.618393, 42.300979999999996, 41.263088, 40.664665, 39.159256, 38.364475, 37.859562, 38.50473, 38.401886, 38.747845, 38.841353999999995, 38.467327000000004], "curr": [38.972256]}}