{"3": {"past": [50.83213, 51.006931, 51.420952, 50.519321000000005], "next": [48.743649, 49.139256, 48.697643, 48.384827], "curr": [48.743649]}, "7": {"past": [52.79180899999999, 52.607806999999994, 51.062145, 51.144936, 50.83213, 51.006931, 51.420952, 50.519321000000005], "next": [48.743649, 49.139256, 48.697643, 48.384827, 48.716045, 47.768402, 47.924809, 48.016811], "curr": [48.743649]}, "15": {"past": [55.036705000000005, 53.159831999999994, 54.365081999999994, 54.87110500000001, 53.242633999999995, 52.469803000000006, 52.377804, 52.368587, 52.79180899999999, 52.607806999999994, 51.062145, 51.144936, 50.83213, 51.006931, 51.420952, 50.519321000000005], "next": [48.743649, 49.139256, 48.697643, 48.384827, 48.716045, 47.768402, 47.924809, 48.016811, 47.179584999999996, 45.459106, 46.581554, 46.213535, 46.149128000000005, 46.305546, 46.986366, 46.995567], "curr": [48.743649]}}