{"3": {"past": [39.511238, 39.709835, 39.709835, 39.736912], "next": [40.251457, 39.2314, 39.303622999999995, 39.565403], "curr": [40.251457]}, "7": {"past": [40.215346999999994, 40.188274, 39.836205, 39.953564, 39.511238, 39.709835, 39.709835, 39.736912], "next": [40.251457, 39.2314, 39.303622999999995, 39.565403, 39.457073, 39.475124, 40.143135, 40.097664], "curr": [40.251457]}, "15": {"past": [39.321671, 40.341721, 40.57642, 40.170212, 40.377834, 40.359776000000004, 40.314640000000004, 40.802105, 40.215346999999994, 40.188274, 39.836205, 39.953564, 39.511238, 39.709835, 39.709835, 39.736912], "next": [40.251457, 39.2314, 39.303622999999995, 39.565403, 39.457073, 39.475124, 40.143135, 40.097664, 40.634113, 40.743233000000004, 40.661407000000004, 40.997826, 41.152390000000004, 41.252407, 42.707198999999996, 42.288944], "curr": [40.251457]}}