{"3": {"past": [40.105732, 39.708736, 39.764126, 39.52409], "next": [37.732994, 37.502178, 37.077488, 36.726662], "curr": [37.732994]}, "7": {"past": [39.98571, 40.15189, 40.225753999999995, 40.373466, 40.105732, 39.708736, 39.764126, 39.52409], "next": [37.732994, 37.502178, 37.077488, 36.726662, 36.255802, 36.505074, 36.745117, 36.560474], "curr": [37.732994]}, "15": {"past": [39.339443, 39.708736, 39.967242999999996, 40.105732, 40.622741999999995, 40.345776, 40.318069, 39.98571, 39.98571, 40.15189, 40.225753999999995, 40.373466, 40.105732, 39.708736, 39.764126, 39.52409], "next": [37.732994, 37.502178, 37.077488, 36.726662, 36.255802, 36.505074, 36.745117, 36.560474, 36.865139, 36.689724, 36.735893, 36.261215, 36.475281, 36.68935, 36.484589, 36.614891], "curr": [37.732994]}}