{"3": {"past": [41.161484, 41.625195, 41.597916, 41.579735], "next": [37.888206, 37.560879, 38.551956, 38.579235], "curr": [37.888206]}, "7": {"past": [40.825066, 40.743233000000004, 41.261505, 41.443359, 41.161484, 41.625195, 41.597916, 41.579735], "next": [37.888206, 37.560879, 38.551956, 38.579235, 39.061127, 38.515591, 38.451941999999995, 38.21553], "curr": [37.888206]}, "15": {"past": [40.815971000000005, 40.906895, 40.497738, 40.597755, 40.26133, 40.625031, 41.288784, 40.552288, 40.825066, 40.743233000000004, 41.261505, 41.443359, 41.161484, 41.625195, 41.597916, 41.579735], "next": [37.888206, 37.560879, 38.551956, 38.579235, 39.061127, 38.515591, 38.451941999999995, 38.21553, 38.151894, 38.315548, 38.388844, 38.040690999999995, 37.848289, 38.022358000000004, 38.022358000000004, 39.433319], "curr": [37.888206]}}