{"3": {"past": [38.214766999999995, 38.2789, 38.2789, 38.645386], "next": [39.671532, 38.929409, 39.048515, 39.021023], "curr": [39.671532]}, "7": {"past": [37.949073999999996, 37.802479, 37.91243, 38.443825, 38.214766999999995, 38.2789, 38.2789, 38.645386], "next": [39.671532, 38.929409, 39.048515, 39.021023, 38.883598, 38.700352, 38.929409, 38.590405], "curr": [39.671532]}, "15": {"past": [37.390198, 36.913761, 37.472649, 37.91243, 38.004044, 38.113987, 37.729183, 37.820808, 37.949073999999996, 37.802479, 37.91243, 38.443825, 38.214766999999995, 38.2789, 38.2789, 38.645386], "next": [39.671532, 38.929409, 39.048515, 39.021023, 38.883598, 38.700352, 38.929409, 38.590405, 37.802479, 38.434666, 38.822418, 38.914745, 38.471588, 38.102287, 38.370026, 38.517746], "curr": [39.671532]}}