{"3": {"past": [34.394913, 34.488911, 34.121452000000005, 34.198364], "next": [34.130001, 34.557274, 34.104366, 33.865101], "curr": [34.130001]}, "7": {"past": [34.659817, 34.420544, 34.437634, 34.394913, 34.394913, 34.488911, 34.121452000000005, 34.198364], "next": [34.130001, 34.557274, 34.104366, 33.865101, 33.412193, 33.284015999999994, 32.814026, 32.480759], "curr": [34.130001]}, "15": {"past": [35.08667, 35.103565, 35.204895, 35.052898, 34.694, 34.685452000000005, 34.506001, 34.446182, 34.659817, 34.420544, 34.437634, 34.394913, 34.394913, 34.488911, 34.121452000000005, 34.198364], "next": [34.130001, 34.557274, 34.104366, 33.865101, 33.412193, 33.284015999999994, 32.814026, 32.480759, 32.950752, 32.959293, 32.66021, 32.856753999999995, 32.848209000000004, 32.89093, 32.976387, 32.634567], "curr": [34.130001]}}