{"3": {"past": [31.30088, 31.283354, 31.151873, 30.897676], "next": [30.555834, 29.354988, 29.521528000000004, 29.775726000000002], "curr": [30.555834]}, "7": {"past": [31.432364, 31.292112, 31.704081, 31.756678000000004, 31.30088, 31.283354, 31.151873, 30.897676], "next": [30.555834, 29.354988, 29.521528000000004, 29.775726000000002, 29.398813, 29.495232, 29.407576000000002, 29.074493], "curr": [30.555834]}, "15": {"past": [33.855934000000005, 34.176224, 34.193535, 34.202194, 33.825287, 33.571098, 33.746399, 33.474674, 31.432364, 31.292112, 31.704081, 31.756678000000004, 31.30088, 31.283354, 31.151873, 30.897676], "next": [30.555834, 29.354988, 29.521528000000004, 29.775726000000002, 29.398813, 29.495232, 29.407576000000002, 29.074493, 29.188446000000003, 28.802773, 28.986846999999997, 29.311155, 29.802015, 29.994853999999997, 29.951027000000003, 29.556589000000002], "curr": [30.555834]}}