{"3": {"past": [98.65486899999999, 98.026314, 97.53849, 97.57601899999999], "next": [91.478111, 92.969749, 93.14798, 90.718216], "curr": [91.478111]}, "7": {"past": [96.337677, 97.697975, 98.51416, 98.373428, 98.65486899999999, 98.026314, 97.53849, 97.57601899999999], "next": [91.478111, 92.969749, 93.14798, 90.718216, 91.07470699999999, 90.652534, 90.493042, 91.159134], "curr": [91.478111]}, "15": {"past": [95.821686, 95.774796, 95.64344799999999, 94.99613199999999, 95.558998, 95.62468, 95.75601999999999, 96.666023, 96.337677, 97.697975, 98.51416, 98.373428, 98.65486899999999, 98.026314, 97.53849, 97.57601899999999], "next": [91.478111, 92.969749, 93.14798, 90.718216, 91.07470699999999, 90.652534, 90.493042, 91.159134, 92.35994000000001, 92.23799100000001, 91.281082, 92.266136, 92.51944, 93.298088, 93.373138, 93.795311], "curr": [91.478111]}}