{"3": {"past": [98.666473, 97.685287, 97.34565699999999, 99.98732], "next": [109.091652, 110.742699, 112.18618799999999, 110.17663600000002], "curr": [109.091652]}, "7": {"past": [95.949318, 95.581375, 96.939972, 97.49658199999999, 98.666473, 97.685287, 97.34565699999999, 99.98732], "next": [109.091652, 110.742699, 112.18618799999999, 110.17663600000002, 108.733131, 105.449921, 105.0914, 105.827301], "curr": [109.091652]}, "15": {"past": [98.18531, 97.59095, 99.19480899999999, 97.79851500000001, 96.081406, 96.704102, 95.88329300000001, 95.61913299999999, 95.949318, 95.581375, 96.939972, 97.49658199999999, 98.666473, 97.685287, 97.34565699999999, 99.98732], "next": [109.091652, 110.742699, 112.18618799999999, 110.17663600000002, 108.733131, 105.449921, 105.0914, 105.827301, 102.374245, 103.459244, 102.74221, 102.657288, 103.487549, 105.27066, 104.81781, 98.760826], "curr": [109.091652]}}