{"3": {"past": [87.550003, 87.739998, 86.300003, 88.93], "next": [87.32, 85.32, 82.940002, 82.07], "curr": [87.32]}, "7": {"past": [86.400002, 87.150002, 86.379997, 87.099998, 87.550003, 87.739998, 86.300003, 88.93], "next": [87.32, 85.32, 82.940002, 82.07, 83.459999, 84.239998, 86.120003, 86.690002], "curr": [87.32]}, "15": {"past": [84.5, 82.93, 83.879997, 83.230003, 84.279999, 84.540001, 84.360001, 85.139999, 86.400002, 87.150002, 86.379997, 87.099998, 87.550003, 87.739998, 86.300003, 88.93], "next": [87.32, 85.32, 82.940002, 82.07, 83.459999, 84.239998, 86.120003, 86.690002, 85.910004, 88.400002, 86.730003, 86.220001, 86.32, 83.639999, 84.599998, 85.690002], "curr": [87.32]}}