{"3": {"past": [112.15515900000001, 110.95061499999998, 110.26773100000001, 109.45204199999999], "next": [108.446701, 106.454926, 105.591827, 106.938629], "curr": [108.446701]}, "7": {"past": [110.97906499999999, 110.45741299999999, 110.34358999999999, 111.25412800000001, 112.15515900000001, 110.95061499999998, 110.26773100000001, 109.45204199999999], "next": [108.446701, 106.454926, 105.591827, 106.938629, 106.78688000000001, 106.19883700000001, 105.364189, 105.781517], "curr": [108.446701]}, "15": {"past": [107.26111599999999, 107.735336, 107.991425, 108.67431599999999, 107.85864299999999, 108.057823, 108.71226499999999, 109.95473500000001, 110.97906499999999, 110.45741299999999, 110.34358999999999, 111.25412800000001, 112.15515900000001, 110.95061499999998, 110.26773100000001, 109.45204199999999], "next": [108.446701, 106.454926, 105.591827, 106.938629, 106.78688000000001, 106.19883700000001, 105.364189, 105.781517, 106.30318500000001, 104.956375, 105.307281, 105.335747, 104.833061, 104.86151100000001, 104.529556, 104.349335], "curr": [108.446701]}}