{"3": {"past": [95.204567, 94.896683, 95.139267, 94.224899], "next": [88.869423, 89.867729, 90.380898, 90.007698], "curr": [88.869423]}, "7": {"past": [96.324188, 95.353851, 96.324188, 95.820366, 95.204567, 94.896683, 95.139267, 94.224899], "next": [88.869423, 89.867729, 90.380898, 90.007698, 89.839752, 90.110336, 91.108643, 91.26726500000001], "curr": [88.869423]}, "15": {"past": [95.605774, 95.353851, 96.286865, 96.84668, 96.81868, 96.165581, 96.016289, 96.072266, 96.324188, 95.353851, 96.324188, 95.820366, 95.204567, 94.896683, 95.139267, 94.224899], "next": [88.869423, 89.867729, 90.380898, 90.007698, 89.839752, 90.110336, 91.108643, 91.26726500000001, 91.976349, 92.778755, 92.974678, 93.189262, 93.002647, 92.573471, 93.693085, 94.83136], "curr": [88.869423]}}