{"3": {"past": [77.568527, 77.087273, 77.795006, 77.766701], "next": [78.512192, 78.833038, 78.521614, 78.889664], "curr": [78.512192]}, "7": {"past": [75.001793, 75.76615100000001, 76.19079599999999, 76.889099, 77.568527, 77.087273, 77.795006, 77.766701], "next": [78.512192, 78.833038, 78.521614, 78.889664, 78.74811600000001, 78.644302, 78.984009, 79.427536], "curr": [78.512192]}, "15": {"past": [76.407837, 76.115318, 75.567986, 75.350937, 75.05841099999999, 75.332077, 75.18106800000001, 75.15276300000001, 75.001793, 75.76615100000001, 76.19079599999999, 76.889099, 77.568527, 77.087273, 77.795006, 77.766701], "next": [78.512192, 78.833038, 78.521614, 78.889664, 78.74811600000001, 78.644302, 78.984009, 79.427536, 79.040642, 78.332893, 78.833038, 78.88022600000001, 78.65374, 79.427536, 79.559639, 77.983742], "curr": [78.512192]}}