{"3": {"past": [89.24359100000001, 89.234116, 89.072845, 89.139252], "next": [86.58725, 87.602356, 87.109032, 87.308258], "curr": [86.58725]}, "7": {"past": [88.30439, 89.196152, 89.158218, 88.60797099999999, 89.24359100000001, 89.234116, 89.072845, 89.139252], "next": [86.58725, 87.602356, 87.109032, 87.308258, 88.162102, 88.64591999999999, 89.25308199999999, 88.484627], "curr": [86.58725]}, "15": {"past": [83.836044, 84.310387, 84.262947, 84.604477, 86.12239100000001, 86.739052, 87.042618, 88.43721, 88.30439, 89.196152, 89.158218, 88.60797099999999, 89.24359100000001, 89.234116, 89.072845, 89.139252], "next": [86.58725, 87.602356, 87.109032, 87.308258, 88.162102, 88.64591999999999, 89.25308199999999, 88.484627, 88.275925, 88.74078399999999, 88.60797099999999, 88.124138, 87.213394, 88.24745899999999, 88.873611, 88.721802], "curr": [86.58725]}}