{"3": {"past": [94.171013, 95.04798100000001, 94.380714, 94.285393], "next": [99.185066, 99.957199, 101.14874300000001, 100.395691], "curr": [99.185066]}, "7": {"past": [97.173721, 97.40250400000001, 96.830551, 95.81059300000001, 94.171013, 95.04798100000001, 94.380714, 94.285393], "next": [99.185066, 99.957199, 101.14874300000001, 100.395691, 101.20594799999999, 102.02574200000001, 103.369804, 103.036179], "curr": [99.185066]}, "15": {"past": [94.619034, 95.04798100000001, 95.219566, 95.648521, 96.001244, 96.077492, 96.47784399999999, 96.087036, 97.173721, 97.40250400000001, 96.830551, 95.81059300000001, 94.171013, 95.04798100000001, 94.380714, 94.285393], "next": [99.185066, 99.957199, 101.14874300000001, 100.395691, 101.20594799999999, 102.02574200000001, 103.369804, 103.036179, 102.063858, 102.035271, 102.712067, 100.815125, 100.271774, 102.89318100000001, 103.112434, 102.66439799999999], "curr": [99.185066]}}