{"3": {"past": [68.85414899999999, 69.25784300000001, 68.450478, 68.55373399999999], "next": [74.778214, 75.116188, 74.214897, 74.646774], "curr": [74.778214]}, "7": {"past": [67.98105600000001, 68.431694, 69.314194, 69.933815, 68.85414899999999, 69.25784300000001, 68.450478, 68.55373399999999], "next": [74.778214, 75.116188, 74.214897, 74.646774, 74.2994, 74.55289499999999, 74.074074, 74.42144], "curr": [74.778214]}, "15": {"past": [68.121872, 68.281464, 68.253311, 67.718163, 67.736938, 68.018608, 68.69455, 68.05615999999999, 67.98105600000001, 68.431694, 69.314194, 69.933815, 68.85414899999999, 69.25784300000001, 68.450478, 68.55373399999999], "next": [74.778214, 75.116188, 74.214897, 74.646774, 74.2994, 74.55289499999999, 74.074074, 74.42144, 74.59043100000001, 74.440216, 74.674934, 75.257019, 74.55289499999999, 75.43539399999999, 74.928421, 75.717033], "curr": [74.778214]}}