{"3": {"past": [37.398415, 37.413002, 37.354637, 37.072533], "next": [39.149403, 38.930534, 38.72139, 38.735981], "curr": [39.149403]}, "7": {"past": [36.182438, 36.547237, 36.561813, 37.62215, 37.398415, 37.413002, 37.354637, 37.072533], "next": [39.149403, 38.930534, 38.72139, 38.735981, 39.00349, 38.911087, 39.086182, 39.290462], "curr": [39.149403]}, "15": {"past": [35.141566999999995, 34.893513, 34.791367, 35.165886, 35.156162, 35.409088, 35.637679999999996, 35.837109000000005, 36.182438, 36.547237, 36.561813, 37.62215, 37.398415, 37.413002, 37.354637, 37.072533], "next": [39.149403, 38.930534, 38.72139, 38.735981, 39.00349, 38.911087, 39.086182, 39.290462, 39.305058, 38.891624, 38.667889, 38.949993, 39.086182, 39.03754, 39.222366, 39.611481], "curr": [39.149403]}}