{"3": {"past": [40.850021000000005, 40.859778999999996, 40.947544, 40.840267], "next": [39.601803000000004, 39.553051, 40.147896, 40.069885], "curr": [39.601803000000004]}, "7": {"past": [41.620411, 41.454628, 41.357113, 41.240093, 40.850021000000005, 40.859778999999996, 40.947544, 40.840267], "next": [39.601803000000004, 39.553051, 40.147896, 40.069885, 39.279984000000006, 39.055702000000004, 39.162975, 39.631058], "curr": [39.601803000000004]}, "15": {"past": [40.918285, 40.684246, 41.054809999999996, 41.376616999999996, 41.366867, 41.474133, 41.366867, 41.854454, 41.620411, 41.454628, 41.357113, 41.240093, 40.850021000000005, 40.859778999999996, 40.947544, 40.840267], "next": [39.601803000000004, 39.553051, 40.147896, 40.069885, 39.279984000000006, 39.055702000000004, 39.162975, 39.631058, 39.319004, 39.806591, 39.270245, 39.123959, 38.607113, 38.772903, 38.412085999999995, 38.236561], "curr": [39.601803000000004]}}