{"3": {"past": [41.815228000000005, 41.688126000000004, 41.971657, 41.746792], "next": [40.866879, 40.817993, 40.5247, 40.133617], "curr": [40.866879]}, "7": {"past": [41.952103, 41.961884000000005, 41.502369, 41.776123, 41.815228000000005, 41.688126000000004, 41.971657, 41.746792], "next": [40.866879, 40.817993, 40.5247, 40.133617, 39.830544, 39.419922, 39.087513, 39.410149], "curr": [40.866879]}, "15": {"past": [41.355724, 41.306839000000004, 41.404602000000004, 41.248184, 41.042862, 41.169968, 41.003754, 41.355724, 41.952103, 41.961884000000005, 41.502369, 41.776123, 41.815228000000005, 41.688126000000004, 41.971657, 41.746792], "next": [40.866879, 40.817993, 40.5247, 40.133617, 39.830544, 39.419922, 39.087513, 39.410149, 39.097286, 38.500908, 39.615456, 39.087513, 38.852871, 38.715992, 38.637783, 39.048404999999995], "curr": [40.866879]}}