{"3": {"past": [51.26125, 51.251568, 51.804008, 51.571396], "next": [53.878101, 53.713345, 53.965332, 53.878101], "curr": [53.878101]}, "7": {"past": [51.610168, 51.193413, 51.106182000000004, 51.086803, 51.26125, 51.251568, 51.804008, 51.571396], "next": [53.878101, 53.713345, 53.965332, 53.878101, 53.965332, 54.188258999999995, 54.236717000000006, 54.227013], "curr": [53.878101]}, "15": {"past": [50.679726, 50.766956, 50.931725, 50.912341999999995, 51.164333, 51.212795, 51.338795000000005, 51.881541999999996, 51.610168, 51.193413, 51.106182000000004, 51.086803, 51.26125, 51.251568, 51.804008, 51.571396], "next": [53.878101, 53.713345, 53.965332, 53.878101, 53.965332, 54.188258999999995, 54.236717000000006, 54.227013, 53.984722, 54.411167000000006, 54.45962900000001, 54.614697, 54.45962900000001, 54.953918, 55.806831, 55.108996999999995], "curr": [53.878101]}}