{"3": {"past": [61.26384399999999, 60.904266, 60.962582, 60.340610999999996], "next": [59.495121, 58.678794999999994, 59.01892900000001, 58.775967], "curr": [59.495121]}, "7": {"past": [60.360046, 60.447514, 60.389198, 60.690464, 61.26384399999999, 60.904266, 60.962582, 60.340610999999996], "next": [59.495121, 58.678794999999994, 59.01892900000001, 58.775967, 58.99949300000001, 57.823581999999995, 57.911044999999994, 58.192879000000005], "curr": [59.495121]}, "15": {"past": [58.542736, 58.99949300000001, 58.464989, 59.009209, 58.843998, 58.921744999999994, 59.553431999999994, 59.572865, 60.360046, 60.447514, 60.389198, 60.690464, 61.26384399999999, 60.904266, 60.962582, 60.340610999999996], "next": [59.495121, 58.678794999999994, 59.01892900000001, 58.775967, 58.99949300000001, 57.823581999999995, 57.911044999999994, 58.192879000000005, 58.047104000000004, 58.037388, 58.328934, 58.027664, 58.153999, 58.533012, 59.086952000000004, 59.631184], "curr": [59.495121]}}