{"3": {"past": [203.509796, 202.105286, 202.124664, 201.533752], "next": [216.993179, 217.370956, 215.23025499999997, 214.329437], "curr": [216.993179]}, "7": {"past": [204.410645, 204.352524, 203.79071000000002, 203.25795, 203.509796, 202.105286, 202.124664, 201.533752], "next": [216.993179, 217.370956, 215.23025499999997, 214.329437, 214.484421, 217.43875099999997, 212.353409, 213.099289], "curr": [216.993179]}, "15": {"past": [191.314682, 192.593292, 195.11175500000002, 194.52088899999998, 196.70031699999998, 201.204468, 202.793015, 205.18554699999999, 204.410645, 204.352524, 203.79071000000002, 203.25795, 203.509796, 202.105286, 202.124664, 201.533752], "next": [216.993179, 217.370956, 215.23025499999997, 214.329437, 214.484421, 217.43875099999997, 212.353409, 213.099289, 213.544861, 212.22752400000002, 214.571609, 213.399567, 214.552185, 219.71505699999997, 217.196579, 219.18231200000002], "curr": [216.993179]}}