{"3": {"past": [194.927628, 194.367874, 194.17485, 193.914291], "next": [191.955185, 190.169769, 190.932175, 189.76445], "curr": [191.955185]}, "7": {"past": [198.450195, 197.137665, 195.641785, 194.62846399999998, 194.927628, 194.367874, 194.17485, 193.914291], "next": [191.955185, 190.169769, 190.932175, 189.76445, 190.932175, 191.298904, 193.364197, 194.724976], "curr": [191.955185]}, "15": {"past": [191.231369, 190.980453, 193.615112, 193.007111, 193.991486, 194.966217, 196.23048400000002, 198.131714, 198.450195, 197.137665, 195.641785, 194.62846399999998, 194.927628, 194.367874, 194.17485, 193.914291], "next": [191.955185, 190.169769, 190.932175, 189.76445, 190.932175, 191.298904, 193.364197, 194.724976, 194.445084, 194.35823100000002, 192.350861, 190.78741499999998, 192.21575900000002, 193.364197, 190.681244, 190.951477], "curr": [191.955185]}}