{"3": {"past": [280.660004, 276.019989, 273.820007, 273.23999], "next": [278.890015, 278.209991, 276.059998, 277.23999], "curr": [278.890015]}, "7": {"past": [284.75, 283.01001, 283.609985, 280.350006, 280.660004, 276.019989, 273.820007, 273.23999], "next": [278.890015, 278.209991, 276.059998, 277.23999, 281.690002, 264.230011, 264.670013, 264.910004], "curr": [278.890015]}, "15": {"past": [291.709991, 294.049988, 293.570007, 295.0, 299.019989, 297.790009, 287.109985, 287.769989, 284.75, 283.01001, 283.609985, 280.350006, 280.660004, 276.019989, 273.820007, 273.23999], "next": [278.890015, 278.209991, 276.059998, 277.23999, 281.690002, 264.230011, 264.670013, 264.910004, 266.109985, 268.73999, 270.440002, 274.76001, 278.910004, 285.140015, 292.640015, 290.130005], "curr": [278.890015]}}