{"3": {"past": [167.666733, 168.67666599999998, 170.24766499999998, 171.603577], "next": [169.92036399999998, 171.332382, 172.837936, 170.556259], "curr": [169.92036399999998]}, "7": {"past": [164.225449, 167.404892, 166.310822, 166.825119, 167.666733, 168.67666599999998, 170.24766499999998, 171.603577], "next": [169.92036399999998, 171.332382, 172.837936, 170.556259, 171.538116, 171.491379, 171.192139, 173.006271], "curr": [169.92036399999998]}, "15": {"past": [165.18864399999998, 167.10566699999998, 165.59075900000002, 165.86193799999998, 167.245926, 166.039627, 166.9841, 164.627594, 164.225449, 167.404892, 166.310822, 166.825119, 167.666733, 168.67666599999998, 170.24766499999998, 171.603577], "next": [169.92036399999998, 171.332382, 172.837936, 170.556259, 171.538116, 171.491379, 171.192139, 173.006271, 173.950699, 174.78302, 172.606293, 173.322449, 172.672287, 171.861969, 172.154053, 168.460297], "curr": [169.92036399999998]}}