{"3": {"past": [38.558411, 38.529926, 38.083549, 38.425446], "next": [38.605903999999995, 39.536613, 39.574612, 39.413158], "curr": [38.605903999999995]}, "7": {"past": [38.52042, 38.776848, 38.966784999999994, 38.434952, 38.558411, 38.529926, 38.083549, 38.425446], "next": [38.605903999999995, 39.536613, 39.574612, 39.413158, 39.802535999999996, 39.299191, 40.248901000000004, 40.486328], "curr": [38.605903999999995]}, "15": {"past": [37.77964, 37.817631, 37.855625, 37.513729, 38.396961, 39.223209000000004, 38.729359, 38.368465, 38.52042, 38.776848, 38.966784999999994, 38.434952, 38.558411, 38.529926, 38.083549, 38.425446], "next": [38.605903999999995, 39.536613, 39.574612, 39.413158, 39.802535999999996, 39.299191, 40.248901000000004, 40.486328, 40.619301, 40.334373, 39.441643, 40.451752, 40.203990999999995, 40.966343, 41.109276, 40.937740000000005], "curr": [38.605903999999995]}}