{"3": {"past": [42.952179, 42.760940999999995, 43.831879, 43.851002], "next": [44.960186, 44.855, 44.692451, 43.822311], "curr": [44.960186]}, "7": {"past": [44.195232, 44.166546000000004, 44.711578, 44.262169, 42.952179, 42.760940999999995, 43.831879, 43.851002], "next": [44.960186, 44.855, 44.692451, 43.822311, 44.1283, 43.870132, 44.635086, 44.462967], "curr": [44.960186]}, "15": {"past": [41.288414, 41.116291, 42.158546, 43.105175, 43.535458, 43.611958, 44.176109000000004, 44.233475, 44.195232, 44.166546000000004, 44.711578, 44.262169, 42.952179, 42.760940999999995, 43.831879, 43.851002], "next": [44.960186, 44.855, 44.692451, 43.822311, 44.1283, 43.870132, 44.635086, 44.462967, 44.912369, 44.491653, 42.93306, 42.703568, 43.191223, 43.267723, 43.372906, 42.655766], "curr": [44.960186]}}