{"3": {"past": [49.349178, 49.413776, 49.773647, 49.616783], "next": [51.370018, 51.720673, 51.960594, 51.628395000000005], "curr": [51.370018]}, "7": {"past": [48.860123, 48.841667, 49.090804999999996, 49.312271, 49.349178, 49.413776, 49.773647, 49.616783], "next": [51.370018, 51.720673, 51.960594, 51.628395000000005, 50.807144, 50.927105, 50.890190000000004, 50.696411], "curr": [51.370018]}, "15": {"past": [49.598324, 48.98008, 49.173859, 49.293812, 49.229221, 48.887794, 48.897026000000004, 48.749386, 48.860123, 48.841667, 49.090804999999996, 49.312271, 49.349178, 49.413776, 49.773647, 49.616783], "next": [51.370018, 51.720673, 51.960594, 51.628395000000005, 50.807144, 50.927105, 50.890190000000004, 50.696411, 51.047062, 50.880959000000004, 50.880959000000004, 50.779457, 50.844048, 50.188891999999996, 50.20734, 49.626011], "curr": [51.370018]}}