{"3": {"past": [51.709972, 51.663498, 51.988728, 52.016605], "next": [50.399803000000006, 51.356865, 52.871471, 52.137402], "curr": [50.399803000000006]}, "7": {"past": [50.910862, 50.864399, 51.171028, 51.514835, 51.709972, 51.663498, 51.988728, 52.016605], "next": [50.399803000000006, 51.356865, 52.871471, 52.137402, 51.319702, 51.570586999999996, 51.988728, 52.313942], "curr": [50.399803000000006]}, "15": {"past": [52.360405, 51.366161, 51.951557, 51.970146, 51.412617, 51.143158, 50.799343, 51.245365, 50.910862, 50.864399, 51.171028, 51.514835, 51.709972, 51.663498, 51.988728, 52.016605], "next": [50.399803000000006, 51.356865, 52.871471, 52.137402, 51.319702, 51.570586999999996, 51.988728, 52.313942, 52.880753000000006, 53.33606700000001, 52.583412, 52.713497, 53.540489, 53.772785, 53.428989, 52.750675], "curr": [50.399803000000006]}}