{"3": {"past": [65.73996, 65.492882, 64.989151, 64.97013100000001], "next": [67.251129, 67.289146, 67.545761, 68.467651], "curr": [67.251129]}, "7": {"past": [66.471779, 66.433784, 66.49078399999999, 65.930061, 65.73996, 65.492882, 64.989151, 64.97013100000001], "next": [67.251129, 67.289146, 67.545761, 68.467651, 69.427589, 68.904854, 68.743279, 69.712685], "curr": [67.251129]}, "15": {"past": [64.570992, 64.84659599999999, 65.07468399999999, 65.065186, 65.930061, 66.262695, 66.262695, 66.709389, 66.471779, 66.433784, 66.49078399999999, 65.930061, 65.73996, 65.492882, 64.989151, 64.97013100000001], "next": [67.251129, 67.289146, 67.545761, 68.467651, 69.427589, 68.904854, 68.743279, 69.712685, 70.46352399999999, 70.43502, 71.166832, 72.022186, 71.43294499999999, 71.508972, 72.12674, 73.552353], "curr": [67.251129]}}