{"3": {"past": [61.470001, 61.830002, 61.639998999999996, 61.610001000000004], "next": [61.23, 60.5, 61.759997999999996, 62.509997999999996], "curr": [61.23]}, "7": {"past": [61.939999, 62.02, 61.900002, 61.470001, 61.470001, 61.830002, 61.639998999999996, 61.610001000000004], "next": [61.23, 60.5, 61.759997999999996, 62.509997999999996, 62.529999, 61.889998999999996, 60.25, 59.759997999999996], "curr": [61.23]}, "15": {"past": [58.779999, 58.720001, 59.330002, 59.810001, 59.740002000000004, 59.380001, 61.349998, 61.110001000000004, 61.939999, 62.02, 61.900002, 61.470001, 61.470001, 61.830002, 61.639998999999996, 61.610001000000004], "next": [61.23, 60.5, 61.759997999999996, 62.509997999999996, 62.529999, 61.889998999999996, 60.25, 59.759997999999996, 59.93, 59.5, 59.759997999999996, 58.959998999999996, 58.130001, 59.439999, 59.799999, 60.34], "curr": [61.23]}}