{"3": {"past": [34.810001, 35.32, 35.09, 34.98], "next": [35.07, 36.639998999999996, 37.18, 36.98], "curr": [35.07]}, "7": {"past": [34.73, 34.450001, 34.73, 34.709998999999996, 34.810001, 35.32, 35.09, 34.98], "next": [35.07, 36.639998999999996, 37.18, 36.98, 37.009997999999996, 36.900002, 36.720001, 36.049999], "curr": [35.07]}, "15": {"past": [33.439999, 33.490002000000004, 33.07, 33.27, 33.279999, 33.669998, 33.900002, 34.150002, 34.73, 34.450001, 34.73, 34.709998999999996, 34.810001, 35.32, 35.09, 34.98], "next": [35.07, 36.639998999999996, 37.18, 36.98, 37.009997999999996, 36.900002, 36.720001, 36.049999, 36.209998999999996, 36.200001, 36.630001, 36.799999, 36.560001, 36.189999, 36.34, 37.009997999999996], "curr": [35.07]}}