{"3": {"past": [47.288078000000006, 46.680878, 46.745277, 46.230072], "next": [42.50407, 41.768074, 42.936465999999996, 43.727669], "curr": [42.50407]}, "7": {"past": [49.514484, 49.68008, 49.854881, 48.281684999999996, 47.288078000000006, 46.680878, 46.745277, 46.230072], "next": [42.50407, 41.768074, 42.936465999999996, 43.727669, 43.598877, 44.086467999999996, 43.911671000000005, 43.589672], "curr": [42.50407]}, "15": {"past": [48.953278000000005, 48.990078000000004, 49.321281, 49.54208, 49.431683, 49.670879, 49.643284, 49.394878000000006, 49.514484, 49.68008, 49.854881, 48.281684999999996, 47.288078000000006, 46.680878, 46.745277, 46.230072], "next": [42.50407, 41.768074, 42.936465999999996, 43.727669, 43.598877, 44.086467999999996, 43.911671000000005, 43.589672, 43.874866, 43.930073, 44.831672999999995, 44.224472, 43.534473, 42.789268, 42.007267, 41.519669], "curr": [42.50407]}}