{"3": {"past": [57.595321999999996, 57.232105000000004, 57.613476, 56.796257], "next": [53.100651, 53.527412, 53.727177000000005, 53.627295999999994], "curr": [53.100651]}, "7": {"past": [57.413712, 57.56808100000001, 57.967608999999996, 57.450035, 57.595321999999996, 57.232105000000004, 57.613476, 56.796257], "next": [53.100651, 53.527412, 53.727177000000005, 53.627295999999994, 53.672699, 53.545578000000006, 53.890620999999996, 54.017754000000004], "curr": [53.100651]}, "15": {"past": [56.859825, 56.823502000000005, 56.641903000000006, 56.505699, 56.741787, 57.350159, 57.459109999999995, 56.84166, 57.413712, 57.56808100000001, 57.967608999999996, 57.450035, 57.595321999999996, 57.232105000000004, 57.613476, 56.796257], "next": [53.100651, 53.527412, 53.727177000000005, 53.627295999999994, 53.672699, 53.545578000000006, 53.890620999999996, 54.017754000000004, 54.326468999999996, 54.063145, 53.83614, 53.654532999999994, 53.264088, 53.600052000000005, 53.745338000000004, 53.618221], "curr": [53.100651]}}