{"3": {"past": [43.035778, 44.797259999999994, 46.095196, 46.289883], "next": [42.498065999999994, 43.36026, 42.683479, 43.36953], "curr": [42.498065999999994]}, "7": {"past": [42.312641, 43.962868, 43.823807, 44.324436, 43.035778, 44.797259999999994, 46.095196, 46.289883], "next": [42.498065999999994, 43.36026, 42.683479, 43.36953, 43.517864, 45.418415, 45.705807, 45.631648999999996], "curr": [42.498065999999994]}, "15": {"past": [42.980148, 43.916515000000004, 44.064846, 43.434425, 43.091408, 42.11795, 42.859627, 43.721825, 42.312641, 43.962868, 43.823807, 44.324436, 43.035778, 44.797259999999994, 46.095196, 46.289883], "next": [42.498065999999994, 43.36026, 42.683479, 43.36953, 43.517864, 45.418415, 45.705807, 45.631648999999996, 46.651451, 46.197174, 46.530922, 45.687263, 45.381336, 45.010490000000004, 46.132271, 45.603828], "curr": [42.498065999999994]}}