{"3": {"past": [52.527618000000004, 52.180431, 52.454533, 52.025104999999996], "next": [50.965229, 52.527618000000004, 53.103241000000004, 53.340801], "curr": [50.965229]}, "7": {"past": [52.235245, 52.536758, 52.664680000000004, 52.28093, 52.527618000000004, 52.180431, 52.454533, 52.025104999999996], "next": [50.965229, 52.527618000000004, 53.103241000000004, 53.340801, 53.751968000000005, 53.870746999999994, 52.883956999999995, 52.67381700000001], "curr": [50.965229]}, "15": {"past": [52.180431, 52.573311, 51.952, 51.997688000000004, 51.906319, 52.299209999999995, 52.4454, 52.856552, 52.235245, 52.536758, 52.664680000000004, 52.28093, 52.527618000000004, 52.180431, 52.454533, 52.025104999999996], "next": [50.965229, 52.527618000000004, 53.103241000000004, 53.340801, 53.751968000000005, 53.870746999999994, 52.883956999999995, 52.67381700000001, 52.95705400000001, 52.746906, 52.51848199999999, 52.600722999999995, 52.399708000000004, 51.769264, 51.659622, 51.979411999999996], "curr": [50.965229]}}