{"3": {"past": [65.187035, 65.141991, 65.889709, 65.394226], "next": [65.03389, 65.75457800000001, 65.349182, 65.52936600000001], "curr": [65.03389]}, "7": {"past": [65.331161, 66.042862, 65.313148, 65.29514300000001, 65.187035, 65.141991, 65.889709, 65.394226], "next": [65.03389, 65.75457800000001, 65.349182, 65.52936600000001, 65.28613299999999, 64.871727, 65.214058, 64.862717], "curr": [65.03389]}, "15": {"past": [74.51104699999999, 74.186737, 74.240799, 74.141693, 73.610176, 73.357925, 73.718277, 65.214058, 65.331161, 66.042862, 65.313148, 65.29514300000001, 65.187035, 65.141991, 65.889709, 65.394226], "next": [65.03389, 65.75457800000001, 65.349182, 65.52936600000001, 65.28613299999999, 64.871727, 65.214058, 64.862717, 65.565407, 65.6735, 65.727547, 65.43026, 64.50235699999999, 65.03389, 66.214012, 65.844658], "curr": [65.03389]}}