{"3": {"past": [67.730003, 68.519997, 67.849998, 68.470001], "next": [66.0, 65.230003, 65.550003, 64.910004], "curr": [66.0]}, "7": {"past": [67.970001, 66.860001, 67.470001, 67.089996, 67.730003, 68.519997, 67.849998, 68.470001], "next": [66.0, 65.230003, 65.550003, 64.910004, 64.809998, 64.129997, 64.760002, 66.940002], "curr": [66.0]}, "15": {"past": [68.5, 68.910004, 68.379997, 70.709999, 67.720001, 66.550003, 66.970001, 67.480003, 67.970001, 66.860001, 67.470001, 67.089996, 67.730003, 68.519997, 67.849998, 68.470001], "next": [66.0, 65.230003, 65.550003, 64.910004, 64.809998, 64.129997, 64.760002, 66.940002, 68.25, 71.040001, 70.050003, 69.800003, 70.300003, 71.910004, 72.33000200000001, 71.33000200000001], "curr": [66.0]}}