{"3": {"past": [68.339996, 68.459999, 68.66999799999999, 68.839996], "next": [74.190002, 74.290001, 73.589996, 75.349998], "curr": [74.190002]}, "7": {"past": [68.349998, 69.089996, 69.459999, 68.08000200000001, 68.339996, 68.459999, 68.66999799999999, 68.839996], "next": [74.190002, 74.290001, 73.589996, 75.349998, 75.93, 75.809998, 76.589996, 76.33000200000001], "curr": [74.190002]}, "15": {"past": [65.989998, 67.150002, 68.120003, 69.019997, 69.08000200000001, 68.339996, 68.470001, 68.5, 68.349998, 69.089996, 69.459999, 68.08000200000001, 68.339996, 68.459999, 68.66999799999999, 68.839996], "next": [74.190002, 74.290001, 73.589996, 75.349998, 75.93, 75.809998, 76.589996, 76.33000200000001, 76.449997, 76.370003, 76.809998, 76.18, 76.230003, 76.059998, 75.699997, 75.440002], "curr": [74.190002]}}