{"3": {"past": [86.415764, 88.242897, 87.925949, 90.24713100000001], "next": [97.341255, 97.564987, 95.719208, 95.327682], "curr": [97.341255]}, "7": {"past": [87.700851, 86.073677, 87.03520999999999, 87.266327, 86.415764, 88.242897, 87.925949, 90.24713100000001], "next": [97.341255, 97.564987, 95.719208, 95.327682, 95.085312, 94.628525, 94.656502, 92.652245], "curr": [97.341255]}, "15": {"past": [85.759346, 85.30632, 87.025948, 87.12764, 88.588402, 88.31105, 89.80879200000001, 89.77179699999999, 87.700851, 86.073677, 87.03520999999999, 87.266327, 86.415764, 88.242897, 87.925949, 90.24713100000001], "next": [97.341255, 97.564987, 95.719208, 95.327682, 95.085312, 94.628525, 94.656502, 92.652245, 92.885292, 92.63359799999999, 92.559021, 93.556496, 94.14379100000001, 93.882767, 95.476822, 95.402252], "curr": [97.341255]}}