{"3": {"past": [87.441994, 87.331055, 88.976715, 90.742561], "next": [89.882751, 91.519173, 89.485191, 88.44049100000001], "curr": [89.882751]}, "7": {"past": [86.63073, 85.796318, 86.286331, 86.33255799999999, 87.441994, 87.331055, 88.976715, 90.742561], "next": [89.882751, 91.519173, 89.485191, 88.44049100000001, 87.931984, 86.69313000000001, 86.240112, 85.86106099999999], "curr": [89.882751]}, "15": {"past": [86.181442, 85.796318, 85.273682, 85.310364, 84.696022, 86.03472099999999, 86.786598, 86.181442, 86.63073, 85.796318, 86.286331, 86.33255799999999, 87.441994, 87.331055, 88.976715, 90.742561], "next": [89.882751, 91.519173, 89.485191, 88.44049100000001, 87.931984, 86.69313000000001, 86.240112, 85.86106099999999, 86.267838, 85.898026, 86.868782, 89.041412, 91.066139, 90.687088, 91.546898, 90.844254], "curr": [89.882751]}}