{"3": {"past": [101.264442, 100.766808, 100.081375, 101.574303], "next": [107.545929, 106.58821100000002, 107.38632199999999, 107.13281299999998], "curr": [107.545929]}, "7": {"past": [101.11670699999999, 101.39636999999999, 101.461617, 100.532066, 101.264442, 100.766808, 100.081375, 101.574303], "next": [107.545929, 106.58821100000002, 107.38632199999999, 107.13281299999998, 106.99196599999999, 106.193871, 106.184471, 106.625778], "curr": [107.545929]}, "15": {"past": [100.175163, 99.718391, 100.203133, 99.289574, 99.671768, 100.529411, 100.902283, 101.573486, 101.11670699999999, 101.39636999999999, 101.461617, 100.532066, 101.264442, 100.766808, 100.081375, 101.574303], "next": [107.545929, 106.58821100000002, 107.38632199999999, 107.13281299999998, 106.99196599999999, 106.193871, 106.184471, 106.625778, 107.36753799999998, 107.70555900000001, 107.423874, 107.358139, 106.240807, 105.95913700000001, 106.766624, 106.710274], "curr": [107.545929]}}