{"3": {"past": [123.27314799999999, 123.51728100000001, 124.074532, 124.376778], "next": [130.572983, 129.250595, 129.345062, 130.166809], "curr": [130.572983]}, "7": {"past": [122.052521, 122.72856100000001, 123.442146, 122.56893899999999, 123.27314799999999, 123.51728100000001, 124.074532, 124.376778], "next": [130.572983, 129.250595, 129.345062, 130.166809, 128.920029, 128.26828, 128.73111, 128.90113799999997], "curr": [130.572983]}, "15": {"past": [117.104332, 117.84608500000002, 119.000984, 118.68173999999999, 119.17938999999998, 119.132423, 120.36245, 120.74740600000001, 122.052521, 122.72856100000001, 123.442146, 122.56893899999999, 123.27314799999999, 123.51728100000001, 124.074532, 124.376778], "next": [130.572983, 129.250595, 129.345062, 130.166809, 128.920029, 128.26828, 128.73111, 128.90113799999997, 129.05226100000002, 130.072357, 131.111343, 129.675674, 127.833809, 128.91056799999998, 128.957809, 129.911789], "curr": [130.572983]}}