{"3": {"past": [64.03492, 62.804214, 62.823601000000004, 61.651051], "next": [62.523196999999996, 63.666676, 63.327518000000005, 64.14151], "curr": [62.523196999999996]}, "7": {"past": [64.558205, 65.469109, 65.34314, 63.79265600000001, 64.03492, 62.804214, 62.823601000000004, 61.651051], "next": [62.523196999999996, 63.666676, 63.327518000000005, 64.14151, 64.645432, 64.22872199999999, 64.635719, 64.46129599999999], "curr": [62.523196999999996]}, "15": {"past": [61.970837, 62.60071899999999, 62.213097, 62.968956000000006, 63.821716, 63.79265600000001, 64.209358, 64.03492, 64.558205, 65.469109, 65.34314, 63.79265600000001, 64.03492, 62.804214, 62.823601000000004, 61.651051], "next": [62.523196999999996, 63.666676, 63.327518000000005, 64.14151, 64.645432, 64.22872199999999, 64.635719, 64.46129599999999, 63.656985999999996, 62.794537, 62.998034999999994, 63.618233, 62.717018, 61.999905000000005, 61.912693000000004, 61.777027000000004], "curr": [62.523196999999996]}}