{"3": {"past": [55.153847, 54.541565000000006, 54.541565000000006, 54.609595999999996], "next": [52.928253000000005, 53.841816, 55.357937, 55.989658], "curr": [52.928253000000005]}, "7": {"past": [56.320094999999995, 55.338501, 55.620346, 55.435692, 55.153847, 54.541565000000006, 54.541565000000006, 54.609595999999996], "next": [52.928253000000005, 53.841816, 55.357937, 55.989658, 55.639778, 56.446445, 55.144127000000005, 54.347182999999994], "curr": [52.928253000000005]}, "15": {"past": [55.493999, 54.920593000000004, 55.396816, 55.299625, 55.066376, 55.357937, 56.203472, 57.262809999999995, 56.320094999999995, 55.338501, 55.620346, 55.435692, 55.153847, 54.541565000000006, 54.541565000000006, 54.609595999999996], "next": [52.928253000000005, 53.841816, 55.357937, 55.989658, 55.639778, 56.446445, 55.144127000000005, 54.347182999999994, 54.823409999999996, 54.463809999999995, 54.81369399999999, 55.144127000000005, 54.356911, 55.144127000000005, 54.65819200000001, 54.94974499999999], "curr": [52.928253000000005]}}