{"3": {"past": [121.33000200000001, 122.370003, 120.339996, 119.559998], "next": [99.989998, 98.16999799999999, 100.970001, 100.970001], "curr": [99.989998]}, "7": {"past": [136.71000700000002, 138.860001, 137.169998, 135.96000700000002, 121.33000200000001, 122.370003, 120.339996, 119.559998], "next": [99.989998, 98.16999799999999, 100.970001, 100.970001, 100.529999, 98.199997, 100.040001, 101.639999], "curr": [99.989998]}, "15": {"past": [146.520004, 140.009995, 139.21000700000002, 139.270004, 139.690002, 139.559998, 138.5, 136.46000700000002, 136.71000700000002, 138.860001, 137.169998, 135.96000700000002, 121.33000200000001, 122.370003, 120.339996, 119.559998], "next": [99.989998, 98.16999799999999, 100.970001, 100.970001, 100.529999, 98.199997, 100.040001, 101.639999, 102.33000200000001, 101.650002, 102.459999, 102.339996, 101.160004, 98.860001, 100.339996, 103.349998], "curr": [99.989998]}}