{"3": {"past": [137.740005, 137.83999599999999, 136.440002, 137.75], "next": [134.149994, 134.100006, 135.41000400000001, 135.179993], "curr": [134.149994]}, "7": {"past": [134.869995, 134.270004, 135.0, 136.309998, 137.740005, 137.83999599999999, 136.440002, 137.75], "next": [134.149994, 134.100006, 135.41000400000001, 135.179993, 134.850006, 135.899994, 136.699997, 137.059998], "curr": [134.149994]}, "15": {"past": [133.199997, 131.949997, 132.559998, 131.929993, 132.25, 133.559998, 134.470001, 134.570007, 134.869995, 134.270004, 135.0, 136.309998, 137.740005, 137.83999599999999, 136.440002, 137.75], "next": [134.149994, 134.100006, 135.41000400000001, 135.179993, 134.850006, 135.899994, 136.699997, 137.059998, 135.270004, 135.570007, 130.369995, 130.610001, 132.96000700000002, 131.369995, 131.259995, 127.58000200000001], "curr": [134.149994]}}