{"3": {"past": [112.660004, 112.309998, 112.449997, 113.980003], "next": [111.529999, 113.620003, 113.18, 116.150002], "curr": [111.529999]}, "7": {"past": [117.480003, 114.949997, 115.220001, 113.620003, 112.660004, 112.309998, 112.449997, 113.980003], "next": [111.529999, 113.620003, 113.18, 116.150002, 117.410004, 115.540001, 115.639999, 116.089996], "curr": [111.529999]}, "15": {"past": [118.75, 118.550003, 118.760002, 119.639999, 120.209999, 119.980003, 117.239998, 117.08000200000001, 117.480003, 114.949997, 115.220001, 113.620003, 112.660004, 112.309998, 112.449997, 113.980003], "next": [111.529999, 113.620003, 113.18, 116.150002, 117.410004, 115.540001, 115.639999, 116.089996, 116.260002, 115.349998, 116.739998, 115.610001, 116.41999799999999, 117.019997, 120.470001, 118.660004], "curr": [111.529999]}}