{"3": {"past": [122.260002, 123.150002, 125.519997, 125.199997], "next": [123.970001, 124.050003, 124.059998, 123.82], "curr": [123.970001]}, "7": {"past": [125.07, 123.010002, 122.91999799999999, 123.269997, 122.260002, 123.150002, 125.519997, 125.199997], "next": [123.970001, 124.050003, 124.059998, 123.82, 123.43, 124.459999, 122.410004, 118.360001], "curr": [123.970001]}, "15": {"past": [124.769997, 124.18, 124.300003, 125.58000200000001, 125.91999799999999, 125.059998, 125.150002, 124.449997, 125.07, 123.010002, 122.91999799999999, 123.269997, 122.260002, 123.150002, 125.519997, 125.199997], "next": [123.970001, 124.050003, 124.059998, 123.82, 123.43, 124.459999, 122.410004, 118.360001, 120.099998, 119.68, 119.519997, 119.32, 119.040001, 119.360001, 117.099998, 117.400002], "curr": [123.970001]}}