{"3": {"past": [13.491838000000001, 12.649563, 12.881382, 12.533653999999999], "next": [12.564563, 11.961836, 11.961836, 11.845925], "curr": [12.564563]}, "7": {"past": [13.507292000000001, 14.218202, 14.674113, 13.793201999999999, 13.491838000000001, 12.649563, 12.881382, 12.533653999999999], "next": [12.564563, 11.961836, 11.961836, 11.845925, 11.127288, 11.420925, 11.397743, 11.436378999999999], "curr": [12.564563]}, "15": {"past": [14.697293, 14.411384, 14.287747, 14.712748999999999, 14.527292000000001, 14.480929000000001, 14.318658, 14.303203, 13.507292000000001, 14.218202, 14.674113, 13.793201999999999, 13.491838000000001, 12.649563, 12.881382, 12.533653999999999], "next": [12.564563, 11.961836, 11.961836, 11.845925, 11.127288, 11.420925, 11.397743, 11.436378999999999, 11.436378999999999, 11.227744, 11.080925, 11.113042, 10.936389, 10.992599, 11.675119, 11.715266999999999], "curr": [12.564563]}}