{"3": {"past": [17.753899, 17.513168, 17.505646, 17.573347000000002], "next": [17.859215, 16.881247000000002, 16.903817999999998, 16.806019], "curr": [17.859215]}, "7": {"past": [17.580873, 17.121979, 17.272434, 17.197210000000002, 17.753899, 17.513168, 17.505646, 17.573347000000002], "next": [17.859215, 16.881247000000002, 16.903817999999998, 16.806019, 16.452451999999997, 16.414832999999998, 16.309513, 16.294468], "curr": [17.859215]}, "15": {"past": [17.490599, 16.926384, 17.137028, 17.295006, 17.21225, 16.7985, 17.061795999999998, 17.468035, 17.580873, 17.121979, 17.272434, 17.197210000000002, 17.753899, 17.513168, 17.505646, 17.573347000000002], "next": [17.859215, 16.881247000000002, 16.903817999999998, 16.806019, 16.452451999999997, 16.414832999999998, 16.309513, 16.294468, 16.520153, 15.45191, 15.715207000000001, 14.579260000000001, 14.413758999999999, 14.443851, 14.970448000000001, 15.331541], "curr": [17.859215]}}