{"3": {"past": [101.499588, 102.36161, 103.12687700000001, 102.519951], "next": [100.092186, 98.359329, 97.945915, 97.63803100000001], "curr": [100.092186]}, "7": {"past": [102.282433, 101.983368, 101.66669499999999, 101.684303, 101.499588, 102.36161, 103.12687700000001, 102.519951], "next": [100.092186, 98.359329, 97.945915, 97.63803100000001, 98.70237, 99.898674, 99.379692, 97.981087], "curr": [100.092186]}, "15": {"past": [103.63707, 103.188446, 102.775024, 101.895409, 101.121361, 101.974571, 102.176895, 102.370384, 102.282433, 101.983368, 101.66669499999999, 101.684303, 101.499588, 102.36161, 103.12687700000001, 102.519951], "next": [100.092186, 98.359329, 97.945915, 97.63803100000001, 98.70237, 99.898674, 99.379692, 97.981087, 98.148224, 98.746368, 99.44126899999999, 100.197746, 99.92244699999999, 99.96685, 98.288445, 97.977638], "curr": [100.092186]}}