{"3": {"past": [92.578148, 93.645676, 94.300545, 95.188629], "next": [96.99176800000001, 97.951645, 99.377998, 99.090919], "curr": [96.99176800000001]}, "7": {"past": [93.044632, 93.708458, 93.860977, 92.623001, 92.578148, 93.645676, 94.300545, 95.188629], "next": [96.99176800000001, 97.951645, 99.377998, 99.090919, 98.166939, 98.77694699999999, 98.48091099999999, 98.992249], "curr": [96.99176800000001]}, "15": {"past": [93.134338, 92.83830999999999, 92.434624, 92.50638599999999, 93.197144, 93.412437, 93.690529, 93.4842, 93.044632, 93.708458, 93.860977, 92.623001, 92.578148, 93.645676, 94.300545, 95.188629], "next": [96.99176800000001, 97.951645, 99.377998, 99.090919, 98.166939, 98.77694699999999, 98.48091099999999, 98.992249, 99.476662, 98.77694699999999, 97.987526, 97.52104200000001, 97.395439, 96.80648000000001, 95.9729, 96.480301], "curr": [96.99176800000001]}}