{"3": {"past": [94.070259, 94.78070100000001, 94.203461, 93.66175799999999], "next": [94.754036, 94.061386, 93.564064, 94.771805], "curr": [94.754036]}, "7": {"past": [93.848236, 92.5606, 93.13781, 93.14670600000001, 94.070259, 94.78070100000001, 94.203461, 93.66175799999999], "next": [94.754036, 94.061386, 93.564064, 94.771805, 93.075645, 93.94593, 94.73629, 93.315437], "curr": [94.754036]}, "15": {"past": [96.476845, 97.054077, 96.672211, 97.17840600000001, 96.769897, 96.769897, 94.22120699999999, 94.283386, 93.848236, 92.5606, 93.13781, 93.14670600000001, 94.070259, 94.78070100000001, 94.203461, 93.66175799999999], "next": [94.754036, 94.061386, 93.564064, 94.771805, 93.075645, 93.94593, 94.73629, 93.315437, 94.576447, 94.318893, 94.096901, 94.887245, 95.242462, 93.923775, 94.34539000000001, 95.556427], "curr": [94.754036]}}