{"3": {"past": [43.695992, 43.204266, 43.551365000000004, 44.525169], "next": [43.802044, 42.346160999999995, 41.767662, 42.191891], "curr": [43.802044]}, "7": {"past": [44.534813, 44.081661, 44.120224, 44.120224, 43.695992, 43.204266, 43.551365000000004, 44.525169], "next": [43.802044, 42.346160999999995, 41.767662, 42.191891, 42.85717, 42.423294, 43.14642, 43.908108], "curr": [43.802044]}, "15": {"past": [45.701462, 46.009995, 46.24139, 46.144978, 45.990707, 45.711090000000006, 45.585766, 44.525169, 44.534813, 44.081661, 44.120224, 44.120224, 43.695992, 43.204266, 43.551365000000004, 44.525169], "next": [43.802044, 42.346160999999995, 41.767662, 42.191891, 42.85717, 42.423294, 43.14642, 43.908108, 44.285709000000004, 42.998001, 43.704784000000004, 43.327183000000005, 43.259403000000006, 43.375599, 43.336868, 43.394954999999996], "curr": [43.802044]}}