{"3": {"past": [51.193096000000004, 51.241119, 50.914562, 50.645626], "next": [49.723583000000005, 48.398132000000004, 48.302085999999996, 47.735416], "curr": [49.723583000000005]}, "7": {"past": [50.712864, 51.221911999999996, 51.548473, 51.67334, 51.193096000000004, 51.241119, 50.914562, 50.645626], "next": [49.723583000000005, 48.398132000000004, 48.302085999999996, 47.735416, 47.946705, 47.620155, 47.841904, 48.188999], "curr": [49.723583000000005]}, "15": {"past": [49.848446, 49.944489000000004, 50.539982, 51.221911999999996, 51.510059000000005, 50.85693, 50.895359, 51.154675, 50.712864, 51.221911999999996, 51.548473, 51.67334, 51.193096000000004, 51.241119, 50.914562, 50.645626], "next": [49.723583000000005, 48.398132000000004, 48.302085999999996, 47.735416, 47.946705, 47.620155, 47.841904, 48.188999, 47.986534000000006, 48.468613, 48.063663, 48.256496000000006, 48.593952, 48.565028999999996, 48.256496000000006, 47.822617], "curr": [49.723583000000005]}}