{"3": {"past": [173.441757, 172.842178, 174.620972, 175.93008400000002], "next": [172.43248, 175.860123, 175.510376, 177.958694], "curr": [172.43248]}, "7": {"past": [173.691589, 173.451767, 171.952789, 173.851501, 173.441757, 172.842178, 174.620972, 175.93008400000002], "next": [172.43248, 175.860123, 175.510376, 177.958694, 175.240555, 174.261215, 176.229889, 179.037964], "curr": [172.43248]}, "15": {"past": [172.932129, 173.681625, 174.07135, 171.982773, 174.19125400000001, 174.37114, 174.111313, 174.411102, 173.691589, 173.451767, 171.952789, 173.851501, 173.441757, 172.842178, 174.620972, 175.93008400000002], "next": [172.43248, 175.860123, 175.510376, 177.958694, 175.240555, 174.261215, 176.229889, 179.037964, 179.73748799999998, 177.90872199999998, 176.909409, 177.85876499999998, 179.69751000000002, 179.267792, 179.647552, 179.17785600000002], "curr": [172.43248]}}