{"3": {"past": [146.671326, 145.562393, 146.081909, 147.500549], "next": [148.149933, 149.158997, 146.891129, 147.760315], "curr": [148.149933]}, "7": {"past": [145.172745, 146.391602, 148.429688, 146.66136200000003, 146.671326, 145.562393, 146.081909, 147.500549], "next": [148.149933, 149.158997, 146.891129, 147.760315, 147.70036299999998, 148.000076, 145.41253700000001, 145.71225], "curr": [148.149933]}, "15": {"past": [140.097549, 142.50526399999998, 144.533356, 146.171799, 144.633286, 141.835922, 144.023849, 144.633286, 145.172745, 146.391602, 148.429688, 146.66136200000003, 146.671326, 145.562393, 146.081909, 147.500549], "next": [148.149933, 149.158997, 146.891129, 147.760315, 147.70036299999998, 148.000076, 145.41253700000001, 145.71225, 146.541473, 146.451538, 145.192734, 143.424408, 146.831192, 147.350708, 147.370667, 146.901108], "curr": [148.149933]}}