{"3": {"past": [157.412704, 158.272125, 156.923035, 156.623245], "next": [160.140839, 161.639816, 162.5392, 162.78903200000002], "curr": [160.140839]}, "7": {"past": [157.07293700000002, 156.823105, 156.103607, 156.263474, 157.412704, 158.272125, 156.923035, 156.623245], "next": [160.140839, 161.639816, 162.5392, 162.78903200000002, 163.70842, 161.919632, 161.98959399999998, 161.230087], "curr": [160.140839]}, "15": {"past": [150.487411, 150.307556, 151.067017, 149.717941, 151.846497, 155.274155, 154.97436499999998, 155.85376000000002, 157.07293700000002, 156.823105, 156.103607, 156.263474, 157.412704, 158.272125, 156.923035, 156.623245], "next": [160.140839, 161.639816, 162.5392, 162.78903200000002, 163.70842, 161.919632, 161.98959399999998, 161.230087, 158.30209399999998, 159.990952, 159.371368, 159.24147, 160.41066, 161.74975600000002, 161.53988600000002, 161.21011399999998], "curr": [160.140839]}}