{"3": {"past": [112.629723, 116.976219, 118.54173300000001, 115.721848], "next": [116.752563, 115.088699, 114.125404, 114.02811399999999], "curr": [116.752563]}, "7": {"past": [113.456223, 113.11590600000001, 112.172707, 114.973129, 112.629723, 116.976219, 118.54173300000001, 115.721848], "next": [116.752563, 115.088699, 114.125404, 114.02811399999999, 113.998924, 113.016167, 112.71453100000001, 114.41731999999999], "curr": [116.752563]}, "15": {"past": [114.65226000000001, 113.038094, 113.699326, 115.352356, 116.042725, 117.511017, 116.139977, 113.41731999999999, 113.456223, 113.11590600000001, 112.172707, 114.973129, 112.629723, 116.976219, 118.54173300000001, 115.721848], "next": [116.752563, 115.088699, 114.125404, 114.02811399999999, 113.998924, 113.016167, 112.71453100000001, 114.41731999999999, 112.821579, 111.887459, 110.496048, 107.985657, 107.956451, 104.77469599999999, 104.65793599999999, 104.35629300000001], "curr": [116.752563]}}