{"3": {"past": [98.296944, 98.296944, 98.296944, 97.400162], "next": [97.400162, 97.400162, 97.400162, 97.400162], "curr": [97.400162]}, "7": {"past": [98.296944, 98.296944, 98.296944, 98.296944, 98.296944, 98.296944, 98.296944, 97.400162], "next": [97.400162, 97.400162, 97.400162, 97.400162, 97.400162, 97.400162, 97.400162, 97.400162], "curr": [97.400162]}, "15": {"past": [98.247124, 98.247124, 98.247124, 98.247124, 96.80231500000001, 96.652855, 96.45356, 98.296944, 98.296944, 98.296944, 98.296944, 98.296944, 98.296944, 98.296944, 98.296944, 97.400162], "next": [97.400162, 97.400162, 97.400162, 97.400162, 97.400162, 97.400162, 97.400162, 97.400162, 97.400162, 97.400162, 99.642113, 99.642113, 99.642113, 99.642113, 99.642113, 99.642113], "curr": [97.400162]}}