{"3": {"past": [121.16183500000001, 124.75476100000002, 124.75476100000002, 124.75476100000002], "next": [124.75476100000002, 124.75476100000002, 124.75476100000002, 124.75476100000002], "curr": [124.75476100000002]}, "7": {"past": [119.36536399999999, 121.16183500000001, 121.16183500000001, 121.16183500000001, 121.16183500000001, 124.75476100000002, 124.75476100000002, 124.75476100000002], "next": [124.75476100000002, 124.75476100000002, 124.75476100000002, 124.75476100000002, 124.75476100000002, 124.75476100000002, 124.75476100000002, 124.75476100000002], "curr": [124.75476100000002]}, "15": {"past": [117.469086, 117.469086, 119.36536399999999, 119.36536399999999, 119.36536399999999, 119.36536399999999, 119.36536399999999, 119.36536399999999, 119.36536399999999, 121.16183500000001, 121.16183500000001, 121.16183500000001, 121.16183500000001, 124.75476100000002, 124.75476100000002, 124.75476100000002], "next": [124.75476100000002, 124.75476100000002, 124.75476100000002, 124.75476100000002, 124.75476100000002, 124.75476100000002, 124.75476100000002, 124.75476100000002, 124.75476100000002, 124.75476100000002, 124.75476100000002, 124.75476100000002, 124.75476100000002, 128.896591, 128.896591, 128.896591], "curr": [124.75476100000002]}}