{"3": {"past": [71.174858, 70.939621, 70.74202, 70.516182], "next": [68.097893, 67.853249, 67.53331, 67.928513], "curr": [68.097893]}, "7": {"past": [69.443489, 69.753998, 69.688133, 71.25013, 71.174858, 70.939621, 70.74202, 70.516182], "next": [68.097893, 67.853249, 67.53331, 67.928513, 68.803627, 68.577789, 69.18940699999999, 69.18940699999999], "curr": [68.097893]}, "15": {"past": [67.241608, 67.523911, 67.18515, 66.658211, 66.752296, 68.013199, 68.361366, 68.446045, 69.443489, 69.753998, 69.688133, 71.25013, 71.174858, 70.939621, 70.74202, 70.516182], "next": [68.097893, 67.853249, 67.53331, 67.928513, 68.803627, 68.577789, 69.18940699999999, 69.18940699999999, 69.857506, 69.274117, 69.434067, 69.509354, 69.42465200000001, 69.161186, 69.659897, 70.327995], "curr": [68.097893]}}