{"3": {"past": [55.85099, 55.171023999999996, 55.54361, 54.379268999999994], "next": [53.457115, 52.777138, 52.264835, 51.864296], "curr": [53.457115]}, "7": {"past": [56.204956, 56.400562, 56.09318199999999, 56.102489, 55.85099, 55.171023999999996, 55.54361, 54.379268999999994], "next": [53.457115, 52.777138, 52.264835, 51.864296, 52.85165799999999, 53.736561, 53.429168999999995, 53.196304000000005], "curr": [53.457115]}, "15": {"past": [56.34468100000001, 56.810417, 56.903553, 55.925518000000004, 55.310741, 55.357323, 56.437824, 57.20163, 56.204956, 56.400562, 56.09318199999999, 56.102489, 55.85099, 55.171023999999996, 55.54361, 54.379268999999994], "next": [53.457115, 52.777138, 52.264835, 51.864296, 52.85165799999999, 53.736561, 53.429168999999995, 53.196304000000005, 52.730568000000005, 52.004013, 52.208946000000005, 52.293011, 53.955783999999994, 53.843685, 53.423328000000005, 52.61061899999999], "curr": [53.457115]}}