{"3": {"past": [78.129356, 78.099968, 77.38472, 78.001984], "next": [77.51209300000001, 75.944405, 76.581276, 76.885017], "curr": [77.51209300000001]}, "7": {"past": [80.206551, 79.932182, 80.137955, 79.873413, 78.129356, 78.099968, 77.38472, 78.001984], "next": [77.51209300000001, 75.944405, 76.581276, 76.885017, 75.199753, 74.68045, 73.16175799999999, 73.102974], "curr": [77.51209300000001]}, "15": {"past": [76.973198, 78.805412, 78.746643, 79.35410300000001, 79.78523299999999, 79.569664, 81.107948, 80.91199499999999, 80.206551, 79.932182, 80.137955, 79.873413, 78.129356, 78.099968, 77.38472, 78.001984], "next": [77.51209300000001, 75.944405, 76.581276, 76.885017, 75.199753, 74.68045, 73.16175799999999, 73.102974, 74.308128, 73.43611899999999, 74.758842, 73.014801, 73.200951, 73.57328000000001, 74.474701, 73.769257], "curr": [77.51209300000001]}}