{"3": {"past": [124.10761299999999, 123.630028, 123.134079, 122.93203700000001], "next": [125.457718, 126.33020800000001, 125.007675, 125.981232], "curr": [125.457718]}, "7": {"past": [126.30265, 125.08114599999999, 125.24643700000001, 123.942307, 124.10761299999999, 123.630028, 123.134079, 122.93203700000001], "next": [125.457718, 126.33020800000001, 125.007675, 125.981232, 125.03521, 128.855896, 128.635483, 126.89048000000001], "curr": [125.457718]}, "15": {"past": [125.714851, 126.76188700000002, 126.008774, 126.734352, 126.036324, 125.99958799999999, 126.477158, 126.109802, 126.30265, 125.08114599999999, 125.24643700000001, 123.942307, 124.10761299999999, 123.630028, 123.134079, 122.93203700000001], "next": [125.457718, 126.33020800000001, 125.007675, 125.981232, 125.03521, 128.855896, 128.635483, 126.89048000000001, 126.33020800000001, 126.376122, 126.780251, 126.63328600000001, 128.71813999999998, 128.764038, 128.277298, 128.66301], "curr": [125.457718]}}