{"3": {"past": [38.06493, 38.301826, 38.812019, 38.676575], "next": [39.264252, 39.135708, 38.97961, 39.034690999999995], "curr": [39.264252]}, "7": {"past": [38.529583, 38.238049, 38.092273999999996, 38.228931, 38.06493, 38.301826, 38.812019, 38.676575], "next": [39.264252, 39.135708, 38.97961, 39.034690999999995, 39.392815, 39.245899, 39.420357, 39.604008], "curr": [39.264252]}, "15": {"past": [37.818946999999994, 38.219826, 38.174271000000005, 38.210705, 38.447590000000005, 38.438477, 38.383812, 38.566032, 38.529583, 38.238049, 38.092273999999996, 38.228931, 38.06493, 38.301826, 38.812019, 38.676575], "next": [39.264252, 39.135708, 38.97961, 39.034690999999995, 39.392815, 39.245899, 39.420357, 39.604008, 39.282619, 39.273441, 39.567284, 39.686648999999996, 39.980492, 40.18251, 40.577351, 41.027297999999995], "curr": [39.264252]}}