{"3": {"past": [44.888157, 44.916107000000004, 45.111752, 44.692501], "next": [44.664551, 44.906791999999996, 44.534119, 45.06517], "curr": [44.664551]}, "7": {"past": [44.170757, 44.543442, 44.543442, 44.897472, 44.888157, 44.916107000000004, 45.111752, 44.692501], "next": [44.664551, 44.906791999999996, 44.534119, 45.06517, 44.785675, 45.144524, 45.153904, 45.078846], "curr": [44.664551]}, "15": {"past": [43.313625, 43.350887, 43.136604, 43.30431, 43.788776, 44.114868, 44.459587, 44.291882, 44.170757, 44.543442, 44.543442, 44.897472, 44.888157, 44.916107000000004, 45.111752, 44.692501], "next": [44.664551, 44.906791999999996, 44.534119, 45.06517, 44.785675, 45.144524, 45.153904, 45.078846, 45.885666, 46.092068, 46.232791999999996, 46.223408, 46.56115, 47.424263, 47.114666, 47.067757], "curr": [44.664551]}}