{"3": {"past": [41.78944, 41.651699, 41.771076, 41.688431], "next": [41.458874, 41.614971000000004, 41.608032, 41.746796], "curr": [41.458874]}, "7": {"past": [41.449692, 41.155848999999996, 41.495594, 41.752720000000004, 41.78944, 41.651699, 41.771076, 41.688431], "next": [41.458874, 41.614971000000004, 41.608032, 41.746796, 42.033553999999995, 42.070549, 41.534034999999996, 41.793048999999996], "curr": [41.458874]}, "15": {"past": [41.41296, 41.275211, 41.541512, 41.596607, 41.826168, 41.513965999999996, 41.826168, 41.954723, 41.449692, 41.155848999999996, 41.495594, 41.752720000000004, 41.78944, 41.651699, 41.771076, 41.688431], "next": [41.458874, 41.614971000000004, 41.608032, 41.746796, 42.033553999999995, 42.070549, 41.534034999999996, 41.793048999999996, 41.811543, 42.126059999999995, 42.28331, 41.9133, 42.144562, 42.320305, 42.597828, 42.986332], "curr": [41.458874]}}