{"3": {"past": [72.310608, 73.095955, 73.212303, 73.367424], "next": [71.302254, 72.09729, 72.010025, 72.504509], "curr": [71.302254]}, "7": {"past": [72.523903, 72.13608599999999, 72.417259, 71.990639, 72.310608, 73.095955, 73.212303, 73.367424], "next": [71.302254, 72.09729, 72.010025, 72.504509, 72.378479, 72.11668399999999, 71.690071, 72.000351], "curr": [71.302254]}, "15": {"past": [71.74826, 71.360428, 71.83551800000001, 72.11668399999999, 71.913078, 71.719162, 71.690071, 72.010025, 72.523903, 72.13608599999999, 72.417259, 71.990639, 72.310608, 73.095955, 73.212303, 73.367424], "next": [71.302254, 72.09729, 72.010025, 72.504509, 72.378479, 72.11668399999999, 71.690071, 72.000351, 72.291229, 72.688728, 71.83551800000001, 73.086258, 70.832359, 69.851151, 69.72485400000001, 69.66655], "curr": [71.302254]}}