{"3": {"past": [67.067444, 67.067444, 67.251251, 66.29341099999999], "next": [67.676964, 68.866997, 67.32866700000001, 67.996239], "curr": [67.676964]}, "7": {"past": [67.686646, 67.696297, 67.773705, 67.454422, 67.067444, 67.067444, 67.251251, 66.29341099999999], "next": [67.676964, 68.866997, 67.32866700000001, 67.996239, 68.702522, 67.735001, 68.31551400000001, 69.505539], "curr": [67.676964]}, "15": {"past": [65.9161, 65.69358100000001, 66.593361, 66.65140500000001, 66.554665, 67.241577, 67.686646, 67.705986, 67.686646, 67.696297, 67.773705, 67.454422, 67.067444, 67.067444, 67.251251, 66.29341099999999], "next": [67.676964, 68.866997, 67.32866700000001, 67.996239, 68.702522, 67.735001, 68.31551400000001, 69.505539, 69.341064, 69.718399, 68.102661, 67.937836, 67.404572, 68.015404, 67.889359, 67.695442], "curr": [67.676964]}}