{"3": {"past": [36.149242, 36.007145, 36.461849, 36.746047999999995], "next": [37.503887, 37.124969, 37.124969, 37.267056], "curr": [37.503887]}, "7": {"past": [35.239826, 35.60928, 35.552433, 35.997669, 36.149242, 36.007145, 36.461849, 36.746047999999995], "next": [37.503887, 37.124969, 37.124969, 37.267056, 36.50922, 36.272391999999996, 36.954453, 37.134440999999995], "curr": [37.503887]}, "15": {"past": [35.79874, 35.372452, 36.120827, 36.026092999999996, 35.685055, 35.26825, 35.325081, 35.182983, 35.239826, 35.60928, 35.552433, 35.997669, 36.149242, 36.007145, 36.461849, 36.746047999999995], "next": [37.503887, 37.124969, 37.124969, 37.267056, 36.50922, 36.272391999999996, 36.954453, 37.134440999999995, 37.020771, 37.039707, 37.19128, 36.926041, 36.916565000000006, 36.774467, 36.0924, 36.632359], "curr": [37.503887]}}