{"3": {"past": [34.700222, 34.554005, 34.714375, 34.638912], "next": [35.610531, 35.822781, 35.535057, 35.5728], "curr": [35.610531]}, "7": {"past": [34.322895, 34.223839, 34.0965, 34.247429, 34.700222, 34.554005, 34.714375, 34.638912], "next": [35.610531, 35.822781, 35.535057, 35.5728, 35.662418, 35.417152, 35.497337, 35.157742], "curr": [35.610531]}, "15": {"past": [32.56831, 32.95507, 33.087143, 33.143734, 33.407875, 33.450314, 33.822936999999996, 33.68615, 34.322895, 34.223839, 34.0965, 34.247429, 34.700222, 34.554005, 34.714375, 34.638912], "next": [35.610531, 35.822781, 35.535057, 35.5728, 35.662418, 35.417152, 35.497337, 35.157742, 35.308665999999995, 35.228489, 35.388847, 35.44545, 35.709576, 35.888809, 36.129364, 35.841648], "curr": [35.610531]}}