{"3": {"past": [37.695007000000004, 37.54282, 37.809151, 37.42868], "next": [37.50478, 37.590385, 38.474971999999994, 38.370342], "curr": [37.50478]}, "7": {"past": [37.286003, 37.266979, 37.419163, 37.561852, 37.695007000000004, 37.54282, 37.809151, 37.42868], "next": [37.50478, 37.590385, 38.474971999999994, 38.370342, 38.056446, 37.761585, 37.666470000000004, 37.675983], "curr": [37.50478]}, "15": {"past": [36.819922999999996, 36.382385, 36.686771, 36.867484999999995, 36.876995, 37.114792, 37.390633, 37.286003, 37.286003, 37.266979, 37.419163, 37.561852, 37.695007000000004, 37.54282, 37.809151, 37.42868], "next": [37.50478, 37.590385, 38.474971999999994, 38.370342, 38.056446, 37.761585, 37.666470000000004, 37.675983, 37.97084, 38.646183, 38.741295, 39.102745, 39.854172, 39.473701, 39.226402, 38.303761], "curr": [37.50478]}}