{"3": {"past": [61.375843, 60.52454399999999, 59.69154, 61.265987], "next": [61.979983999999995, 62.217968000000006, 63.353019999999994, 62.895351], "curr": [61.979983999999995]}, "7": {"past": [61.568068999999994, 62.25459300000001, 62.373592, 61.613831000000005, 61.375843, 60.52454399999999, 59.69154, 61.265987], "next": [61.979983999999995, 62.217968000000006, 63.353019999999994, 62.895351, 64.176872, 64.671188, 65.522491, 64.762703], "curr": [61.979983999999995]}, "15": {"past": [61.540611, 61.082924, 62.217968000000006, 62.089825, 63.2798, 62.77635600000001, 62.648208999999994, 62.81298100000001, 61.568068999999994, 62.25459300000001, 62.373592, 61.613831000000005, 61.375843, 60.52454399999999, 59.69154, 61.265987], "next": [61.979983999999995, 62.217968000000006, 63.353019999999994, 62.895351, 64.176872, 64.671188, 65.522491, 64.762703, 64.716942, 65.43094599999999, 65.156334, 65.888626, 65.852013, 65.540787, 65.824554, 65.18379200000001], "curr": [61.979983999999995]}}