{"3": {"past": [63.516090000000005, 63.698597, 63.160247999999996, 63.798962], "next": [59.647278, 61.189319999999995, 60.504996999999996, 61.098087], "curr": [59.647278]}, "7": {"past": [63.452229, 63.452229, 64.118309, 63.452229, 63.516090000000005, 63.698597, 63.160247999999996, 63.798962], "next": [59.647278, 61.189319999999995, 60.504996999999996, 61.098087, 61.171085, 61.736824, 63.315342, 63.488735], "curr": [59.647278]}, "15": {"past": [63.096371, 62.977748999999996, 63.187614, 63.497841, 62.621883, 61.974049, 62.147422999999996, 62.922996999999995, 63.452229, 63.452229, 64.118309, 63.452229, 63.516090000000005, 63.698597, 63.160247999999996, 63.798962], "next": [59.647278, 61.189319999999995, 60.504996999999996, 61.098087, 61.171085, 61.736824, 63.315342, 63.488735, 63.059879, 62.138275, 61.618191, 62.17479300000001, 61.380947, 62.49414399999999, 62.247776, 62.275154], "curr": [59.647278]}}