{"3": {"past": [35.519039, 35.528446, 35.725983, 35.876488], "next": [35.603699, 35.820053, 35.942337, 35.810638], "curr": [35.603699]}, "7": {"past": [35.0299, 35.321495, 35.12397, 34.813553000000006, 35.519039, 35.528446, 35.725983, 35.876488], "next": [35.603699, 35.820053, 35.942337, 35.810638, 35.791832, 35.43438, 35.293285, 35.114563000000004], "curr": [35.603699]}, "15": {"past": [34.992278999999996, 35.114563000000004, 35.24625, 35.678946999999994, 34.964054, 34.879395, 35.039307, 35.039307, 35.0299, 35.321495, 35.12397, 34.813553000000006, 35.519039, 35.528446, 35.725983, 35.876488], "next": [35.603699, 35.820053, 35.942337, 35.810638, 35.791832, 35.43438, 35.293285, 35.114563000000004, 35.688354, 35.801239, 35.293285, 35.170998, 34.644234000000004, 34.578381, 34.531353, 34.587799], "curr": [35.603699]}}