{"3": {"past": [22.657896, 22.528744, 22.870085, 22.851633], "next": [24.152433, 24.61371, 24.493779999999997, 24.61371], "curr": [24.152433]}, "7": {"past": [22.759377999999998, 22.63022, 22.916211999999998, 22.316553, 22.657896, 22.528744, 22.870085, 22.851633], "next": [24.152433, 24.61371, 24.493779999999997, 24.61371, 24.586037, 24.438423, 24.180111, 24.336945], "curr": [24.152433]}, "15": {"past": [22.547194, 22.39036, 22.418029999999998, 22.565642999999998, 22.427259, 22.620995999999998, 22.574867, 22.593319, 22.759377999999998, 22.63022, 22.916211999999998, 22.316553, 22.657896, 22.528744, 22.870085, 22.851633], "next": [24.152433, 24.61371, 24.493779999999997, 24.61371, 24.586037, 24.438423, 24.180111, 24.336945, 24.659836, 24.641388, 24.53068, 24.429195, 24.724417000000003, 24.632158, 24.659836, 25.130339000000003], "curr": [24.152433]}}