{"3": {"past": [17.62977, 17.172667, 17.235405, 17.522213], "next": [15.873063, 15.003676, 14.555535999999998, 14.698941], "curr": [15.873063]}, "7": {"past": [17.441545, 17.459471, 17.656655999999998, 17.531176000000002, 17.62977, 17.172667, 17.235405, 17.522213], "next": [15.873063, 15.003676, 14.555535999999998, 14.698941, 14.421095000000001, 14.797529999999998, 14.928484, 14.973638000000001], "curr": [15.873063]}, "15": {"past": [18.355749, 18.131681, 18.08687, 17.862801, 17.665615, 17.961393, 17.835911, 17.800058, 17.441545, 17.459471, 17.656655999999998, 17.531176000000002, 17.62977, 17.172667, 17.235405, 17.522213], "next": [15.873063, 15.003676, 14.555535999999998, 14.698941, 14.421095000000001, 14.797529999999998, 14.928484, 14.973638000000001, 14.946544, 14.783985999999999, 14.892357999999998, 14.765923, 14.874296, 15.100075, 15.407134, 15.506476999999999], "curr": [15.873063]}}