{"3": {"past": [17.157013, 17.050884, 17.26314, 17.723019], "next": [16.20188, 16.166506, 16.246103, 17.042044], "curr": [16.20188]}, "7": {"past": [16.670601, 16.980137, 16.7502, 17.095106, 17.157013, 17.050884, 17.26314, 17.723019], "next": [16.20188, 16.166506, 16.246103, 17.042044, 17.484234, 16.529099, 16.705977999999998, 16.944759], "curr": [16.20188]}, "15": {"past": [16.741356, 16.449507, 16.82095, 16.591007, 16.803259, 17.271986, 17.30736, 17.245451, 16.670601, 16.980137, 16.7502, 17.095106, 17.157013, 17.050884, 17.26314, 17.723019], "next": [16.20188, 16.166506, 16.246103, 17.042044, 17.484234, 16.529099, 16.705977999999998, 16.944759, 16.661758, 16.644070000000003, 16.612909, 16.693039000000002, 16.719748000000003, 17.24502, 16.657425, 16.684135], "curr": [16.20188]}}