{"3": {"past": [12.968724, 13.113223999999999, 13.050005, 13.329970999999999], "next": [15.172324, 14.729795999999999, 15.127170000000001, 15.307791], "curr": [15.172324]}, "7": {"past": [13.519625, 13.907963, 13.826684, 13.059036, 12.968724, 13.113223999999999, 13.050005, 13.329970999999999], "next": [15.172324, 14.729795999999999, 15.127170000000001, 15.307791, 15.190385000000001, 15.217482999999998, 15.398103, 15.443257999999998], "curr": [15.172324]}, "15": {"past": [14.233085999999998, 14.296303, 14.314364000000001, 13.953118, 13.862809, 13.772497, 13.763466000000001, 13.465435999999999, 13.519625, 13.907963, 13.826684, 13.059036, 12.968724, 13.113223999999999, 13.050005, 13.329970999999999], "next": [15.172324, 14.729795999999999, 15.127170000000001, 15.307791, 15.190385000000001, 15.217482999999998, 15.398103, 15.443257999999998, 15.235544, 15.334885, 15.352945000000002, 15.352945000000002, 15.533572, 15.547217000000002, 15.674578, 15.510826999999999], "curr": [15.172324]}}