{"3": {"past": [90.76915, 91.483986, 87.602028, 87.448204], "next": [89.27606999999999, 88.01828, 89.737564, 89.710411], "curr": [89.27606999999999]}, "7": {"past": [90.009026, 89.737564, 88.94126899999999, 90.53385899999999, 90.76915, 91.483986, 87.602028, 87.448204], "next": [89.27606999999999, 88.01828, 89.737564, 89.710411, 90.036171, 90.090469, 90.66055300000001, 91.013458], "curr": [89.27606999999999]}, "15": {"past": [90.262398, 92.216957, 91.55639599999999, 90.515778, 90.65149699999999, 89.864243, 89.592781, 89.013657, 90.009026, 89.737564, 88.94126899999999, 90.53385899999999, 90.76915, 91.483986, 87.602028, 87.448204], "next": [89.27606999999999, 88.01828, 89.737564, 89.710411, 90.036171, 90.090469, 90.66055300000001, 91.013458, 91.013458, 91.293961, 92.12645699999999, 91.32109799999999, 92.31649, 91.529236, 90.515778, 91.185379], "curr": [89.27606999999999]}}