{"3": {"past": [153.00788899999998, 152.832703, 154.160233, 154.787155], "next": [145.180923, 145.45752, 145.420639, 147.651657], "curr": [145.180923]}, "7": {"past": [151.58815, 152.316437, 153.468842, 154.602753, 153.00788899999998, 152.832703, 154.160233, 154.787155], "next": [145.180923, 145.45752, 145.420639, 147.651657, 147.531769, 147.33819599999998, 146.950974, 143.659805], "curr": [145.180923]}, "15": {"past": [152.18736299999998, 151.901566, 152.408646, 152.270355, 152.906479, 153.164581, 151.947708, 151.781738, 151.58815, 152.316437, 153.468842, 154.602753, 153.00788899999998, 152.832703, 154.160233, 154.787155], "next": [145.180923, 145.45752, 145.420639, 147.651657, 147.531769, 147.33819599999998, 146.950974, 143.659805, 143.49383500000002, 144.037796, 143.438538, 143.317856, 140.440002, 139.98509199999998, 141.16409299999998, 142.12960800000002], "curr": [145.180923]}}