{"3": {"past": [69.099861, 69.65844, 69.92400400000001, 70.537552], "next": [70.793945, 71.911125, 72.066788, 72.039322], "curr": [70.793945]}, "7": {"past": [72.048485, 72.167511, 71.398323, 68.495514, 69.099861, 69.65844, 69.92400400000001, 70.537552], "next": [70.793945, 71.911125, 72.066788, 72.039322, 72.716965, 72.753586, 72.973351, 73.037453], "curr": [70.793945]}, "15": {"past": [76.039124, 75.72966, 74.685753, 74.401871, 74.887199, 72.790207, 72.6437, 71.196877, 72.048485, 72.167511, 71.398323, 68.495514, 69.099861, 69.65844, 69.92400400000001, 70.537552], "next": [70.793945, 71.911125, 72.066788, 72.039322, 72.716965, 72.753586, 72.973351, 73.037453, 73.40374, 74.044739, 74.61248, 74.548378, 73.78834499999999, 73.898216, 74.49344599999999, 74.19124599999999], "curr": [70.793945]}}