{"3": {"past": [77.421532, 76.737854, 76.57154799999999, 76.811775], "next": [71.795074, 73.125473, 72.94994399999999, 72.78362299999999], "curr": [71.795074]}, "7": {"past": [76.867195, 77.476967, 77.94815799999999, 76.968826, 77.421532, 76.737854, 76.57154799999999, 76.811775], "next": [71.795074, 73.125473, 72.94994399999999, 72.78362299999999, 73.143959, 74.012398, 73.541214, 73.652084], "curr": [71.795074]}, "15": {"past": [75.684616, 75.010216, 72.395599, 71.18531800000001, 72.57114399999999, 73.67057, 75.03791, 77.255234, 76.867195, 77.476967, 77.94815799999999, 76.968826, 77.421532, 76.737854, 76.57154799999999, 76.811775], "next": [71.795074, 73.125473, 72.94994399999999, 72.78362299999999, 73.143959, 74.012398, 73.541214, 73.652084, 75.272453, 74.840714, 74.408974, 74.46527900000001, 74.343285, 74.540375, 75.272446, 76.548889], "curr": [71.795074]}}