{"3": {"past": [82.217789, 81.617104, 82.978027, 84.97715], "next": [90.74929, 89.791946, 89.219437, 90.477104], "curr": [90.74929]}, "7": {"past": [80.040337, 81.100899, 81.232315, 81.786057, 82.217789, 81.617104, 82.978027, 84.97715], "next": [90.74929, 89.791946, 89.219437, 90.477104, 91.181038, 91.42505600000001, 91.50952099999999, 90.12046099999999], "curr": [90.74929]}, "15": {"past": [75.347527, 77.95674100000001, 79.59921999999999, 79.13932, 79.815071, 80.7724, 80.847488, 80.274971, 80.040337, 81.100899, 81.232315, 81.786057, 82.217789, 81.617104, 82.978027, 84.97715], "next": [90.74929, 89.791946, 89.219437, 90.477104, 91.181038, 91.42505600000001, 91.50952099999999, 90.12046099999999, 90.402023, 92.48563399999999, 92.46685, 93.20830500000001, 92.710876, 92.087448, 91.426231, 92.19136], "curr": [90.74929]}}