{"3": {"past": [68.480003, 68.82, 69.010002, 69.08000200000001], "next": [70.089996, 66.449997, 65.239998, 65.449997], "curr": [70.089996]}, "7": {"past": [68.43, 67.739998, 68.269997, 68.5, 68.480003, 68.82, 69.010002, 69.08000200000001], "next": [70.089996, 66.449997, 65.239998, 65.449997, 65.389999, 65.870003, 66.540001, 66.879997], "curr": [70.089996]}, "15": {"past": [67.040001, 68.269997, 68.309998, 68.099998, 67.779999, 68.339996, 67.720001, 67.769997, 68.43, 67.739998, 68.269997, 68.5, 68.480003, 68.82, 69.010002, 69.08000200000001], "next": [70.089996, 66.449997, 65.239998, 65.449997, 65.389999, 65.870003, 66.540001, 66.879997, 66.639999, 66.029999, 62.09, 63.950001, 64.099998, 64.57, 64.699997, 64.879997], "curr": [70.089996]}}