{"3": {"past": [64.889999, 64.879997, 65.470001, 64.779999], "next": [64.129997, 58.459998999999996, 58.5, 57.700001], "curr": [64.129997]}, "7": {"past": [66.41999799999999, 65.760002, 65.480003, 65.370003, 64.889999, 64.879997, 65.470001, 64.779999], "next": [64.129997, 58.459998999999996, 58.5, 57.700001, 56.849998, 57.049999, 56.52, 56.130001], "curr": [64.129997]}, "15": {"past": [62.34, 63.360001000000004, 63.880001, 64.239998, 64.699997, 65.269997, 65.209999, 65.410004, 66.41999799999999, 65.760002, 65.480003, 65.370003, 64.889999, 64.879997, 65.470001, 64.779999], "next": [64.129997, 58.459998999999996, 58.5, 57.700001, 56.849998, 57.049999, 56.52, 56.130001, 56.549999, 56.919998, 56.98, 57.34, 56.560001, 56.23, 56.470001, 56.779999], "curr": [64.129997]}}