{"3": {"past": [102.516769, 101.67215, 101.799301, 101.009171], "next": [102.88913000000001, 104.296814, 103.770073, 102.416862], "curr": [102.88913000000001]}, "7": {"past": [101.027321, 101.717552, 102.643913, 102.880051, 102.516769, 101.67215, 101.799301, 101.009171], "next": [102.88913000000001, 104.296814, 103.770073, 102.416862, 101.272537, 101.59949499999999, 103.36138199999999, 103.116173], "curr": [102.88913000000001]}, "15": {"past": [96.159409, 97.067604, 98.293663, 98.720528, 99.265427, 99.37442, 99.82852199999999, 99.546974, 101.027321, 101.717552, 102.643913, 102.880051, 102.516769, 101.67215, 101.799301, 101.009171], "next": [102.88913000000001, 104.296814, 103.770073, 102.416862, 101.272537, 101.59949499999999, 103.36138199999999, 103.116173, 103.53394300000001, 103.924461, 103.23423000000001, 104.514786, 105.314003, 104.64193, 104.632858, 104.133347], "curr": [102.88913000000001]}}