{"3": {"past": [96.48679399999999, 96.522797, 94.77668800000001, 93.993599], "next": [92.83252, 93.7416, 94.254631, 93.33657099999999], "curr": [92.83252]}, "7": {"past": [96.207771, 96.432793, 96.98181899999999, 96.999825, 96.48679399999999, 96.522797, 94.77668800000001, 93.993599], "next": [92.83252, 93.7416, 94.254631, 93.33657099999999, 95.2537, 97.053825, 96.855812, 97.206856], "curr": [92.83252]}, "15": {"past": [96.65780600000001, 96.819817, 95.793739, 95.78472099999999, 96.873825, 95.766739, 96.189774, 96.98181899999999, 96.207771, 96.432793, 96.98181899999999, 96.999825, 96.48679399999999, 96.522797, 94.77668800000001, 93.993599], "next": [92.83252, 93.7416, 94.254631, 93.33657099999999, 95.2537, 97.053825, 96.855812, 97.206856, 97.242836, 96.630798, 97.50386, 96.936813, 96.73880799999999, 93.948601, 93.588585, 93.516586], "curr": [92.83252]}}