{"3": {"past": [62.540001000000004, 63.299999, 65.0, 64.440002], "next": [62.93, 63.169998, 60.380001, 60.060001], "curr": [62.93]}, "7": {"past": [59.580002, 59.84, 59.610001000000004, 60.34, 62.540001000000004, 63.299999, 65.0, 64.440002], "next": [62.93, 63.169998, 60.380001, 60.060001, 61.599998, 61.279999, 61.240002000000004, 61.669998], "curr": [62.93]}, "15": {"past": [63.150002, 62.549999, 63.610001000000004, 63.549999, 63.990002000000004, 62.380001, 58.790001000000004, 58.040001000000004, 59.580002, 59.84, 59.610001000000004, 60.34, 62.540001000000004, 63.299999, 65.0, 64.440002], "next": [62.93, 63.169998, 60.380001, 60.060001, 61.599998, 61.279999, 61.240002000000004, 61.669998, 61.630001, 61.369999, 61.509997999999996, 62.27, 62.77, 62.549999, 63.529999, 63.799999], "curr": [62.93]}}