{"3": {"past": [62.889998999999996, 62.720001, 62.889998999999996, 62.82], "next": [62.400002, 61.91, 62.540001000000004, 62.529999], "curr": [62.400002]}, "7": {"past": [61.07, 61.150002, 61.950001, 61.950001, 62.889998999999996, 62.720001, 62.889998999999996, 62.82], "next": [62.400002, 61.91, 62.540001000000004, 62.529999, 62.0, 61.990002000000004, 60.82, 61.18], "curr": [62.400002]}, "15": {"past": [59.34, 59.169998, 61.139998999999996, 61.290001000000004, 61.849998, 60.98, 60.419998, 60.860001000000004, 61.07, 61.150002, 61.950001, 61.950001, 62.889998999999996, 62.720001, 62.889998999999996, 62.82], "next": [62.400002, 61.91, 62.540001000000004, 62.529999, 62.0, 61.990002000000004, 60.82, 61.18, 61.23, 64.0, 63.990002000000004, 63.509997999999996, 62.049999, 61.98, 62.459998999999996, 63.139998999999996], "curr": [62.400002]}}