{"3": {"past": [63.939999, 64.029999, 65.489998, 64.0], "next": [61.110001000000004, 60.619999, 60.040001000000004, 59.709998999999996], "curr": [61.110001000000004]}, "7": {"past": [64.33000200000001, 64.440002, 64.269997, 63.880001, 63.939999, 64.029999, 65.489998, 64.0], "next": [61.110001000000004, 60.619999, 60.040001000000004, 59.709998999999996, 59.740002000000004, 58.189999, 58.459998999999996, 58.720001], "curr": [61.110001000000004]}, "15": {"past": [65.190002, 64.650002, 66.0, 65.870003, 65.529999, 65.089996, 65.089996, 64.720001, 64.33000200000001, 64.440002, 64.269997, 63.880001, 63.939999, 64.029999, 65.489998, 64.0], "next": [61.110001000000004, 60.619999, 60.040001000000004, 59.709998999999996, 59.740002000000004, 58.189999, 58.459998999999996, 58.720001, 58.150002, 58.459998999999996, 56.939999, 56.84, 56.650002, 57.450001, 57.279999, 57.310001], "curr": [61.110001000000004]}}