{"3": {"past": [48.07, 50.82, 50.07, 48.73], "next": [50.299999, 50.810001, 50.860001000000004, 50.509997999999996], "curr": [50.299999]}, "7": {"past": [48.389998999999996, 48.540001000000004, 48.77, 48.27, 48.07, 50.82, 50.07, 48.73], "next": [50.299999, 50.810001, 50.860001000000004, 50.509997999999996, 50.610001000000004, 50.5, 50.66, 50.009997999999996], "curr": [50.299999]}, "15": {"past": [49.709998999999996, 49.32, 49.299999, 48.98, 49.0, 49.0, 47.919998, 46.490002000000004, 48.389998999999996, 48.540001000000004, 48.77, 48.27, 48.07, 50.82, 50.07, 48.73], "next": [50.299999, 50.810001, 50.860001000000004, 50.509997999999996, 50.610001000000004, 50.5, 50.66, 50.009997999999996, 50.040001000000004, 50.43, 49.869999, 49.650002, 50.41, 51.279999, 50.650002, 50.32], "curr": [50.299999]}}