{"3": {"past": [85.96862, 88.694824, 88.303978, 88.772995], "next": [91.235405, 91.24517800000001, 91.215843, 89.144325], "curr": [91.235405]}, "7": {"past": [84.375877, 85.72434200000001, 86.652626, 86.066338, 85.96862, 88.694824, 88.303978, 88.772995], "next": [91.235405, 91.24517800000001, 91.215843, 89.144325, 89.544945, 88.714378, 88.851189, 90.434143], "curr": [91.235405]}, "15": {"past": [81.346756, 80.418472, 82.968811, 83.545326, 84.952393, 84.66902900000001, 85.23577900000001, 84.30748, 84.375877, 85.72434200000001, 86.652626, 86.066338, 85.96862, 88.694824, 88.303978, 88.772995], "next": [91.235405, 91.24517800000001, 91.215843, 89.144325, 89.544945, 88.714378, 88.851189, 90.434143, 89.994415, 89.632896, 89.544945, 90.785912, 90.365753, 90.50254100000001, 90.46345500000001, 90.88362099999999], "curr": [91.235405]}}