{"3": {"past": [67.772522, 67.343643, 67.588722, 67.01978299999999], "next": [67.658737, 68.47274, 68.735336, 67.816299], "curr": [67.658737]}, "7": {"past": [68.332695, 68.00885, 67.82504300000001, 68.000099, 67.772522, 67.343643, 67.588722, 67.01978299999999], "next": [67.658737, 68.47274, 68.735336, 67.816299, 68.03511, 67.930077, 68.210167, 68.245163], "curr": [67.658737]}, "15": {"past": [67.816299, 68.210167, 67.860054, 68.218918, 68.262688, 67.693748, 67.711258, 67.868813, 68.332695, 68.00885, 67.82504300000001, 68.000099, 67.772522, 67.343643, 67.588722, 67.01978299999999], "next": [67.658737, 68.47274, 68.735336, 67.816299, 68.03511, 67.930077, 68.210167, 68.245163, 67.57995600000001, 67.816299, 68.551521, 68.787842, 69.759407, 69.76815, 70.27580999999999, 70.871002], "curr": [67.658737]}}