{"3": {"past": [68.136139, 68.02127800000001, 68.189148, 68.295158], "next": [68.789925, 69.267014, 68.984306, 68.842926], "curr": [68.789925]}, "7": {"past": [68.533714, 67.826897, 67.84458199999999, 68.07428, 68.136139, 68.02127800000001, 68.189148, 68.295158], "next": [68.789925, 69.267014, 68.984306, 68.842926, 68.878273, 68.772247, 68.75457800000001, 68.374672], "curr": [68.789925]}, "15": {"past": [67.17311099999999, 67.659035, 67.243774, 67.63252299999999, 67.694389, 67.90641, 68.012436, 67.985939, 68.533714, 67.826897, 67.84458199999999, 68.07428, 68.136139, 68.02127800000001, 68.189148, 68.295158], "next": [68.789925, 69.267014, 68.984306, 68.842926, 68.878273, 68.772247, 68.75457800000001, 68.374672, 68.630905, 68.825272, 69.125656, 69.019638, 69.523247, 69.567406, 69.770622, 69.991501], "curr": [68.789925]}}