{"3": {"past": [71.664162, 71.06658900000001, 71.717682, 71.80686999999999], "next": [72.67201999999999, 72.368759, 71.78904, 72.10120400000001], "curr": [72.67201999999999]}, "7": {"past": [70.353081, 71.307419, 71.351997, 71.690926, 71.664162, 71.06658900000001, 71.717682, 71.80686999999999], "next": [72.67201999999999, 72.368759, 71.78904, 72.10120400000001, 71.94957, 71.851463, 72.59174300000001, 72.136864], "curr": [72.67201999999999]}, "15": {"past": [68.506828, 68.355225, 69.336311, 69.577126, 70.130089, 70.121185, 70.486847, 70.42441600000001, 70.353081, 71.307419, 71.351997, 71.690926, 71.664162, 71.06658900000001, 71.717682, 71.80686999999999], "next": [72.67201999999999, 72.368759, 71.78904, 72.10120400000001, 71.94957, 71.851463, 72.59174300000001, 72.136864, 72.457962, 72.07444, 73.002022, 73.88499499999999, 73.34095, 73.100121, 72.529312, 72.377686], "curr": [72.67201999999999]}}