{"3": {"past": [64.094238, 64.208275, 64.200661, 64.76316800000001], "next": [63.2201, 62.992077, 63.813010999999996, 64.063858], "curr": [63.2201]}, "7": {"past": [63.341728, 63.250519, 64.155075, 63.645775, 64.094238, 64.208275, 64.200661, 64.76316800000001], "next": [63.2201, 62.992077, 63.813010999999996, 64.063858, 63.364520999999996, 63.744597999999996, 63.820609999999995, 63.851017000000006], "curr": [63.2201]}, "15": {"past": [59.396641, 60.278397, 59.883132999999994, 60.977718, 62.330753, 62.041904, 62.490382999999994, 63.2201, 63.341728, 63.250519, 64.155075, 63.645775, 64.094238, 64.208275, 64.200661, 64.76316800000001], "next": [63.2201, 62.992077, 63.813010999999996, 64.063858, 63.364520999999996, 63.744597999999996, 63.820609999999995, 63.851017000000006, 63.56216, 64.07905600000001, 65.72093199999999, 65.781746, 66.321426, 66.032593, 66.00218199999999, 64.99880999999999], "curr": [63.2201]}}