{"3": {"past": [59.290401, 60.302238, 60.483463, 59.849174], "next": [60.188976000000004, 59.894484999999996, 60.906318999999996, 61.366928], "curr": [60.188976000000004]}, "7": {"past": [60.50611899999999, 61.019588, 61.246113, 59.902039, 59.290401, 60.302238, 60.483463, 59.849174], "next": [60.188976000000004, 59.894484999999996, 60.906318999999996, 61.366928, 61.170601, 60.136124, 59.562236999999996, 59.320606000000005], "curr": [60.188976000000004]}, "15": {"past": [59.902039, 60.377743, 60.4608, 60.672237, 61.434879, 61.329174, 60.551411, 60.913872, 60.50611899999999, 61.019588, 61.246113, 59.902039, 59.290401, 60.302238, 60.483463, 59.849174], "next": [60.188976000000004, 59.894484999999996, 60.906318999999996, 61.366928, 61.170601, 60.136124, 59.562236999999996, 59.320606000000005, 58.769386, 58.467342, 58.187962, 59.471630000000005, 59.524487, 59.977543000000004, 60.445705000000004, 60.32489399999999], "curr": [60.188976000000004]}}