{"3": {"past": [95.981789, 97.033569, 95.622192, 95.559273], "next": [96.53014399999999, 96.50316600000001, 95.936821, 96.24247], "curr": [96.53014399999999]}, "7": {"past": [94.741226, 95.36150400000001, 95.064842, 95.235649, 95.981789, 97.033569, 95.622192, 95.559273], "next": [96.53014399999999, 96.50316600000001, 95.936821, 96.24247, 96.17952700000001, 96.727913, 97.869591, 97.932526], "curr": [96.53014399999999]}, "15": {"past": [94.87604499999999, 94.786171, 94.543449, 94.624352, 94.327698, 94.102951, 94.920998, 94.291733, 94.741226, 95.36150400000001, 95.064842, 95.235649, 95.981789, 97.033569, 95.622192, 95.559273], "next": [96.53014399999999, 96.50316600000001, 95.936821, 96.24247, 96.17952700000001, 96.727913, 97.869591, 97.932526, 97.923523, 98.346039, 97.56395, 98.040398, 96.97063399999999, 98.031403, 98.139275, 98.77754200000001], "curr": [96.53014399999999]}}