{"3": {"past": [79.09204100000001, 79.271576, 78.86763, 79.495979], "next": [79.460075, 78.87661, 80.214104, 80.097412], "curr": [79.460075]}, "7": {"past": [78.98432199999999, 78.768883, 78.418808, 78.948418, 79.09204100000001, 79.271576, 78.86763, 79.495979], "next": [79.460075, 78.87661, 80.214104, 80.097412, 80.456474, 79.792198, 80.680878, 81.76702900000001], "curr": [79.460075]}, "15": {"past": [78.068718, 77.907135, 78.212349, 78.553444, 78.131561, 78.858643, 78.93046600000001, 78.580383, 78.98432199999999, 78.768883, 78.418808, 78.948418, 79.09204100000001, 79.271576, 78.86763, 79.495979], "next": [79.460075, 78.87661, 80.214104, 80.097412, 80.456474, 79.792198, 80.680878, 81.76702900000001, 81.309242, 80.8741, 80.248566, 80.375496, 80.511459, 80.348282, 80.484268, 80.574921], "curr": [79.460075]}}