{"3": {"past": [30.124723, 30.046274, 29.683445000000003, 29.408869], "next": [29.644218, 31.124958000000003, 31.880036999999998, 31.546625], "curr": [29.644218]}, "7": {"past": [29.761892, 29.703056, 29.703056, 29.801116999999998, 30.124723, 30.046274, 29.683445000000003, 29.408869], "next": [29.644218, 31.124958000000003, 31.880036999999998, 31.546625, 31.213215, 31.556434999999997, 31.350502000000002, 31.448565000000002], "curr": [29.644218]}, "15": {"past": [29.114684999999998, 29.261776, 29.183327000000002, 29.42848, 30.448328000000004, 30.154141999999997, 29.663832, 29.820729999999998, 29.761892, 29.703056, 29.703056, 29.801116999999998, 30.124723, 30.046274, 29.683445000000003, 29.408869], "next": [29.644218, 31.124958000000003, 31.880036999999998, 31.546625, 31.213215, 31.556434999999997, 31.350502000000002, 31.448565000000002, 31.409338, 31.801592, 32.605698, 32.478214, 32.978336, 33.135234999999994, 32.978336, 33.350971], "curr": [29.644218]}}