{"3": {"past": [36.361488, 36.332062, 36.086906, 36.361488], "next": [36.459545, 35.900593, 35.675049, 35.616211], "curr": [36.459545]}, "7": {"past": [34.361015, 34.508102, 35.331825, 35.792721, 36.361488, 36.332062, 36.086906, 36.361488], "next": [36.459545, 35.900593, 35.675049, 35.616211, 36.322258000000005, 35.469112, 35.243572, 35.037647], "curr": [36.459545]}, "15": {"past": [34.233532000000004, 34.625782, 33.841278, 34.24334, 33.929534999999994, 34.047215, 33.370583, 33.566708, 34.361015, 34.508102, 35.331825, 35.792721, 36.361488, 36.332062, 36.086906, 36.361488], "next": [36.459545, 35.900593, 35.675049, 35.616211, 36.322258000000005, 35.469112, 35.243572, 35.037647, 35.214153, 35.20435, 35.018028, 34.929771, 35.410278000000005, 35.655440999999996, 35.380859, 34.311985], "curr": [36.459545]}}