{"3": {"past": [33.605934000000005, 33.664776, 33.77264, 33.360775], "next": [33.194069, 31.899646999999998, 31.556434999999997, 31.428951], "curr": [33.194069]}, "7": {"past": [33.498065999999994, 33.252911, 33.400005, 33.33136, 33.605934000000005, 33.664776, 33.77264, 33.360775], "next": [33.194069, 31.899646999999998, 31.556434999999997, 31.428951, 32.174229, 32.37035, 32.419384, 32.762596], "curr": [33.194069]}, "15": {"past": [32.782211, 32.880272, 32.997952000000005, 33.046982, 32.919498, 33.105816, 33.478446999999996, 33.15485, 33.498065999999994, 33.252911, 33.400005, 33.33136, 33.605934000000005, 33.664776, 33.77264, 33.360775], "next": [33.194069, 31.899646999999998, 31.556434999999997, 31.428951, 32.174229, 32.37035, 32.419384, 32.762596, 32.664536, 32.860657, 32.615501, 32.860657, 32.850849, 32.595894, 33.066593, 33.223488], "curr": [33.194069]}}