{"3": {"past": [125.01700600000001, 125.57024399999999, 125.29846200000001, 125.45378899999999], "next": [121.580978, 121.88186599999999, 122.512772, 122.75543200000001], "curr": [121.580978]}, "7": {"past": [122.638954, 122.49335500000001, 123.56105, 124.483131, 125.01700600000001, 125.57024399999999, 125.29846200000001, 125.45378899999999], "next": [121.580978, 121.88186599999999, 122.512772, 122.75543200000001, 122.25068700000001, 121.92069199999999, 122.93985, 123.007797], "curr": [121.580978]}, "15": {"past": [121.571243, 122.17305, 121.96921499999999, 121.28978000000001, 120.814163, 121.73625200000001, 121.629501, 122.017746, 122.638954, 122.49335500000001, 123.56105, 124.483131, 125.01700600000001, 125.57024399999999, 125.29846200000001, 125.45378899999999], "next": [121.580978, 121.88186599999999, 122.512772, 122.75543200000001, 122.25068700000001, 121.92069199999999, 122.93985, 123.007797, 122.79425, 123.531921, 123.638702, 122.67778, 123.017494, 123.357216, 124.065781, 124.289024], "curr": [121.580978]}}