{"3": {"past": [129.32019, 129.49588, 128.832169, 127.78775800000001], "next": [127.533951, 128.129379, 128.100113, 128.23678600000002], "curr": [127.533951]}, "7": {"past": [128.58815, 129.622772, 129.42756699999998, 129.134735, 129.32019, 129.49588, 128.832169, 127.78775800000001], "next": [127.533951, 128.129379, 128.100113, 128.23678600000002, 128.754074, 127.817039, 127.270424, 127.133789], "curr": [127.533951]}, "15": {"past": [128.900467, 129.52516200000002, 129.37875400000001, 130.706207, 130.881912, 131.233307, 129.408051, 128.54908799999998, 128.58815, 129.622772, 129.42756699999998, 129.134735, 129.32019, 129.49588, 128.832169, 127.78775800000001], "next": [127.533951, 128.129379, 128.100113, 128.23678600000002, 128.754074, 127.817039, 127.270424, 127.133789, 127.18261000000001, 128.49049399999998, 128.25628700000001, 127.114273, 128.832169, 128.305054, 128.96881100000002, 129.281128], "curr": [127.533951]}}