{"3": {"past": [128.916122, 128.30296299999998, 128.40026899999998, 128.156952], "next": [127.92334, 129.354141, 129.081619, 129.354141], "curr": [127.92334]}, "7": {"past": [128.916122, 129.500122, 128.51709, 129.354141, 128.916122, 128.30296299999998, 128.40026899999998, 128.156952], "next": [127.92334, 129.354141, 129.081619, 129.354141, 128.429459, 127.73845700000001, 128.828568, 126.755379], "curr": [127.92334]}, "15": {"past": [128.52681, 128.371094, 129.490387, 128.536545, 129.17893999999998, 128.6436, 128.916122, 129.500122, 128.916122, 129.500122, 128.51709, 129.354141, 128.916122, 128.30296299999998, 128.40026899999998, 128.156952], "next": [127.92334, 129.354141, 129.081619, 129.354141, 128.429459, 127.73845700000001, 128.828568, 126.755379, 126.34657299999999, 127.95257600000001, 127.650803, 128.87721299999998, 126.755379, 126.63858, 126.92080700000001, 127.972023], "curr": [127.92334]}}