{"3": {"past": [118.879654, 119.421608, 119.305458, 119.953865], "next": [120.03128799999999, 119.13126399999999, 118.802231, 121.45388799999999], "curr": [120.03128799999999]}, "7": {"past": [116.46024299999999, 116.72155, 117.292526, 117.83448, 118.879654, 119.421608, 119.305458, 119.953865], "next": [120.03128799999999, 119.13126399999999, 118.802231, 121.45388799999999, 119.847397, 119.97321299999999, 121.81197399999999, 121.057098], "curr": [120.03128799999999]}, "15": {"past": [117.379623, 117.573174, 116.25702700000001, 116.886063, 116.33443500000001, 116.85704799999999, 115.84088100000001, 116.373154, 116.46024299999999, 116.72155, 117.292526, 117.83448, 118.879654, 119.421608, 119.305458, 119.953865], "next": [120.03128799999999, 119.13126399999999, 118.802231, 121.45388799999999, 119.847397, 119.97321299999999, 121.81197399999999, 121.057098, 121.211952, 121.02806899999999, 120.699051, 120.48613700000001, 119.70225500000001, 120.244194, 120.747429, 119.692574], "curr": [120.03128799999999]}}