{"3": {"past": [95.129997, 97.300003, 96.470001, 96.239998], "next": [98.019997, 89.730003, 90.470001, 89.870003], "curr": [98.019997]}, "7": {"past": [95.510002, 95.0, 94.400002, 96.050003, 95.129997, 97.300003, 96.470001, 96.239998], "next": [98.019997, 89.730003, 90.470001, 89.870003, 90.709999, 90.83000200000001, 90.82, 90.339996], "curr": [98.019997]}, "15": {"past": [97.949997, 99.139999, 98.650002, 97.589996, 97.129997, 96.879997, 95.790001, 96.290001, 95.510002, 95.0, 94.400002, 96.050003, 95.129997, 97.300003, 96.470001, 96.239998], "next": [98.019997, 89.730003, 90.470001, 89.870003, 90.709999, 90.83000200000001, 90.82, 90.339996, 89.959999, 89.489998, 90.309998, 89.93, 89.739998, 92.66999799999999, 92.209999, 95.699997], "curr": [98.019997]}}