{"3": {"past": [114.559998, 115.83000200000001, 116.889999, 117.58000200000001], "next": [119.599998, 114.470001, 112.690002, 113.199997], "curr": [119.599998]}, "7": {"past": [113.07, 113.620003, 113.660004, 113.389999, 114.559998, 115.83000200000001, 116.889999, 117.58000200000001], "next": [119.599998, 114.470001, 112.690002, 113.199997, 112.459999, 111.699997, 114.150002, 111.889999], "curr": [119.599998]}, "15": {"past": [118.620003, 117.82, 116.050003, 117.139999, 118.620003, 117.480003, 115.980003, 113.160004, 113.07, 113.620003, 113.660004, 113.389999, 114.559998, 115.83000200000001, 116.889999, 117.58000200000001], "next": [119.599998, 114.470001, 112.690002, 113.199997, 112.459999, 111.699997, 114.150002, 111.889999, 112.75, 112.010002, 112.269997, 111.480003, 111.599998, 108.82, 107.639999, 107.709999], "curr": [119.599998]}}