{"3": {"past": [33.505634, 33.580166, 34.101856, 34.053946999999994], "next": [35.677589000000005, 35.187836, 33.91021, 34.032654], "curr": [35.677589000000005]}, "7": {"past": [33.095729999999996, 32.552738, 33.282051, 32.983936, 33.505634, 33.580166, 34.101856, 34.053946999999994], "next": [35.677589000000005, 35.187836, 33.91021, 34.032654, 33.542904, 33.069117999999996, 33.250107, 32.82423], "curr": [35.677589000000005]}, "15": {"past": [31.828749, 31.408205, 31.269794, 31.887321000000004, 32.494186, 32.595321999999996, 32.845528, 32.941353, 33.095729999999996, 32.552738, 33.282051, 32.983936, 33.505634, 33.580166, 34.101856, 34.053946999999994], "next": [35.677589000000005, 35.187836, 33.91021, 34.032654, 33.542904, 33.069117999999996, 33.250107, 32.82423, 33.420452000000004, 33.412525, 33.071526, 33.529739, 32.938320000000004, 32.528053, 32.373543, 32.528053], "curr": [35.677589000000005]}}