{"3": {"past": [33.425011, 33.334599, 33.738792, 33.978107], "next": [31.574268, 30.92013, 30.904175, 31.409409000000004], "curr": [31.574268]}, "7": {"past": [33.3027, 33.281418, 33.105911, 33.648373, 33.425011, 33.334599, 33.738792, 33.978107], "next": [31.574268, 30.92013, 30.904175, 31.409409000000004, 30.946720000000003, 29.914989000000002, 30.962677000000003, 30.382994], "curr": [31.574268]}, "15": {"past": [33.19101, 33.089973, 33.765384999999995, 33.504791, 33.749428, 33.823875, 33.696243, 33.3027, 33.3027, 33.281418, 33.105911, 33.648373, 33.425011, 33.334599, 33.738792, 33.978107], "next": [31.574268, 30.92013, 30.904175, 31.409409000000004, 30.946720000000003, 29.914989000000002, 30.962677000000003, 30.382994, 29.978806, 30.386105, 30.205111, 30.247696, 30.178492, 29.896347, 29.624855, 29.529035999999998], "curr": [31.574268]}}