{"3": {"past": [431.685669, 433.881134, 436.941528, 440.524658], "next": [443.908203, 464.45648200000005, 462.5271, 467.250793], "curr": [443.908203]}, "7": {"past": [445.52392599999996, 436.06713899999994, 440.02093499999995, 435.23074299999996, 431.685669, 433.881134, 436.941528, 440.524658], "next": [443.908203, 464.45648200000005, 462.5271, 467.250793, 463.867218, 468.54333499999996, 460.825867, 458.30722000000003], "curr": [443.908203]}, "15": {"past": [429.490173, 436.21917699999995, 441.665131, 439.87838700000003, 438.481201, 438.69979900000004, 447.871521, 447.22522000000004, 445.52392599999996, 436.06713899999994, 440.02093499999995, 435.23074299999996, 431.685669, 433.881134, 436.941528, 440.524658], "next": [443.908203, 464.45648200000005, 462.5271, 467.250793, 463.867218, 468.54333499999996, 460.825867, 458.30722000000003, 460.12255899999997, 459.101318, 452.77386500000006, 453.41333, 451.227783, 450.359283, 452.621155, 450.817383], "curr": [443.908203]}}