{"3": {"past": [419.04650899999996, 423.80596900000006, 426.48373399999997, 428.707275], "next": [430.968689, 425.187469, 421.61071799999996, 420.33334400000007], "curr": [430.968689]}, "7": {"past": [417.693481, 417.844849, 413.454468, 416.36877400000003, 419.04650899999996, 423.80596900000006, 426.48373399999997, 428.707275], "next": [430.968689, 425.187469, 421.61071799999996, 420.33334400000007, 417.778656, 423.720795, 415.83892799999995, 414.807526], "curr": [430.968689]}, "15": {"past": [407.85290499999996, 413.596405, 412.773163, 414.15466299999997, 412.054077, 414.703461, 416.804047, 417.4758, 417.693481, 417.844849, 413.454468, 416.36877400000003, 419.04650899999996, 423.80596900000006, 426.48373399999997, 428.707275], "next": [430.968689, 425.187469, 421.61071799999996, 420.33334400000007, 417.778656, 423.720795, 415.83892799999995, 414.807526, 425.310425, 424.212799, 430.325348, 427.2595519999999, 425.792999, 427.969482, 433.67208899999997, 438.908905], "curr": [430.968689]}}