{"3": {"past": [90.27655, 92.09043100000001, 92.36203, 92.36203], "next": [93.07981099999999, 100.306213, 99.054924, 100.577812], "curr": [93.07981099999999]}, "7": {"past": [89.471474, 88.85067, 89.161079, 89.88855699999999, 90.27655, 92.09043100000001, 92.36203, 92.36203], "next": [93.07981099999999, 100.306213, 99.054924, 100.577812, 100.43231999999999, 101.053101, 101.683586, 102.032776], "curr": [93.07981099999999]}, "15": {"past": [89.529678, 89.04467, 88.666382, 88.82157099999999, 90.39295200000001, 90.80034599999999, 90.22805799999999, 89.490883, 89.471474, 88.85067, 89.161079, 89.88855699999999, 90.27655, 92.09043100000001, 92.36203, 92.36203], "next": [93.07981099999999, 100.306213, 99.054924, 100.577812, 100.43231999999999, 101.053101, 101.683586, 102.032776, 102.760269, 103.701172, 102.090981, 101.99398000000001, 102.692375, 101.635086, 102.498367, 102.537178], "curr": [93.07981099999999]}}