{"3": {"past": [76.392639, 77.17532299999999, 76.962738, 76.363663], "next": [76.527916, 80.306, 79.610298, 80.798798], "curr": [76.527916]}, "7": {"past": [76.421638, 76.91442099999999, 75.87086500000001, 75.880516, 76.392639, 77.17532299999999, 76.962738, 76.363663], "next": [76.527916, 80.306, 79.610298, 80.798798, 81.17564399999999, 81.552483, 82.740974, 81.629784], "curr": [76.527916]}, "15": {"past": [76.325005, 75.638954, 76.17040300000001, 76.421638, 76.450638, 76.218712, 76.72116899999999, 77.098022, 76.421638, 76.91442099999999, 75.87086500000001, 75.880516, 76.392639, 77.17532299999999, 76.962738, 76.363663], "next": [76.527916, 80.306, 79.610298, 80.798798, 81.17564399999999, 81.552483, 82.740974, 81.629784, 81.417198, 80.557236, 78.624718, 79.484688, 78.702011, 78.808296, 79.011208, 78.69234499999999], "curr": [76.527916]}}