{"3": {"past": [73.216087, 72.638817, 71.849899, 71.859512], "next": [70.185448, 72.70616899999999, 73.543198, 73.98575600000001], "curr": [70.185448]}, "7": {"past": [70.522209, 70.59916700000001, 71.926849, 73.41812900000001, 73.216087, 72.638817, 71.849899, 71.859512], "next": [70.185448, 72.70616899999999, 73.543198, 73.98575600000001, 74.707336, 73.446991, 74.12044499999999, 74.03385899999999], "curr": [70.185448]}, "15": {"past": [69.348427, 69.935295, 70.945511, 70.656876, 69.99301899999999, 71.224518, 70.87816600000001, 71.368843, 70.522209, 70.59916700000001, 71.926849, 73.41812900000001, 73.216087, 72.638817, 71.849899, 71.859512], "next": [70.185448, 72.70616899999999, 73.543198, 73.98575600000001, 74.707336, 73.446991, 74.12044499999999, 74.03385899999999, 73.97614300000001, 75.053696, 74.928627, 74.322502, 76.496849, 76.785484, 76.670036, 76.0158], "curr": [70.185448]}}