{"3": {"past": [81.06935899999999, 82.480103, 82.373795, 82.035614], "next": [80.296341, 86.26783, 86.54805, 86.383781], "curr": [80.296341]}, "7": {"past": [81.359222, 82.161232, 84.48992199999999, 82.760323, 81.06935899999999, 82.480103, 82.373795, 82.035614], "next": [80.296341, 86.26783, 86.54805, 86.383781, 85.127647, 86.171211, 85.572128, 84.31115], "curr": [80.296341]}, "15": {"past": [80.760147, 81.156326, 80.62487, 80.05477900000001, 79.90016899999999, 79.494339, 79.165817, 80.132065, 81.359222, 82.161232, 84.48992199999999, 82.760323, 81.06935899999999, 82.480103, 82.373795, 82.035614], "next": [80.296341, 86.26783, 86.54805, 86.383781, 85.127647, 86.171211, 85.572128, 84.31115, 85.058037, 85.504234, 86.454803, 86.84281899999999, 87.783699, 87.06591, 86.978607, 85.911621], "curr": [80.296341]}}