{"3": {"past": [74.505402, 74.71127299999999, 74.44274899999999, 74.71127299999999], "next": [74.92609399999999, 74.773933, 74.60386700000001, 75.069298], "curr": [74.92609399999999]}, "7": {"past": [74.254784, 74.075783, 74.057869, 74.389046, 74.505402, 74.71127299999999, 74.44274899999999, 74.71127299999999], "next": [74.92609399999999, 74.773933, 74.60386700000001, 75.069298, 74.764977, 74.451698, 74.96189100000001, 74.809738], "curr": [74.92609399999999]}, "15": {"past": [73.413422, 73.13595600000001, 73.422371, 73.628242, 73.932564, 73.780411, 73.762512, 74.120514, 74.254784, 74.075783, 74.057869, 74.389046, 74.505402, 74.71127299999999, 74.44274899999999, 74.71127299999999], "next": [74.92609399999999, 74.773933, 74.60386700000001, 75.069298, 74.764977, 74.451698, 74.96189100000001, 74.809738, 74.71127299999999, 75.15880600000001, 74.923935, 74.878761, 74.29158000000001, 73.361137, 72.77394100000001, 72.484879], "curr": [74.92609399999999]}}