{"3": {"past": [142.53999299999998, 142.100006, 141.139999, 144.149994], "next": [145.75, 133.720001, 135.53999299999998, 134.690002], "curr": [145.75]}, "7": {"past": [142.990005, 143.369995, 141.630005, 142.83999599999999, 142.53999299999998, 142.100006, 141.139999, 144.149994], "next": [145.75, 133.720001, 135.53999299999998, 134.690002, 134.029999, 132.33999599999999, 134.449997, 136.229996], "curr": [145.75]}, "15": {"past": [144.720001, 144.800003, 145.46000700000002, 144.419998, 144.449997, 144.149994, 144.240005, 144.029999, 142.990005, 143.369995, 141.630005, 142.83999599999999, 142.53999299999998, 142.100006, 141.139999, 144.149994], "next": [145.75, 133.720001, 135.53999299999998, 134.690002, 134.029999, 132.33999599999999, 134.449997, 136.229996, 136.679993, 138.570007, 138.880005, 139.729996, 139.690002, 140.470001, 141.100006, 143.130005], "curr": [145.75]}}