{"3": {"past": [136.869995, 136.53999299999998, 137.929993, 138.190002], "next": [137.300003, 126.989998, 129.130005, 127.400002], "curr": [137.300003]}, "7": {"past": [134.429993, 135.979996, 135.429993, 135.929993, 136.869995, 136.53999299999998, 137.929993, 138.190002], "next": [137.300003, 126.989998, 129.130005, 127.400002, 127.5, 126.989998, 126.41999799999999, 128.570007], "curr": [137.300003]}, "15": {"past": [141.020004, 139.429993, 138.08999599999999, 138.300003, 137.029999, 136.860001, 136.679993, 134.880005, 134.429993, 135.979996, 135.429993, 135.929993, 136.869995, 136.53999299999998, 137.929993, 138.190002], "next": [137.300003, 126.989998, 129.130005, 127.400002, 127.5, 126.989998, 126.41999799999999, 128.570007, 129.759995, 130.83999599999999, 131.600006, 129.940002, 129.16000400000001, 131.720001, 131.380005, 127.870003], "curr": [137.300003]}}