{"3": {"past": [127.239998, 126.900002, 126.790001, 128.020004], "next": [128.199997, 119.019997, 121.720001, 120.75], "curr": [128.199997]}, "7": {"past": [123.839996, 126.58000200000001, 126.629997, 127.639999, 127.239998, 126.900002, 126.790001, 128.020004], "next": [128.199997, 119.019997, 121.720001, 120.75, 121.150002, 119.08000200000001, 119.629997, 119.779999], "curr": [128.199997]}, "15": {"past": [127.809998, 128.91000400000001, 127.150002, 127.629997, 127.879997, 128.649994, 129.350006, 128.28999299999998, 123.839996, 126.58000200000001, 126.629997, 127.639999, 127.239998, 126.900002, 126.790001, 128.020004], "next": [128.199997, 119.019997, 121.720001, 120.75, 121.150002, 119.08000200000001, 119.629997, 119.779999, 120.050003, 118.620003, 118.629997, 116.410004, 117.82, 119.010002, 118.559998, 118.629997], "curr": [128.199997]}}