{"3": {"past": [170.630005, 177.880005, 179.869995, 180.059998], "next": [182.66000400000001, 178.919998, 178.919998, 180.169998], "curr": [182.66000400000001]}, "7": {"past": [174.979996, 171.270004, 171.800003, 170.600006, 170.630005, 177.880005, 179.869995, 180.059998], "next": [182.66000400000001, 178.919998, 178.919998, 180.169998, 180.25, 179.559998, 179.300003, 178.46000700000002], "curr": [182.66000400000001]}, "15": {"past": [171.58999599999999, 172.740005, 172.550003, 173.740005, 174.520004, 176.110001, 176.029999, 174.559998, 174.979996, 171.270004, 171.800003, 170.600006, 170.630005, 177.880005, 179.869995, 180.059998], "next": [182.66000400000001, 178.919998, 178.919998, 180.169998, 180.25, 179.559998, 179.300003, 178.46000700000002, 178.770004, 178.070007, 177.949997, 179.58999599999999, 179.0, 178.740005, 181.860001, 180.869995], "curr": [182.66000400000001]}}