{"3": {"past": [75.974808, 76.013275, 76.340149, 76.292084], "next": [74.32109100000001, 76.763199, 77.63813, 77.359314], "curr": [74.32109100000001]}, "7": {"past": [76.493996, 76.73436, 76.532448, 76.359398, 75.974808, 76.013275, 76.340149, 76.292084], "next": [74.32109100000001, 76.763199, 77.63813, 77.359314, 77.791962, 77.397774, 78.272713, 78.57074], "curr": [74.32109100000001]}, "15": {"past": [74.38839, 75.667137, 76.39785, 76.09979200000001, 76.71513399999999, 76.984337, 76.945877, 76.801659, 76.493996, 76.73436, 76.532448, 76.359398, 75.974808, 76.013275, 76.340149, 76.292084], "next": [74.32109100000001, 76.763199, 77.63813, 77.359314, 77.791962, 77.397774, 78.272713, 78.57074, 78.888046, 79.003403, 79.628357, 79.887962, 80.609062, 79.44567099999999, 79.099556, 79.820663], "curr": [74.32109100000001]}}