{"3": {"past": [88.148308, 87.935326, 88.31289699999999, 88.942184], "next": [88.332245, 87.52869399999999, 87.48999, 87.66424599999999], "curr": [88.332245]}, "7": {"past": [87.13176, 87.24793199999999, 86.841309, 87.799789, 88.148308, 87.935326, 88.31289699999999, 88.942184], "next": [88.332245, 87.52869399999999, 87.48999, 87.66424599999999, 87.122078, 86.54122199999999, 86.415359, 86.37661700000001], "curr": [88.332245]}, "15": {"past": [85.021248, 85.776375, 86.405663, 86.725151, 86.773567, 86.98655699999999, 87.00591999999999, 86.947823, 87.13176, 87.24793199999999, 86.841309, 87.799789, 88.148308, 87.935326, 88.31289699999999, 88.942184], "next": [88.332245, 87.52869399999999, 87.48999, 87.66424599999999, 87.122078, 86.54122199999999, 86.415359, 86.37661700000001, 87.567429, 87.770737, 88.535545, 86.715477, 86.967178, 87.964371, 88.661423, 88.429062], "curr": [88.332245]}}