{"3": {"past": [24.218757999999998, 23.906023, 24.181969, 24.375128], "next": [24.467112, 24.752254, 24.936216, 24.614281], "curr": [24.467112]}, "7": {"past": [24.917820000000003, 24.752254, 25.101785999999997, 23.942818, 24.218757999999998, 23.906023, 24.181969, 24.375128], "next": [24.467112, 24.752254, 24.936216, 24.614281, 24.218757999999998, 24.007204, 24.135977, 23.860031], "curr": [24.467112]}, "15": {"past": [24.586687, 24.807442, 24.881029, 25.221363, 24.503904000000002, 24.715462, 24.614281, 24.899426000000002, 24.917820000000003, 24.752254, 25.101785999999997, 23.942818, 24.218757999999998, 23.906023, 24.181969, 24.375128], "next": [24.467112, 24.752254, 24.936216, 24.614281, 24.218757999999998, 24.007204, 24.135977, 23.860031, 24.393524, 24.614281, 24.365934, 23.814041, 24.053194, 24.384329, 24.595886, 25.340935], "curr": [24.467112]}}