{"3": {"past": [152.050003, 152.059998, 154.199997, 154.179993], "next": [154.179993, 145.259995, 142.46000700000002, 142.41000400000001], "curr": [154.179993]}, "7": {"past": [148.360001, 150.5, 153.75, 151.78999299999998, 152.050003, 152.059998, 154.199997, 154.179993], "next": [154.179993, 145.259995, 142.46000700000002, 142.41000400000001, 140.229996, 138.740005, 139.320007, 141.779999], "curr": [154.179993]}, "15": {"past": [146.46000700000002, 149.5, 149.029999, 147.679993, 149.139999, 149.580002, 149.0, 148.25, 148.360001, 150.5, 153.75, 151.78999299999998, 152.050003, 152.059998, 154.199997, 154.179993], "next": [154.179993, 145.259995, 142.46000700000002, 142.41000400000001, 140.229996, 138.740005, 139.320007, 141.779999, 143.220001, 143.41000400000001, 142.020004, 142.690002, 143.25, 142.309998, 142.149994, 142.449997], "curr": [154.179993]}}