{"3": {"past": [41.838646000000004, 41.906357, 42.331996999999994, 42.467438], "next": [45.001934000000006, 46.162773, 45.630722, 45.22443], "curr": [45.001934000000006]}, "7": {"past": [41.38398, 41.20985, 41.113116999999995, 41.703213, 41.838646000000004, 41.906357, 42.331996999999994, 42.467438], "next": [45.001934000000006, 46.162773, 45.630722, 45.22443, 45.292137, 45.030952, 45.195412, 45.437252], "curr": [45.001934000000006]}, "15": {"past": [39.710434, 39.671738, 39.729778, 39.942603999999996, 39.768478, 40.155421999999994, 41.190509999999996, 41.287243, 41.38398, 41.20985, 41.113116999999995, 41.703213, 41.838646000000004, 41.906357, 42.331996999999994, 42.467438], "next": [45.001934000000006, 46.162773, 45.630722, 45.22443, 45.292137, 45.030952, 45.195412, 45.437252, 45.524311, 45.727467, 45.456596000000005, 44.827812, 45.205078, 45.572681, 45.553337, 45.659752000000005], "curr": [45.001934000000006]}}