{"3": {"past": [27.694311, 28.03068, 29.151907, 29.759239], "next": [38.140411, 38.018944, 38.018944, 37.878792], "curr": [38.140411]}, "7": {"past": [27.320567999999998, 27.918552000000002, 28.600637, 28.348364, 27.694311, 28.03068, 29.151907, 29.759239], "next": [38.140411, 38.018944, 38.018944, 37.878792, 37.467674, 36.813629, 37.794701, 39.79422], "curr": [38.140411]}, "15": {"past": [30.899151, 29.47893, 28.572607, 28.105428999999997, 27.946589000000003, 28.040021999999997, 27.890528000000003, 27.703653000000003, 27.320567999999998, 27.918552000000002, 28.600637, 28.348364, 27.694311, 28.03068, 29.151907, 29.759239], "next": [38.140411, 38.018944, 38.018944, 37.878792, 37.467674, 36.813629, 37.794701, 39.79422, 40.027817, 40.466953000000004, 42.75613, 40.551056, 40.009128999999994, 40.382870000000004, 42.017982, 41.494747], "curr": [38.140411]}}