{"3": {"past": [65.014206, 65.197357, 65.032524, 62.798225], "next": [68.686134, 69.601837, 69.29048900000001, 69.583511], "curr": [68.686134]}, "7": {"past": [64.492271, 64.684555, 64.43734, 64.556374, 65.014206, 65.197357, 65.032524, 62.798225], "next": [68.686134, 69.601837, 69.29048900000001, 69.583511, 70.14209, 70.114632, 69.62014, 69.33629599999999], "curr": [68.686134]}, "15": {"past": [62.55099499999999, 63.439217000000006, 63.677319, 62.926441000000004, 62.569320999999995, 63.796344999999995, 65.27977, 65.21566800000001, 64.492271, 64.684555, 64.43734, 64.556374, 65.014206, 65.197357, 65.032524, 62.798225], "next": [68.686134, 69.601837, 69.29048900000001, 69.583511, 70.14209, 70.114632, 69.62014, 69.33629599999999, 70.746452, 70.032211, 70.499214, 69.565216, 69.46446999999999, 69.81244699999999, 69.409538, 69.29048900000001], "curr": [68.686134]}}