{"3": {"past": [67.32553100000001, 66.019661, 65.16442099999999, 64.787369], "next": [54.000206000000006, 55.425617, 55.05777, 54.837063], "curr": [54.000206000000006]}, "7": {"past": [70.507416, 71.132767, 69.71656, 68.86129, 67.32553100000001, 66.019661, 65.16442099999999, 64.787369], "next": [54.000206000000006, 55.425617, 55.05777, 54.837063, 54.864658, 55.011791, 54.864658, 54.634747], "curr": [54.000206000000006]}, "15": {"past": [70.525826, 71.123573, 70.314293, 70.562607, 70.654572, 70.010818, 70.590202, 70.378685, 70.507416, 71.132767, 69.71656, 68.86129, 67.32553100000001, 66.019661, 65.16442099999999, 64.787369], "next": [54.000206000000006, 55.425617, 55.05777, 54.837063, 54.864658, 55.011791, 54.864658, 54.634747, 54.588764000000005, 53.374866000000004, 52.970222, 50.652786, 50.845909000000006, 49.549244, 50.376896, 50.45047], "curr": [54.000206000000006]}}