{"3": {"past": [9.621876, 9.698238, 9.740663, 9.842482], "next": [9.732178999999999, 9.732178999999999, 9.689753999999999, 9.26551], "curr": [9.732178999999999]}, "7": {"past": [9.443693, 9.452177, 9.494601, 9.732178999999999, 9.621876, 9.698238, 9.740663, 9.842482], "next": [9.732178999999999, 9.732178999999999, 9.689753999999999, 9.26551, 9.392782, 9.333387, 9.452177, 9.443693], "curr": [9.732178999999999]}, "15": {"past": [9.519041, 9.42695, 9.435322, 9.401834, 9.418576, 9.443693, 9.401834, 9.301368, 9.443693, 9.452177, 9.494601, 9.732178999999999, 9.621876, 9.698238, 9.740663, 9.842482], "next": [9.732178999999999, 9.732178999999999, 9.689753999999999, 9.26551, 9.392782, 9.333387, 9.452177, 9.443693, 9.469147999999999, 9.367329, 9.341872, 9.26551, 9.282477, 9.282477, 9.12975, 9.155205], "curr": [9.732178999999999]}}