{"3": {"past": [63.095463, 63.01868100000001, 63.028286, 63.498573], "next": [63.584949, 62.42363, 62.605991, 62.634777], "curr": [63.584949]}, "7": {"past": [63.229828000000005, 63.066669, 63.277817000000006, 63.258629000000006, 63.095463, 63.01868100000001, 63.028286, 63.498573], "next": [63.584949, 62.42363, 62.605991, 62.634777, 61.761379000000005, 61.30069399999999, 60.36010699999999, 60.763218], "curr": [63.584949]}, "15": {"past": [63.882484, 64.112831, 64.592712, 64.400757, 64.371964, 64.07444, 64.410347, 62.989876, 63.229828000000005, 63.066669, 63.277817000000006, 63.258629000000006, 63.095463, 63.01868100000001, 63.028286, 63.498573], "next": [63.584949, 62.42363, 62.605991, 62.634777, 61.761379000000005, 61.30069399999999, 60.36010699999999, 60.763218, 61.665401, 61.319889, 61.579032999999995, 60.168156, 59.985802, 60.292931, 60.705639, 60.233996999999995], "curr": [63.584949]}}