{"3": {"past": [38.730133, 38.850269, 39.247639, 39.072047999999995], "next": [39.839085, 39.506393, 39.413986, 39.487915], "curr": [39.839085]}, "7": {"past": [38.480618, 38.083237, 38.462132000000004, 37.898418, 38.730133, 38.850269, 39.247639, 39.072047999999995], "next": [39.839085, 39.506393, 39.413986, 39.487915, 39.238396, 39.524876, 39.718948, 40.1348], "curr": [39.839085]}, "15": {"past": [38.258827000000004, 38.776337, 38.609992999999996, 38.850269, 37.898418, 37.713589, 37.510281, 38.231106, 38.480618, 38.083237, 38.462132000000004, 37.898418, 38.730133, 38.850269, 39.247639, 39.072047999999995], "next": [39.839085, 39.506393, 39.413986, 39.487915, 39.238396, 39.524876, 39.718948, 40.1348, 40.421288, 40.033146, 39.894524, 40.273426, 40.125561, 38.859509, 38.693165, 38.850269], "curr": [39.839085]}}