{"3": {"past": [37.156578, 37.85556, 38.499359000000005, 37.496871999999996], "next": [37.083, 36.945049, 36.549561, 36.779491], "curr": [37.083]}, "7": {"past": [36.733505, 36.797886, 36.659924, 37.34972, 37.156578, 37.85556, 38.499359000000005, 37.496871999999996], "next": [37.083, 36.945049, 36.549561, 36.779491, 36.69672, 37.073807, 36.779491, 36.797886], "curr": [37.083]}, "15": {"past": [38.030308000000005, 37.460083000000004, 37.478474, 37.073807, 37.156578, 37.478474, 37.230152000000004, 37.24855, 36.733505, 36.797886, 36.659924, 37.34972, 37.156578, 37.85556, 38.499359000000005, 37.496871999999996], "next": [37.083, 36.945049, 36.549561, 36.779491, 36.69672, 37.073807, 36.779491, 36.797886, 36.549561, 37.230152000000004, 37.598038, 38.177456, 38.720093, 39.290325, 38.894836, 39.115574], "curr": [37.083]}}