{"3": {"past": [11.969247, 12.124313, 11.852946000000001, 11.852946000000001], "next": [12.696124000000001, 13.083794000000001, 12.6089, 12.356914], "curr": [12.696124000000001]}, "7": {"past": [12.482907, 12.327838999999999, 12.356914, 12.085547, 11.969247, 12.124313, 11.852946000000001, 11.852946000000001], "next": [12.696124000000001, 13.083794000000001, 12.6089, 12.356914, 12.153389, 12.327838999999999, 11.649421, 11.319904], "curr": [12.696124000000001]}, "15": {"past": [12.948109, 12.831808, 13.122561, 13.025641, 13.141942000000002, 12.957799000000001, 13.103176, 13.200092999999999, 12.482907, 12.327838999999999, 12.356914, 12.085547, 11.969247, 12.124313, 11.852946000000001, 11.852946000000001], "next": [12.696124000000001, 13.083794000000001, 12.6089, 12.356914, 12.153389, 12.327838999999999, 11.649421, 11.319904, 11.436205000000001, 11.310211, 11.271444, 11.35867, 11.319904, 11.155145, 11.387746, 11.407128], "curr": [12.696124000000001]}}