{"3": {"past": [21.362211, 21.726236, 22.223446, 22.081388], "next": [21.282301, 21.93045, 22.374388, 22.036993], "curr": [21.282301]}, "7": {"past": [21.628572, 20.980425, 21.486515, 21.655207, 21.362211, 21.726236, 22.223446, 22.081388], "next": [21.282301, 21.93045, 22.374388, 22.036993, 21.601936, 22.312233, 21.921570000000003, 21.655207], "curr": [21.282301]}, "15": {"past": [20.447701000000002, 20.003767, 20.23461, 20.39443, 20.403311, 20.190217999999998, 20.696306, 21.282301, 21.628572, 20.980425, 21.486515, 21.655207, 21.362211, 21.726236, 22.223446, 22.081388], "next": [21.282301, 21.93045, 22.374388, 22.036993, 21.601936, 22.312233, 21.921570000000003, 21.655207, 21.468756, 21.513147, 21.42436, 21.548664000000002, 20.90052, 21.042578, 21.193516, 21.246788000000002], "curr": [21.282301]}}