{"3": {"past": [22.471743, 22.507599, 22.041492, 21.109276], "next": [20.786589000000003, 19.970901, 19.935045000000002, 20.006757999999998], "curr": [20.786589000000003]}, "7": {"past": [23.592194, 23.672867, 23.9597, 23.090232999999998, 22.471743, 22.507599, 22.041492, 21.109276], "next": [20.786589000000003, 19.970901, 19.935045000000002, 20.006757999999998, 19.890228, 19.737845999999998, 20.096392, 20.203953], "curr": [20.786589000000003]}, "15": {"past": [23.529451, 23.619085000000002, 23.484631, 23.215725, 23.529451, 23.403959, 23.036453, 23.601157999999998, 23.592194, 23.672867, 23.9597, 23.090232999999998, 22.471743, 22.507599, 22.041492, 21.109276], "next": [20.786589000000003, 19.970901, 19.935045000000002, 20.006757999999998, 19.890228, 19.737845999999998, 20.096392, 20.203953, 20.168101999999998, 20.428041, 20.22188, 20.114319000000002, 19.800594, 19.836443, 19.979864000000003, 20.4639], "curr": [20.786589000000003]}}