{"3": {"past": [45.359833, 45.032097, 45.909003999999996, 45.386406], "next": [44.890373, 45.545849, 46.493603, 46.024151], "curr": [44.890373]}, "7": {"past": [44.243774, 44.544926000000004, 44.943527, 44.792946, 45.359833, 45.032097, 45.909003999999996, 45.386406], "next": [44.890373, 45.545849, 46.493603, 46.024151, 46.068443, 46.608753, 46.378456, 46.192448], "curr": [44.890373]}, "15": {"past": [44.766376, 44.279198, 43.659172, 43.127705, 43.384586, 43.632595, 43.916046, 44.270348, 44.243774, 44.544926000000004, 44.943527, 44.792946, 45.359833, 45.032097, 45.909003999999996, 45.386406], "next": [44.890373, 45.545849, 46.493603, 46.024151, 46.068443, 46.608753, 46.378456, 46.192448, 46.405029, 46.591038, 45.262394, 45.17382, 45.368683000000004, 46.086155, 45.776134000000006, 45.607845000000005], "curr": [44.890373]}}