{"3": {"past": [44.57719, 44.691212, 44.568409, 44.25264], "next": [47.498131, 45.884159000000004, 46.515701, 46.147301], "curr": [47.498131]}, "7": {"past": [43.094788, 43.66494, 44.156151, 44.077202, 44.57719, 44.691212, 44.568409, 44.25264], "next": [47.498131, 45.884159000000004, 46.515701, 46.147301, 45.270138, 45.910465, 45.366631, 45.191204], "curr": [47.498131]}, "15": {"past": [41.53344, 42.357975, 42.217628000000005, 43.682484, 43.717566999999995, 44.085976, 43.445652, 42.849185999999996, 43.094788, 43.66494, 44.156151, 44.077202, 44.57719, 44.691212, 44.568409, 44.25264], "next": [47.498131, 45.884159000000004, 46.515701, 46.147301, 45.270138, 45.910465, 45.366631, 45.191204, 45.401711, 45.182419, 45.603462, 45.708717, 46.059582, 45.926716, 45.545849, 45.971004], "curr": [47.498131]}}