{"3": {"past": [51.517414, 51.353203, 51.53566, 51.645142], "next": [54.555367000000004, 53.697807, 54.327290000000005, 54.099216000000006], "curr": [54.555367000000004]}, "7": {"past": [50.906178000000004, 50.906178000000004, 51.462677, 51.590396999999996, 51.517414, 51.353203, 51.53566, 51.645142], "next": [54.555367000000004, 53.697807, 54.327290000000005, 54.099216000000006, 54.017109, 54.418518000000006, 54.482376, 55.495036999999996], "curr": [54.555367000000004]}, "15": {"past": [49.501244, 49.610714, 49.902653, 50.331432, 50.313190000000006, 50.358803, 50.249321, 50.586872, 50.906178000000004, 50.906178000000004, 51.462677, 51.590396999999996, 51.517414, 51.353203, 51.53566, 51.645142], "next": [54.555367000000004, 53.697807, 54.327290000000005, 54.099216000000006, 54.017109, 54.418518000000006, 54.482376, 55.495036999999996, 55.26695600000001, 55.422054, 55.002388, 55.422054, 56.06065400000001, 56.12451899999999, 57.009441, 56.133632999999996], "curr": [54.555367000000004]}}