{"3": {"past": [100.559998, 99.82, 99.360001, 98.809998], "next": [99.150002, 99.599998, 99.07, 98.68], "curr": [99.150002]}, "7": {"past": [100.370003, 100.949997, 101.18, 101.519997, 100.559998, 99.82, 99.360001, 98.809998], "next": [99.150002, 99.599998, 99.07, 98.68, 98.849998, 100.269997, 101.019997, 101.41999799999999], "curr": [99.150002]}, "15": {"past": [97.620003, 98.959999, 99.839996, 101.940002, 99.410004, 99.68, 99.010002, 99.440002, 100.370003, 100.949997, 101.18, 101.519997, 100.559998, 99.82, 99.360001, 98.809998], "next": [99.150002, 99.599998, 99.07, 98.68, 98.849998, 100.269997, 101.019997, 101.41999799999999, 101.25, 102.839996, 103.43, 103.129997, 103.379997, 102.459999, 102.540001, 103.709999], "curr": [99.150002]}}