{"3": {"past": [126.809998, 127.559998, 126.940002, 126.25], "next": [122.300003, 120.099998, 117.110001, 116.91999799999999], "curr": [122.300003]}, "7": {"past": [128.229996, 128.029999, 128.320007, 128.220001, 126.809998, 127.559998, 126.940002, 126.25], "next": [122.300003, 120.099998, 117.110001, 116.91999799999999, 117.82, 117.18, 119.08000200000001, 120.32], "curr": [122.300003]}, "15": {"past": [126.849998, 127.150002, 128.850006, 127.440002, 128.259995, 128.46000700000002, 128.470001, 129.529999, 128.229996, 128.029999, 128.320007, 128.220001, 126.809998, 127.559998, 126.940002, 126.25], "next": [122.300003, 120.099998, 117.110001, 116.91999799999999, 117.82, 117.18, 119.08000200000001, 120.32, 119.510002, 118.75, 119.269997, 118.720001, 118.739998, 118.75, 118.839996, 118.08000200000001], "curr": [122.300003]}}