{"3": {"past": [114.089996, 114.300003, 114.33000200000001, 113.440002], "next": [112.91999799999999, 113.220001, 113.32, 113.690002], "curr": [112.91999799999999]}, "7": {"past": [113.41999799999999, 113.209999, 113.870003, 113.989998, 114.089996, 114.300003, 114.33000200000001, 113.440002], "next": [112.91999799999999, 113.220001, 113.32, 113.690002, 113.099998, 112.660004, 113.25, 114.010002], "curr": [112.91999799999999]}, "15": {"past": [109.699997, 109.230003, 108.93, 110.839996, 110.480003, 112.07, 112.959999, 112.58000200000001, 113.41999799999999, 113.209999, 113.870003, 113.989998, 114.089996, 114.300003, 114.33000200000001, 113.440002], "next": [112.91999799999999, 113.220001, 113.32, 113.690002, 113.099998, 112.660004, 113.25, 114.010002, 113.83000200000001, 111.309998, 112.410004, 113.410004, 113.839996, 113.629997, 116.110001, 117.879997], "curr": [112.91999799999999]}}