{"3": {"past": [125.150002, 124.379997, 125.309998, 125.599998], "next": [120.339996, 118.660004, 118.550003, 117.75], "curr": [120.339996]}, "7": {"past": [124.779999, 123.019997, 124.07, 124.75, 125.150002, 124.379997, 125.309998, 125.599998], "next": [120.339996, 118.660004, 118.550003, 117.75, 118.809998, 117.339996, 117.480003, 116.32], "curr": [120.339996]}, "15": {"past": [123.989998, 123.58000200000001, 124.239998, 123.949997, 122.18, 122.269997, 123.239998, 125.279999, 124.779999, 123.019997, 124.07, 124.75, 125.150002, 124.379997, 125.309998, 125.599998], "next": [120.339996, 118.660004, 118.550003, 117.75, 118.809998, 117.339996, 117.480003, 116.32, 117.639999, 117.300003, 118.970001, 116.900002, 116.620003, 117.190002, 115.989998, 116.389999], "curr": [120.339996]}}