{"3": {"past": [32.253414, 32.200344, 31.899653999999998, 31.678562], "next": [31.457464, 31.501688, 31.784684999999996, 31.634348], "curr": [31.457464]}, "7": {"past": [31.713946999999997, 32.147278, 32.173823999999996, 32.218037, 32.253414, 32.200344, 31.899653999999998, 31.678562], "next": [31.457464, 31.501688, 31.784684999999996, 31.634348, 31.820065999999997, 30.741122999999998, 30.794179999999997, 30.749959999999998], "curr": [31.457464]}, "15": {"past": [30.891464000000003, 31.457464, 30.962212, 30.838402000000002, 30.900307, 31.121401000000002, 31.307128999999996, 31.395563, 31.713946999999997, 32.147278, 32.173823999999996, 32.218037, 32.253414, 32.200344, 31.899653999999998, 31.678562], "next": [31.457464, 31.501688, 31.784684999999996, 31.634348, 31.820065999999997, 30.741122999999998, 30.794179999999997, 30.749959999999998, 31.192158000000003, 31.218683000000002, 31.298277000000002, 31.200994, 30.847244, 30.891464000000003, 31.369026, 31.430937], "curr": [31.457464]}}