{"3": {"past": [51.291843, 51.986328, 52.817898, 52.662552000000005], "next": [53.695145, 54.39878100000001, 54.947063, 54.937923], "curr": [53.695145]}, "7": {"past": [51.02684, 51.072528999999996, 51.227875, 51.602539, 51.291843, 51.986328, 52.817898, 52.662552000000005], "next": [53.695145, 54.39878100000001, 54.947063, 54.937923, 54.99275600000001, 54.417053, 54.179466000000005, 53.951012], "curr": [53.695145]}, "15": {"past": [50.113040999999996, 51.483746000000004, 51.684784, 51.593395, 52.872726, 52.315304, 52.46151, 51.80357, 51.02684, 51.072528999999996, 51.227875, 51.602539, 51.291843, 51.986328, 52.817898, 52.662552000000005], "next": [53.695145, 54.39878100000001, 54.947063, 54.937923, 54.99275600000001, 54.417053, 54.179466000000005, 53.951012, 53.66774, 54.289124, 54.755157, 54.937923, 54.652308999999995, 54.016602, 53.519093000000005, 53.29798100000001], "curr": [53.695145]}}