{"3": {"past": [50.238490999999996, 50.184658, 50.391003000000005, 49.807869000000004], "next": [50.615276, 49.314468, 49.700222, 49.50285], "curr": [50.615276]}, "7": {"past": [51.225315, 51.243263, 50.902359000000004, 50.426884, 50.238490999999996, 50.184658, 50.391003000000005, 49.807869000000004], "next": [50.615276, 49.314468, 49.700222, 49.50285, 49.170921, 48.718315000000004, 48.546329, 48.338127], "curr": [50.615276]}, "15": {"past": [51.611076000000004, 51.763584, 51.315028999999996, 51.216347, 51.350918, 52.185223, 52.705563, 52.777325, 51.225315, 51.243263, 50.902359000000004, 50.426884, 50.238490999999996, 50.184658, 50.391003000000005, 49.807869000000004], "next": [50.615276, 49.314468, 49.700222, 49.50285, 49.170921, 48.718315000000004, 48.546329, 48.338127, 48.455807, 48.374336, 48.229504, 48.645905, 49.017044, 48.582531, 48.745476000000004, 49.035140999999996], "curr": [50.615276]}}