{"3": {"past": [40.725623999999996, 40.933223999999996, 41.167904, 40.752708], "next": [41.953167, 40.725623999999996, 40.842964, 40.29237], "curr": [41.953167]}, "7": {"past": [40.518021000000005, 41.411609999999996, 41.303290999999994, 40.635368, 40.725623999999996, 40.933223999999996, 41.167904, 40.752708], "next": [41.953167, 40.725623999999996, 40.842964, 40.29237, 39.146060999999996, 38.794048, 38.92944, 38.451054], "curr": [41.953167]}, "15": {"past": [38.044888, 39.218272999999996, 39.516135999999996, 39.579311, 40.554131, 40.915176, 40.806862, 41.041538, 40.518021000000005, 41.411609999999996, 41.303290999999994, 40.635368, 40.725623999999996, 40.933223999999996, 41.167904, 40.752708], "next": [41.953167, 40.725623999999996, 40.842964, 40.29237, 39.146060999999996, 38.794048, 38.92944, 38.451054, 38.216377, 38.035854, 37.638714, 38.008778, 38.008778, 38.505207, 39.326584000000004, 38.812103], "curr": [41.953167]}}