{"3": {"past": [167.042831, 167.06166100000002, 165.242599, 167.10878], "next": [174.49813799999998, 171.981598, 170.67150900000001, 170.62438999999998], "curr": [174.49813799999998]}, "7": {"past": [165.138931, 165.8741, 167.589462, 168.032486, 167.042831, 167.06166100000002, 165.242599, 167.10878], "next": [174.49813799999998, 171.981598, 170.67150900000001, 170.62438999999998, 169.99292, 172.594238, 172.518875, 172.679092], "curr": [174.49813799999998]}, "15": {"past": [164.73538200000002, 165.298477, 166.53723100000002, 165.232834, 165.504929, 166.171249, 165.65509, 166.940765, 165.138931, 165.8741, 167.589462, 168.032486, 167.042831, 167.06166100000002, 165.242599, 167.10878], "next": [174.49813799999998, 171.981598, 170.67150900000001, 170.62438999999998, 169.99292, 172.594238, 172.518875, 172.679092, 172.613113, 172.094727, 173.800674, 175.87423700000002, 176.46803300000002, 177.184341, 177.89122, 178.192841], "curr": [174.49813799999998]}}