{"3": {"past": [29.658405, 29.728376, 30.069475, 30.209419], "next": [30.296877000000002, 29.912043, 29.037426, 29.282315999999998], "curr": [30.296877000000002]}, "7": {"past": [29.465982, 29.553453, 29.824585, 29.518466999999998, 29.658405, 29.728376, 30.069475, 30.209419], "next": [30.296877000000002, 29.912043, 29.037426, 29.282315999999998, 28.993694, 29.535952, 29.710884000000004, 29.964521], "curr": [30.296877000000002]}, "15": {"past": [29.73712, 29.877062, 29.483484000000004, 29.710884000000004, 29.66715, 29.684641, 29.203598, 29.649659999999997, 29.465982, 29.553453, 29.824585, 29.518466999999998, 29.658405, 29.728376, 30.069475, 30.209419], "next": [30.296877000000002, 29.912043, 29.037426, 29.282315999999998, 28.993694, 29.535952, 29.710884000000004, 29.964521, 29.938282, 29.833323999999998, 29.404759999999996, 29.579689000000002, 29.229839000000002, 28.355219, 28.398951, 28.617607], "curr": [30.296877000000002]}}