{"3": {"past": [178.113297, 178.88018799999998, 181.692047, 182.951233], "next": [184.475494, 184.64595, 183.471954, 182.86601299999998], "curr": [184.475494]}, "7": {"past": [176.787827, 178.83284, 177.403244, 177.75354, 178.113297, 178.88018799999998, 181.692047, 182.951233], "next": [184.475494, 184.64595, 183.471954, 182.86601299999998, 183.73703, 183.841156, 184.191483, 185.535873], "curr": [184.475494]}, "15": {"past": [176.948715, 176.929871, 175.954697, 176.380737, 178.028061, 177.668304, 178.349991, 176.41861, 176.787827, 178.83284, 177.403244, 177.75354, 178.113297, 178.88018799999998, 181.692047, 182.951233], "next": [184.475494, 184.64595, 183.471954, 182.86601299999998, 183.73703, 183.841156, 184.191483, 185.535873, 185.876709, 186.122864, 184.039978, 184.598572, 185.176132, 184.787918, 184.89209, 181.786713], "curr": [184.475494]}}