{"3": {"past": [202.02121, 204.14032, 202.851669, 202.44120800000002], "next": [197.830734, 194.64253200000002, 195.673477, 196.79981999999998], "curr": [197.830734]}, "7": {"past": [203.643936, 203.739395, 201.92571999999998, 200.828018, 202.02121, 204.14032, 202.851669, 202.44120800000002], "next": [197.830734, 194.64253200000002, 195.673477, 196.79981999999998, 193.754807, 192.456635, 194.55661, 194.78569], "curr": [197.830734]}, "15": {"past": [200.162766, 200.894821, 203.748962, 202.937592, 203.825302, 202.889847, 203.15712, 204.006668, 203.643936, 203.739395, 201.92571999999998, 200.828018, 202.02121, 204.14032, 202.851669, 202.44120800000002], "next": [197.830734, 194.64253200000002, 195.673477, 196.79981999999998, 193.754807, 192.456635, 194.55661, 194.78569, 193.172531, 194.499344, 193.411163, 189.83158899999998, 190.690689, 191.034332, 191.12025500000001, 189.946152], "curr": [197.830734]}}