{"3": {"past": [31.288677000000003, 30.933714000000002, 31.453175, 31.886065000000002], "next": [30.388283, 30.422913, 30.370972, 30.448892999999998], "curr": [30.388283]}, "7": {"past": [32.483433000000005, 32.041893, 31.453175, 31.695584999999998, 31.288677000000003, 30.933714000000002, 31.453175, 31.886065000000002], "next": [30.388283, 30.422913, 30.370972, 30.448892999999998, 30.751902, 32.24102, 32.102497, 32.059212], "curr": [30.388283]}, "15": {"past": [32.327595, 32.30162, 32.440146999999996, 32.292965, 32.041893, 31.730225, 32.033229999999996, 33.141411, 32.483433000000005, 32.041893, 31.453175, 31.695584999999998, 31.288677000000003, 30.933714000000002, 31.453175, 31.886065000000002], "next": [30.388283, 30.422913, 30.370972, 30.448892999999998, 30.751902, 32.24102, 32.102497, 32.059212, 32.223701, 32.734505, 32.760479, 32.249683000000005, 31.946663, 32.266991, 31.894710999999997, 32.405518], "curr": [30.388283]}}