{"3": {"past": [90.286957, 90.70369000000001, 89.89741500000001, 91.201965], "next": [88.48410799999999, 86.962128, 86.06523100000001, 87.19767], "curr": [88.48410799999999]}, "7": {"past": [89.725258, 90.29600500000001, 90.395668, 90.495316, 90.286957, 90.70369000000001, 89.89741500000001, 91.201965], "next": [88.48410799999999, 86.962128, 86.06523100000001, 87.19767, 87.134247, 86.70845, 87.487579, 86.853386], "curr": [88.48410799999999]}, "15": {"past": [87.578163, 87.949608, 87.70500200000001, 87.27919, 87.532875, 88.00395999999999, 88.06736, 87.84996, 89.725258, 90.29600500000001, 90.395668, 90.495316, 90.286957, 90.70369000000001, 89.89741500000001, 91.201965], "next": [88.48410799999999, 86.962128, 86.06523100000001, 87.19767, 87.134247, 86.70845, 87.487579, 86.853386, 85.79343399999999, 85.322342, 84.724434, 85.002747, 84.82024399999999, 85.057487, 85.906151, 85.833138], "curr": [88.48410799999999]}}