{"3": {"past": [61.771942, 62.097912, 62.070736, 61.672340000000005], "next": [62.106956000000004, 60.857399, 61.645171999999995, 61.391636], "curr": [62.106956000000004]}, "7": {"past": [60.214512, 59.69838000000001, 59.988136, 60.775909, 61.771942, 62.097912, 62.070736, 61.672340000000005], "next": [62.106956000000004, 60.857399, 61.645171999999995, 61.391636, 60.857399, 61.219601000000004, 60.594803000000006, 60.404667], "curr": [62.106956000000004]}, "15": {"past": [60.286953000000004, 60.142063, 59.779881, 59.960972, 60.22356800000001, 60.395599, 59.816093, 60.015305000000005, 60.214512, 59.69838000000001, 59.988136, 60.775909, 61.771942, 62.097912, 62.070736, 61.672340000000005], "next": [62.106956000000004, 60.857399, 61.645171999999995, 61.391636, 60.857399, 61.219601000000004, 60.594803000000006, 60.404667, 59.816093, 59.716496, 59.508228, 58.412601, 58.34016, 58.159073, 58.276775, 58.575596], "curr": [62.106956000000004]}}