{"3": {"past": [21.817974, 21.902411999999998, 21.83486, 21.93618], "next": [21.953072, 21.665991, 21.438017000000002, 21.657543], "curr": [21.953072]}, "7": {"past": [21.691322, 21.598444, 21.708208, 21.716652, 21.817974, 21.902411999999998, 21.83486, 21.93618], "next": [21.953072, 21.665991, 21.438017000000002, 21.657543, 21.677872, 21.729223, 21.849041, 22.023197], "curr": [21.953072]}, "15": {"past": [21.243814, 21.176268, 21.218487, 21.311367, 21.395802, 21.412687, 21.59, 21.862726000000002, 21.691322, 21.598444, 21.708208, 21.716652, 21.817974, 21.902411999999998, 21.83486, 21.93618], "next": [21.953072, 21.665991, 21.438017000000002, 21.657543, 21.677872, 21.729223, 21.849041, 22.023197, 21.814806, 21.900387, 21.780573, 21.951731, 22.191361999999998, 22.234151999999998, 22.336859, 22.4909], "curr": [21.953072]}}