{"3": {"past": [24.443562, 24.400219, 24.356873999999998, 24.356873999999998], "next": [24.33954, 24.348209, 24.33954, 24.356873999999998], "curr": [24.33954]}, "7": {"past": [24.417555, 24.42622, 24.287533, 24.322205, 24.443562, 24.400219, 24.356873999999998, 24.356873999999998], "next": [24.33954, 24.348209, 24.33954, 24.356873999999998, 24.43037, 24.307514, 24.29874, 24.29874], "curr": [24.33954]}, "15": {"past": [24.140179, 24.200854999999997, 24.183432, 24.304871, 24.270197, 24.400219, 24.434803, 24.573576, 24.417555, 24.42622, 24.287533, 24.322205, 24.443562, 24.400219, 24.356873999999998, 24.356873999999998], "next": [24.33954, 24.348209, 24.33954, 24.356873999999998, 24.43037, 24.307514, 24.29874, 24.29874, 24.333839, 24.377716, 24.483021, 24.386494, 24.447922, 24.386494, 24.29874, 24.219765], "curr": [24.33954]}}