{"3": {"past": [33.081913, 33.035847, 33.081913, 32.749336], "next": [33.469906, 32.897141, 32.583038, 32.499905], "curr": [33.469906]}, "7": {"past": [31.967205, 32.08696, 32.925297, 32.566016999999995, 33.081913, 33.035847, 33.081913, 32.749336], "next": [33.469906, 32.897141, 32.583038, 32.499905, 32.61076, 32.647709000000006, 32.564568, 32.804759999999995], "curr": [33.469906]}, "15": {"past": [32.151447, 32.437034999999995, 32.409401, 32.446247, 32.833172, 31.681614, 31.451303000000003, 32.188301, 31.967205, 32.08696, 32.925297, 32.566016999999995, 33.081913, 33.035847, 33.081913, 32.749336], "next": [33.469906, 32.897141, 32.583038, 32.499905, 32.61076, 32.647709000000006, 32.564568, 32.804759999999995, 32.740093, 32.620003000000004, 31.714657, 31.585321, 31.003321000000003, 29.802351, 29.617590000000003, 29.312728999999997], "curr": [33.469906]}}