{"3": {"past": [200.79183999999998, 200.33608999999998, 200.11283899999998, 194.243546], "next": [193.899429, 170.68284599999998, 168.50628700000001, 169.380661], "curr": [193.899429]}, "7": {"past": [200.34536699999998, 199.89888, 200.698837, 199.378021, 200.79183999999998, 200.33608999999998, 200.11283899999998, 194.243546], "next": [193.899429, 170.68284599999998, 168.50628700000001, 169.380661, 167.762146, 163.632278, 163.381149, 165.027512], "curr": [193.899429]}, "15": {"past": [205.972794, 207.461029, 202.540512, 202.773071, 205.22868300000002, 202.800949, 202.214951, 201.954544, 200.34536699999998, 199.89888, 200.698837, 199.378021, 200.79183999999998, 200.33608999999998, 200.11283899999998, 194.243546], "next": [193.899429, 170.68284599999998, 168.50628700000001, 169.380661, 167.762146, 163.632278, 163.381149, 165.027512, 164.40426599999998, 160.28372199999998, 161.158081, 163.706924, 158.852905, 160.258484, 161.214279, 160.183533], "curr": [193.899429]}}