{"3": {"past": [211.668503, 211.38162200000002, 211.08551, 210.743118], "next": [214.398331, 217.70187400000003, 221.46813999999998, 219.312012], "curr": [214.398331]}, "7": {"past": [204.792969, 205.48703, 203.81213400000001, 207.541336, 211.668503, 211.38162200000002, 211.08551, 210.743118], "next": [214.398331, 217.70187400000003, 221.46813999999998, 219.312012, 218.80305499999997, 216.165771, 215.56425499999997, 216.267578], "curr": [214.398331]}, "15": {"past": [205.0336, 207.198975, 207.152679, 201.924377, 202.29451, 200.092148, 201.07304399999998, 203.664047, 204.792969, 205.48703, 203.81213400000001, 207.541336, 211.668503, 211.38162200000002, 211.08551, 210.743118], "next": [214.398331, 217.70187400000003, 221.46813999999998, 219.312012, 218.80305499999997, 216.165771, 215.56425499999997, 216.267578, 215.499527, 218.997406, 219.478592, 218.81816099999998, 220.41803, 222.29695099999998, 221.376083, 222.42717000000002], "curr": [214.398331]}}