{"3": {"past": [136.89721699999998, 138.7901, 139.736526, 139.183685], "next": [140.429993, 131.265396, 132.642899, 131.47155800000002], "curr": [140.429993]}, "7": {"past": [148.113998, 146.642792, 145.89314299999998, 143.456741, 136.89721699999998, 138.7901, 139.736526, 139.183685], "next": [140.429993, 131.265396, 132.642899, 131.47155800000002, 133.073975, 135.210495, 131.930725, 133.53311200000002], "curr": [140.429993]}, "15": {"past": [147.74855, 143.531723, 145.968124, 146.314819, 147.364334, 151.712372, 152.874344, 150.522308, 148.113998, 146.642792, 145.89314299999998, 143.456741, 136.89721699999998, 138.7901, 139.736526, 139.183685], "next": [140.429993, 131.265396, 132.642899, 131.47155800000002, 133.073975, 135.210495, 131.930725, 133.53311200000002, 130.918716, 131.59338400000001, 133.654938, 133.467514, 132.82093799999998, 134.648254, 131.790192, 130.084686], "curr": [140.429993]}}