{"3": {"past": [41.421127, 40.778290000000005, 40.452213, 40.368362], "next": [39.352863, 38.542332, 38.626183000000005, 38.421219], "curr": [39.352863]}, "7": {"past": [42.399357, 41.700611, 41.663357, 41.560875, 41.421127, 40.778290000000005, 40.452213, 40.368362], "next": [39.352863, 38.542332, 38.626183000000005, 38.421219, 39.529877, 39.995705, 39.818690999999994, 40.107502000000004], "curr": [39.352863]}, "15": {"past": [42.883815999999996, 42.417988, 41.859001, 42.091919, 42.008064000000005, 41.691307, 41.859001, 41.952168, 42.399357, 41.700611, 41.663357, 41.560875, 41.421127, 40.778290000000005, 40.452213, 40.368362], "next": [39.352863, 38.542332, 38.626183000000005, 38.421219, 39.529877, 39.995705, 39.818690999999994, 40.107502000000004, 39.772106, 40.275192, 41.998749, 42.175755, 42.036015, 41.933533000000004, 41.532921, 41.188217], "curr": [39.352863]}}