{"3": {"past": [19.867624, 20.220142000000003, 19.713959, 19.713959], "next": [19.939934, 18.728716, 18.873335, 19.397594], "curr": [19.939934]}, "7": {"past": [20.012247, 19.605495, 19.686844, 19.849546, 19.867624, 20.220142000000003, 19.713959, 19.713959], "next": [19.939934, 18.728716, 18.873335, 19.397594, 19.55126, 20.328611, 20.563623, 20.138792000000002], "curr": [19.939934]}, "15": {"past": [18.819103, 18.791988, 18.846222, 19.081235999999997, 19.216818, 19.280092, 19.216818, 19.596457, 20.012247, 19.605495, 19.686844, 19.849546, 19.867624, 20.220142000000003, 19.713959, 19.713959], "next": [19.939934, 18.728716, 18.873335, 19.397594, 19.55126, 20.328611, 20.563623, 20.138792000000002, 19.510877999999998, 19.428976000000002, 18.82836, 18.582657, 18.528051, 18.855660999999998, 18.882959, 18.691860000000002], "curr": [19.939934]}}