{"3": {"past": [20.897591000000002, 20.622861999999998, 20.751068, 20.604549], "next": [20.155827, 18.388416, 17.729067, 17.710752], "curr": [20.155827]}, "7": {"past": [21.511148000000002, 20.934223, 21.163162, 20.860960000000002, 20.897591000000002, 20.622861999999998, 20.751068, 20.604549], "next": [20.155827, 18.388416, 17.729067, 17.710752, 17.472658, 18.031273000000002, 17.829803, 17.664965], "curr": [20.155827]}, "15": {"past": [21.785875, 21.666826, 21.685141, 21.730926999999998, 21.419573, 21.181476999999997, 21.254735999999998, 21.199793, 21.511148000000002, 20.934223, 21.163162, 20.860960000000002, 20.897591000000002, 20.622861999999998, 20.751068, 20.604549], "next": [20.155827, 18.388416, 17.729067, 17.710752, 17.472658, 18.031273000000002, 17.829803, 17.664965, 17.748032000000002, 17.766486999999998, 17.711113, 17.738802, 17.997223, 18.227957, 18.006451000000002, 18.292561], "curr": [20.155827]}}