{"3": {"past": [90.474907, 90.62481700000001, 90.577972, 92.00219], "next": [84.09407, 87.101761, 88.45101899999999, 88.947624], "curr": [84.09407]}, "7": {"past": [90.521751, 90.512383, 90.53112, 91.00898000000001, 90.474907, 90.62481700000001, 90.577972, 92.00219], "next": [84.09407, 87.101761, 88.45101899999999, 88.947624, 91.01835600000001, 89.45359, 87.276154, 85.27783199999999], "curr": [84.09407]}, "15": {"past": [91.514954, 91.496216, 91.421249, 91.524323, 90.493645, 90.19381, 90.53112, 90.128212, 90.521751, 90.512383, 90.53112, 91.00898000000001, 90.474907, 90.62481700000001, 90.577972, 92.00219], "next": [84.09407, 87.101761, 88.45101899999999, 88.947624, 91.01835600000001, 89.45359, 87.276154, 85.27783199999999, 84.46719399999999, 85.485214, 85.786835, 84.731117, 83.901634, 83.599998, 86.20159100000001, 91.272827], "curr": [84.09407]}}