{"3": {"past": [88.677406, 88.510582, 88.973938, 88.992462], "next": [94.246948, 94.12648, 93.635315, 93.681915], "curr": [94.246948]}, "7": {"past": [89.23342099999999, 89.390961, 88.501312, 88.807137, 88.677406, 88.510582, 88.973938, 88.992462], "next": [94.246948, 94.12648, 93.635315, 93.681915, 92.367828, 92.06028, 92.889732, 92.339874], "curr": [94.246948]}, "15": {"past": [92.282303, 92.504723, 92.291573, 90.6791, 89.483643, 89.363167, 88.732979, 88.760796, 89.23342099999999, 89.390961, 88.501312, 88.807137, 88.677406, 88.510582, 88.973938, 88.992462], "next": [94.246948, 94.12648, 93.635315, 93.681915, 92.367828, 92.06028, 92.889732, 92.339874, 92.610153, 93.38369, 92.964302, 94.306343, 94.893478, 94.48342099999999, 94.474091, 94.39954399999999], "curr": [94.246948]}}