{"3": {"past": [76.463287, 76.11113, 76.398415, 76.574493], "next": [87.39850600000001, 88.019432, 89.539238, 90.577156], "curr": [87.39850600000001]}, "7": {"past": [79.905327, 75.07012900000001, 76.064796, 77.260269, 76.463287, 76.11113, 76.398415, 76.574493], "next": [87.39850600000001, 88.019432, 89.539238, 90.577156, 90.475212, 90.938576, 90.632751, 90.66983], "curr": [87.39850600000001]}, "15": {"past": [76.856842, 77.234459, 78.44094100000001, 77.869949, 77.151573, 77.35417199999999, 77.28969599999999, 78.69882199999999, 79.905327, 75.07012900000001, 76.064796, 77.260269, 76.463287, 76.11113, 76.398415, 76.574493], "next": [87.39850600000001, 88.019432, 89.539238, 90.577156, 90.475212, 90.938576, 90.632751, 90.66983, 90.484489, 91.281464, 91.633614, 91.578011, 89.937714, 90.614235, 90.382553, 89.77091999999999], "curr": [87.39850600000001]}}