{"3": {"past": [65.35294300000001, 65.84314, 65.588234, 65.92549100000001], "next": [67.847061, 67.70195799999999, 67.419609, 68.05098000000001], "curr": [67.847061]}, "7": {"past": [64.160782, 64.64705699999999, 64.73333000000001, 64.749016, 65.35294300000001, 65.84314, 65.588234, 65.92549100000001], "next": [67.847061, 67.70195799999999, 67.419609, 68.05098000000001, 68.054901, 67.278435, 67.450981, 67.070587], "curr": [67.847061]}, "15": {"past": [62.607841, 62.086273, 62.690197, 62.690197, 63.223530000000004, 63.788235, 63.760783999999994, 64.305885, 64.160782, 64.64705699999999, 64.73333000000001, 64.749016, 65.35294300000001, 65.84314, 65.588234, 65.92549100000001], "next": [67.847061, 67.70195799999999, 67.419609, 68.05098000000001, 68.054901, 67.278435, 67.450981, 67.070587, 67.28235600000001, 67.01960799999999, 67.082352, 67.015686, 67.035294, 67.517647, 67.537254, 67.15686], "curr": [67.847061]}}