{"3": {"past": [54.113686, 54.357441, 53.579296, 53.926173999999996], "next": [52.9324, 52.660522, 51.44175, 50.569862], "curr": [52.9324]}, "7": {"past": [55.173072999999995, 55.210575, 55.594967000000004, 55.154334999999996, 54.113686, 54.357441, 53.579296, 53.926173999999996], "next": [52.9324, 52.660522, 51.44175, 50.569862, 50.794865, 50.166721, 50.588608, 50.916740000000004], "curr": [52.9324]}, "15": {"past": [58.398151, 58.895035, 58.060642, 58.220028000000006, 58.032516, 56.823116000000006, 57.610638, 57.976265000000005, 55.173072999999995, 55.210575, 55.594967000000004, 55.154334999999996, 54.113686, 54.357441, 53.579296, 53.926173999999996], "next": [52.9324, 52.660522, 51.44175, 50.569862, 50.794865, 50.166721, 50.588608, 50.916740000000004, 49.838592999999996, 48.291686999999996, 48.319809, 49.051066999999996, 49.229202, 48.638565, 48.751072, 47.86042], "curr": [52.9324]}}