{"3": {"past": [44.193325, 44.589176, 44.919044, 45.842682], "next": [46.662647, 46.898262, 46.021751, 45.211211999999996], "curr": [46.662647]}, "7": {"past": [46.596664000000004, 46.568397999999995, 45.41856, 44.014252, 44.193325, 44.589176, 44.919044, 45.842682], "next": [46.662647, 46.898262, 46.021751, 45.211211999999996, 44.306422999999995, 44.174477, 43.203716, 44.692840999999994], "curr": [46.662647]}, "15": {"past": [44.268726, 44.900188, 44.494919, 45.465687, 45.286613, 47.096191, 48.170631, 47.66169, 46.596664000000004, 46.568397999999995, 45.41856, 44.014252, 44.193325, 44.589176, 44.919044, 45.842682], "next": [46.662647, 46.898262, 46.021751, 45.211211999999996, 44.306422999999995, 44.174477, 43.203716, 44.692840999999994, 45.64476, 45.079269000000004, 46.398746, 46.804028, 46.530696999999996, 46.851143, 45.974632, 45.192364000000005], "curr": [46.662647]}}