{"3": {"past": [42.942406, 42.92334, 43.094916999999995, 41.998714], "next": [40.235268, 39.34877, 41.503048, 41.617432], "curr": [40.235268]}, "7": {"past": [42.885216, 43.886097, 43.80983, 43.724045000000004, 42.942406, 42.92334, 43.094916999999995, 41.998714], "next": [40.235268, 39.34877, 41.503048, 41.617432, 42.094035999999996, 42.227486, 42.332336, 43.333228999999996], "curr": [40.235268]}, "15": {"past": [43.552464, 43.142573999999996, 43.380882, 42.503925, 42.256091999999995, 42.237026, 42.256091999999995, 42.132168, 42.885216, 43.886097, 43.80983, 43.724045000000004, 42.942406, 42.92334, 43.094916999999995, 41.998714], "next": [40.235268, 39.34877, 41.503048, 41.617432, 42.094035999999996, 42.227486, 42.332336, 43.333228999999996, 45.973633, 45.70673, 44.877438, 45.306381, 44.906029, 44.410362, 42.808952000000005, 41.626965000000006], "curr": [40.235268]}}