{"3": {"past": [12.812706, 12.855607000000001, 12.912806, 13.188502], "next": [12.939661, 12.690822, 12.211575999999999, 12.091764], "curr": [12.939661]}, "7": {"past": [12.662557000000001, 12.834157000000001, 12.834157000000001, 12.719759, 12.812706, 12.855607000000001, 12.912806, 13.188502], "next": [12.939661, 12.690822, 12.211575999999999, 12.091764, 12.364998, 12.211426, 12.313807, 12.537187], "curr": [12.939661]}, "15": {"past": [12.369411, 12.569608, 12.691158, 12.583909, 12.369411, 12.283610000000001, 12.376560000000001, 12.633958, 12.662557000000001, 12.834157000000001, 12.834157000000001, 12.719759, 12.812706, 12.855607000000001, 12.912806, 13.188502], "next": [12.939661, 12.690822, 12.211575999999999, 12.091764, 12.364998, 12.211426, 12.313807, 12.537187, 12.583725, 12.602339, 12.555800999999999, 12.686108, 12.835026, 13.272478, 13.682007, 13.85885], "curr": [12.939661]}}