{"3": {"past": [13.453876000000001, 13.404073, 13.396957, 13.411188000000001], "next": [13.382729999999999, 12.464933, 12.379558, 12.208806], "curr": [13.382729999999999]}, "7": {"past": [13.361385999999998, 13.183518, 13.368501, 13.418303, 13.453876000000001, 13.404073, 13.396957, 13.411188000000001], "next": [13.382729999999999, 12.464933, 12.379558, 12.208806, 12.116313, 12.123428, 12.130543, 12.087858], "curr": [13.382729999999999]}, "15": {"past": [13.439646, 13.361385999999998, 13.517909, 13.418303, 13.432533, 13.510794, 13.596171, 13.375612, 13.361385999999998, 13.183518, 13.368501, 13.418303, 13.453876000000001, 13.404073, 13.396957, 13.411188000000001], "next": [13.382729999999999, 12.464933, 12.379558, 12.208806, 12.116313, 12.123428, 12.130543, 12.087858, 12.047664, 12.069111999999999, 11.969014999999999, 11.811714, 11.790264, 11.954714, 11.897513, 11.847464], "curr": [13.382729999999999]}}