{"3": {"past": [12.248653, 12.351036, 12.732644, 13.114249], "next": [13.142175, 12.192809, 12.397573, 12.537187], "curr": [13.142175]}, "7": {"past": [12.769873, 12.751259, 12.546494000000001, 12.351036, 12.248653, 12.351036, 12.732644, 13.114249], "next": [13.142175, 12.192809, 12.397573, 12.537187, 12.918795, 13.002562, 12.983947, 13.440013], "curr": [13.142175]}, "15": {"past": [13.011868, 12.956022, 12.658185000000001, 12.686108, 12.565109, 12.686108, 12.63026, 12.602339, 12.769873, 12.751259, 12.546494000000001, 12.351036, 12.248653, 12.351036, 12.732644, 13.114249], "next": [13.142175, 12.192809, 12.397573, 12.537187, 12.918795, 13.002562, 12.983947, 13.440013, 13.244554999999998, 13.104942999999999, 13.179402, 13.235249, 13.346936999999999, 13.570319, 13.565639000000001, 13.397239], "curr": [13.142175]}}