{"3": {"past": [57.177761, 57.226505, 57.382515000000005, 57.011993000000004], "next": [57.977306000000006, 57.762798, 57.04124100000001, 56.573212], "curr": [57.977306000000006]}, "7": {"past": [56.3587, 56.280701, 56.36845400000001, 56.807228, 57.177761, 57.226505, 57.382515000000005, 57.011993000000004], "next": [57.977306000000006, 57.762798, 57.04124100000001, 56.573212, 56.407447999999995, 55.783413, 56.339195, 56.573212], "curr": [57.977306000000006]}, "15": {"past": [56.651222, 57.314266, 57.28501899999999, 57.09, 56.59271999999999, 56.144192000000004, 55.919922, 55.87116999999999, 56.3587, 56.280701, 56.36845400000001, 56.807228, 57.177761, 57.226505, 57.382515000000005, 57.011993000000004], "next": [57.977306000000006, 57.762798, 57.04124100000001, 56.573212, 56.407447999999995, 55.783413, 56.339195, 56.573212, 55.773666000000006, 56.261192, 56.719471, 56.309948, 55.880924, 55.227623, 55.032093, 54.592152], "curr": [57.977306000000006]}}