{"3": {"past": [59.245773, 58.893832999999994, 57.65220600000001, 57.994389], "next": [60.115894, 59.636844999999994, 59.14801, 59.705276], "curr": [60.115894]}, "7": {"past": [56.303043, 56.068401, 56.742989, 57.231818999999994, 59.245773, 58.893832999999994, 57.65220600000001, 57.994389], "next": [60.115894, 59.636844999999994, 59.14801, 59.705276, 59.323997, 60.937118999999996, 60.878315, 60.966526], "curr": [60.115894]}, "15": {"past": [55.335167000000006, 55.90221, 56.195499, 56.136841000000004, 55.833775, 56.048855, 55.589355000000005, 55.64801, 56.303043, 56.068401, 56.742989, 57.231818999999994, 59.245773, 58.893832999999994, 57.65220600000001, 57.994389], "next": [60.115894, 59.636844999999994, 59.14801, 59.705276, 59.323997, 60.937118999999996, 60.878315, 60.966526, 60.858718999999994, 61.368317000000005, 61.182125, 60.074707, 61.191925, 62.573733999999995, 63.945763, 64.180962], "curr": [60.115894]}}