{"3": {"past": [38.419998, 39.560001, 39.060001, 39.5], "next": [39.540001000000004, 39.650002, 38.970001, 40.639998999999996], "curr": [39.540001000000004]}, "7": {"past": [37.240002000000004, 37.209998999999996, 37.849998, 38.200001, 38.419998, 39.560001, 39.060001, 39.5], "next": [39.540001000000004, 39.650002, 38.970001, 40.639998999999996, 39.619999, 39.25, 39.720001, 39.959998999999996], "curr": [39.540001000000004]}, "15": {"past": [36.810001, 36.889998999999996, 37.080002, 37.009997999999996, 37.200001, 37.040001000000004, 37.029999, 37.130001, 37.240002000000004, 37.209998999999996, 37.849998, 38.200001, 38.419998, 39.560001, 39.060001, 39.5], "next": [39.540001000000004, 39.650002, 38.970001, 40.639998999999996, 39.619999, 39.25, 39.720001, 39.959998999999996, 40.189999, 40.599998, 40.880001, 40.869999, 40.77, 40.450001, 42.27, 41.720001], "curr": [39.540001000000004]}}