{"3": {"past": [44.439999, 44.119999, 44.209998999999996, 44.0], "next": [43.669998, 39.91, 39.25, 39.029999], "curr": [43.669998]}, "7": {"past": [45.009997999999996, 45.130001, 45.09, 45.139998999999996, 44.439999, 44.119999, 44.209998999999996, 44.0], "next": [43.669998, 39.91, 39.25, 39.029999, 38.959998999999996, 38.330002, 37.389998999999996, 38.200001], "curr": [43.669998]}, "15": {"past": [44.48, 45.16, 44.84, 45.169998, 44.610001000000004, 44.950001, 45.279999, 45.41, 45.009997999999996, 45.130001, 45.09, 45.139998999999996, 44.439999, 44.119999, 44.209998999999996, 44.0], "next": [43.669998, 39.91, 39.25, 39.029999, 38.959998999999996, 38.330002, 37.389998999999996, 38.200001, 38.439999, 38.189999, 38.209998999999996, 37.950001, 37.419998, 37.630001, 37.599998, 37.189999], "curr": [43.669998]}}