{"3": {"past": [40.169998, 40.580002, 40.139998999999996, 40.529999], "next": [40.849998, 39.470001, 39.580002, 39.34], "curr": [40.849998]}, "7": {"past": [39.349998, 39.259997999999996, 39.380001, 40.27, 40.169998, 40.580002, 40.139998999999996, 40.529999], "next": [40.849998, 39.470001, 39.580002, 39.34, 39.330002, 39.16, 40.119999, 39.93], "curr": [40.849998]}, "15": {"past": [40.049999, 40.439999, 40.689999, 40.169998, 40.18, 39.93, 39.950001, 39.599998, 39.349998, 39.259997999999996, 39.380001, 40.27, 40.169998, 40.580002, 40.139998999999996, 40.529999], "next": [40.849998, 39.470001, 39.580002, 39.34, 39.330002, 39.16, 40.119999, 39.93, 40.02, 39.029999, 39.400002, 39.529999, 40.0, 40.09, 40.27, 40.299999], "curr": [40.849998]}}