{"3": {"past": [147.05680800000002, 145.26196299999998, 145.931534, 146.312836], "next": [147.177704, 145.15966799999998, 144.796982, 145.35498], "curr": [147.177704]}, "7": {"past": [144.01580800000002, 144.82486, 145.903656, 146.63828999999998, 147.05680800000002, 145.26196299999998, 145.931534, 146.312836], "next": [147.177704, 145.15966799999998, 144.796982, 145.35498, 145.038773, 143.9879, 144.14601100000002, 145.503769], "curr": [147.177704]}, "15": {"past": [141.253784, 142.31393400000002, 143.420624, 145.187576, 145.16896100000002, 143.411316, 144.099503, 144.14601100000002, 144.01580800000002, 144.82486, 145.903656, 146.63828999999998, 147.05680800000002, 145.26196299999998, 145.931534, 146.312836], "next": [147.177704, 145.15966799999998, 144.796982, 145.35498, 145.038773, 143.9879, 144.14601100000002, 145.503769, 144.05299399999998, 143.931396, 143.585327, 145.119278, 145.306351, 144.782562, 144.230698, 144.941589], "curr": [147.177704]}}