{"3": {"past": [130.665924, 131.433151, 130.832291, 132.18188500000002], "next": [134.049042, 134.261627, 133.762497, 134.908676], "curr": [134.049042]}, "7": {"past": [127.449196, 128.2164, 129.270157, 129.288635, 130.665924, 131.433151, 130.832291, 132.18188500000002], "next": [134.049042, 134.261627, 133.762497, 134.908676, 134.30789199999998, 133.947403, 135.583435, 136.75737], "curr": [134.049042]}, "15": {"past": [127.86516599999999, 127.994583, 127.171875, 127.04248799999999, 126.589523, 127.541618, 126.164345, 126.312233, 127.449196, 128.2164, 129.270157, 129.288635, 130.665924, 131.433151, 130.832291, 132.18188500000002], "next": [134.049042, 134.261627, 133.762497, 134.908676, 134.30789199999998, 133.947403, 135.583435, 136.75737, 136.62796, 135.999435, 135.794815, 136.631821, 136.35278300000002, 136.566696, 137.106079, 136.854996], "curr": [134.049042]}}