{"3": {"past": [34.828915, 34.847626, 35.165607, 34.885044], "next": [33.005169, 32.415962, 32.406605, 32.967762], "curr": [33.005169]}, "7": {"past": [34.726048, 34.838271999999996, 35.156258, 35.418129, 34.828915, 34.847626, 35.165607, 34.885044], "next": [33.005169, 32.415962, 32.406605, 32.967762, 32.986469, 32.920994, 33.07999, 32.733948], "curr": [33.005169]}, "15": {"past": [33.949771999999996, 33.313801, 33.641148, 33.80014, 33.547623, 33.903011, 34.11813, 34.529633000000004, 34.726048, 34.838271999999996, 35.156258, 35.418129, 34.828915, 34.847626, 35.165607, 34.885044], "next": [33.005169, 32.415962, 32.406605, 32.967762, 32.986469, 32.920994, 33.07999, 32.733948, 32.593651, 32.406605, 32.313076, 32.799403999999996, 32.67783, 32.453373, 33.136108, 32.72459], "curr": [33.005169]}}