{"3": {"past": [17.191118, 17.07123, 17.126564000000002, 17.541584], "next": [17.39402, 17.901274, 17.809042, 17.68915], "curr": [17.39402]}, "7": {"past": [17.430914, 17.615366, 17.560029999999998, 17.495472, 17.191118, 17.07123, 17.126564000000002, 17.541584], "next": [17.39402, 17.901274, 17.809042, 17.68915, 17.716816, 17.679928, 17.596922, 17.85516], "curr": [17.39402]}, "15": {"past": [17.652258, 17.615366, 17.85516, 17.864378, 17.818264000000003, 17.818264000000003, 17.818264000000003, 17.430914, 17.430914, 17.615366, 17.560029999999998, 17.495472, 17.191118, 17.07123, 17.126564000000002, 17.541584], "next": [17.39402, 17.901274, 17.809042, 17.68915, 17.716816, 17.679928, 17.596922, 17.85516, 17.744488, 17.864378, 17.781376, 17.633814, 17.818264000000003, 18.090082000000002, 17.904352, 18.07151], "curr": [17.39402]}}