{"3": {"past": [19.835943, 20.030962, 20.198114, 20.541718], "next": [20.857452, 19.817369, 19.724503, 19.733789], "curr": [20.857452]}, "7": {"past": [19.817369, 19.715219, 19.659498000000003, 19.835943, 19.835943, 20.030962, 20.198114, 20.541718], "next": [20.857452, 19.817369, 19.724503, 19.733789, 20.114538, 19.900949, 19.919525, 19.882372], "curr": [20.857452]}, "15": {"past": [19.863802, 20.012381, 19.938093, 19.910235999999998, 19.938093, 19.910235999999998, 19.854515, 19.891663, 19.817369, 19.715219, 19.659498000000003, 19.835943, 19.835943, 20.030962, 20.198114, 20.541718], "next": [20.857452, 19.817369, 19.724503, 19.733789, 20.114538, 19.900949, 19.919525, 19.882372, 19.57592, 19.566637, 19.520203, 19.473766, 19.566637, 19.780224, 19.611310999999997, 19.489792], "curr": [20.857452]}}