{"3": {"past": [14.516132, 14.461625, 14.488878, 14.652389999999999], "next": [14.715976999999999, 15.987729000000002, 16.033146, 16.033146], "curr": [14.715976999999999]}, "7": {"past": [14.207278, 14.279948000000001, 14.570635000000001, 14.588801, 14.516132, 14.461625, 14.488878, 14.652389999999999], "next": [14.715976999999999, 15.987729000000002, 16.033146, 16.033146, 15.778796, 16.005898000000002, 15.733379999999999, 15.760629999999999], "curr": [14.715976999999999]}, "15": {"past": [13.480560999999998, 13.671325, 13.616821, 13.816668, 13.871172, 13.862085999999998, 14.016514, 14.089185999999998, 14.207278, 14.279948000000001, 14.570635000000001, 14.588801, 14.516132, 14.461625, 14.488878, 14.652389999999999], "next": [14.715976999999999, 15.987729000000002, 16.033146, 16.033146, 15.778796, 16.005898000000002, 15.733379999999999, 15.760629999999999, 15.836331, 15.808869, 15.854642000000002, 15.891257000000001, 15.918719, 16.01026, 15.991948999999998, 16.083488], "curr": [14.715976999999999]}}