{"3": {"past": [17.191116, 17.392502, 17.493195999999998, 17.35589], "next": [17.401654999999998, 16.815804999999997, 16.907345, 17.33758], "curr": [17.401654999999998]}, "7": {"past": [17.66712, 17.722048, 17.822741, 17.35589, 17.191116, 17.392502, 17.493195999999998, 17.35589], "next": [17.401654999999998, 16.815804999999997, 16.907345, 17.33758, 17.172806, 17.346737, 17.374195, 17.209423], "curr": [17.401654999999998]}, "15": {"past": [17.300964, 17.218576000000002, 17.200274, 17.310118, 17.676279, 17.6122, 17.722048, 17.630507, 17.66712, 17.722048, 17.822741, 17.35589, 17.191116, 17.392502, 17.493195999999998, 17.35589], "next": [17.401654999999998, 16.815804999999997, 16.907345, 17.33758, 17.172806, 17.346737, 17.374195, 17.209423, 16.715113, 16.6968, 16.733421, 16.294031, 16.379524, 16.361082, 16.047507999999997, 15.927613000000001], "curr": [17.401654999999998]}}