{"3": {"past": [214.43631000000002, 217.68219, 219.045319, 221.23213199999998], "next": [219.68272400000004, 224.41922000000002, 225.31158399999998, 224.81147799999997], "curr": [219.68272400000004]}, "7": {"past": [209.53311200000002, 209.621384, 213.74986299999998, 215.10314900000003, 214.43631000000002, 217.68219, 219.045319, 221.23213199999998], "next": [219.68272400000004, 224.41922000000002, 225.31158399999998, 224.81147799999997, 226.125519, 226.331467, 226.262848, 227.498413], "curr": [219.68272400000004]}, "15": {"past": [208.464233, 208.778, 208.866287, 207.699326, 208.65055800000002, 207.601273, 208.983963, 210.092102, 209.53311200000002, 209.621384, 213.74986299999998, 215.10314900000003, 214.43631000000002, 217.68219, 219.045319, 221.23213199999998], "next": [219.68272400000004, 224.41922000000002, 225.31158399999998, 224.81147799999997, 226.125519, 226.331467, 226.262848, 227.498413, 226.635483, 221.82051099999998, 220.565292, 224.37997400000003, 223.477798, 225.841156, 224.840897, 227.12576299999998], "curr": [219.68272400000004]}}