{"3": {"past": [228.482117, 228.953629, 227.106888, 226.684525], "next": [236.821823, 244.434631, 241.576141, 245.200806], "curr": [236.821823]}, "7": {"past": [231.74334700000003, 231.33079500000002, 230.751221, 229.366196, 228.482117, 228.953629, 227.106888, 226.684525], "next": [236.821823, 244.434631, 241.576141, 245.200806, 245.790192, 250.44632000000001, 247.214508, 245.564285], "curr": [236.821823]}, "15": {"past": [234.80810499999998, 234.98494, 233.84545899999998, 234.85723900000002, 233.35429399999998, 230.898575, 232.047882, 231.65492200000003, 231.74334700000003, 231.33079500000002, 230.751221, 229.366196, 228.482117, 228.953629, 227.106888, 226.684525], "next": [236.821823, 244.434631, 241.576141, 245.200806, 245.790192, 250.44632000000001, 247.214508, 245.564285, 245.81964100000002, 242.46018999999998, 242.98082000000002, 243.27552799999998, 242.902237, 244.945404, 248.79600499999998, 247.528854], "curr": [236.821823]}}