{"3": {"past": [123.85088300000001, 123.598289, 125.899635, 126.17092099999999], "next": [130.745514, 130.277756, 130.165512, 130.427444], "curr": [130.745514]}, "7": {"past": [124.24376699999999, 122.428909, 121.77406299999998, 122.896675, 123.85088300000001, 123.598289, 125.899635, 126.17092099999999], "next": [130.745514, 130.277756, 130.165512, 130.427444, 129.183228, 128.771622, 128.369339, 129.05226100000002], "curr": [130.745514]}, "15": {"past": [124.05668600000001, 123.92572, 123.09311699999999, 123.121201, 122.60666699999999, 123.130524, 123.23343700000001, 123.71056399999999, 124.24376699999999, 122.428909, 121.77406299999998, 122.896675, 123.85088300000001, 123.598289, 125.899635, 126.17092099999999], "next": [130.745514, 130.277756, 130.165512, 130.427444, 129.183228, 128.771622, 128.369339, 129.05226100000002, 129.351608, 130.59583999999998, 130.539703, 129.98774699999998, 129.379684, 129.09903, 128.519028, 128.809052], "curr": [130.745514]}}