{"3": {"past": [144.617676, 145.269562, 145.005005, 146.469452], "next": [146.922928, 149.672272, 148.84083600000002, 148.80303999999998], "curr": [146.922928]}, "7": {"past": [143.077667, 144.768829, 144.3815, 144.938889, 144.617676, 145.269562, 145.005005, 146.469452], "next": [146.922928, 149.672272, 148.84083600000002, 148.80303999999998, 150.27688600000002, 148.661346, 147.877182, 146.554474], "curr": [146.922928]}, "15": {"past": [139.789841, 141.868332, 141.518784, 141.726624, 143.134369, 143.25718700000002, 143.323303, 143.247726, 143.077667, 144.768829, 144.3815, 144.938889, 144.617676, 145.269562, 145.005005, 146.469452], "next": [146.922928, 149.672272, 148.84083600000002, 148.80303999999998, 150.27688600000002, 148.661346, 147.877182, 146.554474, 148.311752, 148.614075, 149.26599099999999, 149.114822, 148.944778, 147.716553, 148.462921, 148.906982], "curr": [146.922928]}}