{"3": {"past": [176.300003, 174.330002, 174.919998, 173.850006], "next": [172.300003, 197.850006, 198.46000700000002, 194.470001], "curr": [172.300003]}, "7": {"past": [171.970001, 172.75, 173.990005, 173.850006, 176.300003, 174.330002, 174.919998, 173.850006], "next": [172.300003, 197.850006, 198.46000700000002, 194.470001, 199.580002, 197.610001, 199.229996, 194.649994], "curr": [172.300003]}, "15": {"past": [169.0, 173.149994, 173.229996, 173.0, 172.330002, 171.740005, 173.66000400000001, 173.880005, 171.970001, 172.75, 173.990005, 173.850006, 176.300003, 174.330002, 174.919998, 173.850006], "next": [172.300003, 197.850006, 198.46000700000002, 194.470001, 199.580002, 197.610001, 199.229996, 194.649994, 194.25, 194.800003, 193.919998, 194.149994, 191.199997, 189.320007, 190.679993, 194.759995], "curr": [172.300003]}}