{"3": {"past": [205.619995, 205.179993, 209.88000499999998, 211.55000299999998], "next": [210.82000699999998, 204.850006, 208.309998, 210.039993], "curr": [210.82000699999998]}, "7": {"past": [208.240005, 206.919998, 206.229996, 206.479996, 205.619995, 205.179993, 209.88000499999998, 211.55000299999998], "next": [210.82000699999998, 204.850006, 208.309998, 210.039993, 203.809998, 205.190002, 207.740005, 208.820007], "curr": [210.82000699999998]}, "15": {"past": [202.229996, 202.46000700000002, 205.770004, 205.779999, 204.179993, 203.270004, 204.149994, 206.690002, 208.240005, 206.919998, 206.229996, 206.479996, 205.619995, 205.179993, 209.88000499999998, 211.55000299999998], "next": [210.82000699999998, 204.850006, 208.309998, 210.039993, 203.809998, 205.190002, 207.740005, 208.820007, 213.99000499999997, 209.190002, 211.74000499999997, 211.19999700000002, 209.610001, 208.940002, 209.139999, 206.050003], "curr": [210.82000699999998]}}