{"3": {"past": [161.070007, 160.130005, 160.990005, 159.279999], "next": [160.100006, 161.580002, 162.889999, 162.149994], "curr": [160.100006]}, "7": {"past": [160.580002, 159.740005, 160.889999, 160.479996, 161.070007, 160.130005, 160.990005, 159.279999], "next": [160.100006, 161.580002, 162.889999, 162.149994, 162.520004, 162.850006, 162.96000700000002, 163.139999], "curr": [160.100006]}, "15": {"past": [141.490005, 141.53999299999998, 165.03999299999998, 162.350006, 162.83999599999999, 162.570007, 160.470001, 161.229996, 160.580002, 159.740005, 160.889999, 160.479996, 161.070007, 160.130005, 160.990005, 159.279999], "next": [160.100006, 161.580002, 162.889999, 162.149994, 162.520004, 162.850006, 162.96000700000002, 163.139999, 163.03999299999998, 163.83999599999999, 164.46000700000002, 163.28999299999998, 161.300003, 163.369995, 162.149994, 162.300003], "curr": [160.100006]}}