{"3": {"past": [124.279999, 124.0, 123.709999, 123.209999], "next": [125.0, 122.410004, 117.790001, 119.730003], "curr": [125.0]}, "7": {"past": [123.910004, 124.389999, 123.08000200000001, 124.16999799999999, 124.279999, 124.0, 123.709999, 123.209999], "next": [125.0, 122.410004, 117.790001, 119.730003, 118.220001, 116.43, 115.190002, 117.349998], "curr": [125.0]}, "15": {"past": [136.070007, 138.270004, 140.83999599999999, 126.07, 125.900002, 124.540001, 123.110001, 123.010002, 123.910004, 124.389999, 123.08000200000001, 124.16999799999999, 124.279999, 124.0, 123.709999, 123.209999], "next": [125.0, 122.410004, 117.790001, 119.730003, 118.220001, 116.43, 115.190002, 117.349998, 117.760002, 120.489998, 128.800003, 131.429993, 134.429993, 136.16000400000001, 138.100006, 138.41000400000001], "curr": [125.0]}}