{"3": {"past": [122.730003, 122.959999, 121.699997, 121.150002], "next": [123.32, 120.940002, 120.18, 120.489998], "curr": [123.32]}, "7": {"past": [120.91999799999999, 120.339996, 119.68, 118.18, 122.730003, 122.959999, 121.699997, 121.150002], "next": [123.32, 120.940002, 120.18, 120.489998, 122.360001, 121.360001, 121.949997, 131.21000700000002], "curr": [123.32]}, "15": {"past": [117.41999799999999, 118.300003, 120.910004, 120.639999, 121.720001, 118.230003, 121.209999, 124.269997, 120.91999799999999, 120.339996, 119.68, 118.18, 122.730003, 122.959999, 121.699997, 121.150002], "next": [123.32, 120.940002, 120.18, 120.489998, 122.360001, 121.360001, 121.949997, 131.21000700000002, 134.020004, 133.100006, 133.220001, 132.800003, 136.91000400000001, 134.380005, 133.389999, 136.0], "curr": [123.32]}}