{"3": {"past": [137.190002, 132.720001, 135.740005, 133.28999299999998], "next": [128.759995, 125.709999, 125.980003, 128.699997], "curr": [128.759995]}, "7": {"past": [133.78999299999998, 134.220001, 138.270004, 133.559998, 137.190002, 132.720001, 135.740005, 133.28999299999998], "next": [128.759995, 125.709999, 125.980003, 128.699997, 132.0, 130.699997, 130.080002, 122.120003], "curr": [128.759995]}, "15": {"past": [129.559998, 131.919998, 133.220001, 133.419998, 134.270004, 130.619995, 130.850006, 130.449997, 133.78999299999998, 134.220001, 138.270004, 133.559998, 137.190002, 132.720001, 135.740005, 133.28999299999998], "next": [128.759995, 125.709999, 125.980003, 128.699997, 132.0, 130.699997, 130.080002, 122.120003, 124.099998, 126.279999, 126.370003, 124.339996, 121.739998, 121.190002, 120.889999, 123.860001], "curr": [128.759995]}}