{"3": {"past": [72.768196, 72.613899, 72.205444, 72.023911], "next": [70.798553, 70.798553, 71.724365, 72.53220400000001], "curr": [70.798553]}, "7": {"past": [71.379463, 71.17977900000001, 72.241737, 72.976967, 72.768196, 72.613899, 72.205444, 72.023911], "next": [70.798553, 70.798553, 71.724365, 72.53220400000001, 72.477737, 72.68650799999999, 73.3582, 73.69403100000001], "curr": [70.798553]}, "15": {"past": [67.984764, 68.99227900000001, 70.03611, 69.56411, 70.135941, 69.518723, 70.01796, 71.025459, 71.379463, 71.17977900000001, 72.241737, 72.976967, 72.768196, 72.613899, 72.205444, 72.023911], "next": [70.798553, 70.798553, 71.724365, 72.53220400000001, 72.477737, 72.68650799999999, 73.3582, 73.69403100000001, 74.41109499999999, 74.129707, 74.084328, 73.612328, 73.512489, 73.984482, 73.97541, 73.739418], "curr": [70.798553]}}