{"3": {"past": [75.48938000000001, 75.744812, 76.80304, 78.14406600000001], "next": [80.899078, 81.419067, 80.962936, 80.990326], "curr": [80.899078]}, "7": {"past": [74.677475, 75.024132, 74.741333, 74.668358, 75.48938000000001, 75.744812, 76.80304, 78.14406600000001], "next": [80.899078, 81.419067, 80.962936, 80.990326, 81.464691, 81.282249, 81.93905600000001, 82.11238900000001], "curr": [80.899078]}, "15": {"past": [74.093636, 74.330833, 74.686607, 75.416412, 75.370796, 75.945518, 76.310417, 75.069748, 74.677475, 75.024132, 74.741333, 74.668358, 75.48938000000001, 75.744812, 76.80304, 78.14406600000001], "next": [80.899078, 81.419067, 80.962936, 80.990326, 81.464691, 81.282249, 81.93905600000001, 82.11238900000001, 81.555916, 81.519432, 80.753113, 80.671021, 19.248652, 20.087931, 20.160913, 20.160913], "curr": [80.899078]}}