{"3": {"past": [22.321917000000003, 22.161710999999997, 22.33972, 22.402020999999998], "next": [21.707794, 21.930301999999998, 21.850197, 21.618797], "curr": [21.707794]}, "7": {"past": [21.49419, 21.787899, 21.8057, 21.841299, 22.321917000000003, 22.161710999999997, 22.33972, 22.402020999999998], "next": [21.707794, 21.930301999999998, 21.850197, 21.618797, 21.467491, 20.977974, 21.058076999999997, 21.289483999999998], "curr": [21.707794]}, "15": {"past": [21.823498, 21.8769, 21.868, 21.707794, 21.814602, 21.743399, 21.681097, 21.565395000000002, 21.49419, 21.787899, 21.8057, 21.841299, 22.321917000000003, 22.161710999999997, 22.33972, 22.402020999999998], "next": [21.707794, 21.930301999999998, 21.850197, 21.618797, 21.467491, 20.977974, 21.058076999999997, 21.289483999999998, 21.476391, 21.333981, 21.609898, 21.476391, 21.761198, 21.841299, 21.832401, 21.761198], "curr": [21.707794]}}