{"3": {"past": [20.939083, 20.294121, 20.373635999999998, 20.559177], "next": [21.407343, 21.857925, 21.654722, 21.857925], "curr": [21.407343]}, "7": {"past": [20.788883, 20.585678, 20.594514999999998, 20.780056, 20.939083, 20.294121, 20.373635999999998, 20.559177], "next": [21.407343, 21.857925, 21.654722, 21.857925, 21.637051, 21.645887, 21.725403, 21.813755], "curr": [21.407343]}, "15": {"past": [20.364798999999998, 20.39131, 20.408978, 20.64753, 20.974424, 21.106949, 21.106949, 21.124615, 20.788883, 20.585678, 20.594514999999998, 20.780056, 20.939083, 20.294121, 20.373635999999998, 20.559177], "next": [21.407343, 21.857925, 21.654722, 21.857925, 21.637051, 21.645887, 21.725403, 21.813755, 21.672392000000002, 21.698898, 21.850197, 21.449688000000002, 21.698898, 21.743399, 21.556492000000002, 21.583191], "curr": [21.407343]}}