{"3": {"past": [55.855854, 55.89415, 56.037743000000006, 56.009014], "next": [57.36832, 54.601856000000005, 55.118774, 55.18578], "curr": [57.36832]}, "7": {"past": [55.683556, 55.405952, 55.46338299999999, 55.865429000000006, 55.855854, 55.89415, 56.037743000000006, 56.009014], "next": [57.36832, 54.601856000000005, 55.118774, 55.18578, 56.50679399999999, 56.14304, 56.487648, 56.14304], "curr": [57.36832]}, "15": {"past": [54.400833, 54.04665, 54.860317, 54.525268999999994, 54.946468, 54.410412, 55.00391, 55.482533, 55.683556, 55.405952, 55.46338299999999, 55.865429000000006, 55.855854, 55.89415, 56.037743000000006, 56.009014], "next": [57.36832, 54.601856000000005, 55.118774, 55.18578, 56.50679399999999, 56.14304, 56.487648, 56.14304, 55.903728, 55.482533, 55.26236, 55.626125, 55.808002, 55.23365, 54.688010999999996, 56.411076], "curr": [57.36832]}}