{"3": {"past": [32.453528999999996, 32.238609000000004, 32.397461, 32.472218], "next": [32.677799, 32.995514, 33.145027, 33.967341999999995], "curr": [32.677799]}, "7": {"past": [32.210571, 32.26664, 32.294678000000005, 32.472218, 32.453528999999996, 32.238609000000004, 32.397461, 32.472218], "next": [32.677799, 32.995514, 33.145027, 33.967341999999995, 34.238335, 34.354137, 34.175266, 34.297657], "curr": [32.677799]}, "15": {"past": [32.0891, 31.425638, 31.659245000000002, 31.444323999999998, 31.696627000000003, 32.004996999999996, 31.995649, 32.406815, 32.210571, 32.26664, 32.294678000000005, 32.472218, 32.453528999999996, 32.238609000000004, 32.397461, 32.472218], "next": [32.677799, 32.995514, 33.145027, 33.967341999999995, 34.238335, 34.354137, 34.175266, 34.297657, 34.27882, 34.44828, 34.024628, 33.770432, 34.212921, 33.892818, 33.713947, 33.111401], "curr": [32.677799]}}