{"3": {"past": [50.330311, 49.935318, 49.680766999999996, 49.592999], "next": [46.828072, 46.52964, 45.292015, 45.757228999999995], "curr": [46.828072]}, "7": {"past": [47.670722999999995, 49.066345, 50.900852, 50.479527000000004, 50.330311, 49.935318, 49.680766999999996, 49.592999], "next": [46.828072, 46.52964, 45.292015, 45.757228999999995, 46.608639000000004, 45.783546, 46.424305, 46.6479], "curr": [46.828072]}, "15": {"past": [47.205509, 47.5215, 47.108959000000006, 47.003628000000006, 46.512093, 46.547199, 46.23999, 47.126514, 47.670722999999995, 49.066345, 50.900852, 50.479527000000004, 50.330311, 49.935318, 49.680766999999996, 49.592999], "next": [46.828072, 46.52964, 45.292015, 45.757228999999995, 46.608639000000004, 45.783546, 46.424305, 46.6479, 46.825001, 46.718731, 47.26775, 46.178585, 46.718731, 46.07233, 46.240574, 46.594765], "curr": [46.828072]}}