{"3": {"past": [33.688694, 34.087536, 34.198837, 34.254498], "next": [34.718277, 33.531006, 33.679417, 34.291599], "curr": [34.718277]}, "7": {"past": [32.909546, 33.178539, 33.308399, 33.558838, 33.688694, 34.087536, 34.198837, 34.254498], "next": [34.718277, 33.531006, 33.679417, 34.291599, 34.556049, 34.43457, 34.406535999999996, 34.144890000000004], "curr": [34.718277]}, "15": {"past": [33.651585, 33.59594, 33.419703999999996, 33.419703999999996, 33.20636, 33.150707000000004, 33.048679, 32.696213, 32.909546, 33.178539, 33.308399, 33.558838, 33.688694, 34.087536, 34.198837, 34.254498], "next": [34.718277, 33.531006, 33.679417, 34.291599, 34.556049, 34.43457, 34.406535999999996, 34.144890000000004, 33.986031, 33.649628, 33.350601, 33.201096, 33.294540000000005, 33.472084, 32.743214, 32.911415000000005], "curr": [34.718277]}}