{"3": {"past": [38.063519, 38.440109, 38.553082, 38.393028], "next": [38.929665, 41.801140000000004, 41.772896, 42.827343], "curr": [38.929665]}, "7": {"past": [37.432735, 37.460978999999995, 37.894047, 37.743415999999996, 38.063519, 38.440109, 38.553082, 38.393028], "next": [38.929665, 41.801140000000004, 41.772896, 42.827343, 43.975925, 44.343098, 43.627590000000005, 44.227074], "curr": [38.929665]}, "15": {"past": [37.037319000000004, 37.216194, 37.310349, 37.526886, 37.329174, 36.99966, 36.896099, 37.348, 37.432735, 37.460978999999995, 37.894047, 37.743415999999996, 38.063519, 38.440109, 38.553082, 38.393028], "next": [38.929665, 41.801140000000004, 41.772896, 42.827343, 43.975925, 44.343098, 43.627590000000005, 44.227074, 44.302834000000004, 44.227074, 43.848251, 43.166382, 43.327385, 43.431549, 43.052734, 43.232673999999996], "curr": [38.929665]}}