{"3": {"past": [122.391479, 122.196198, 122.42076899999999, 124.158752], "next": [126.10178400000001, 134.576904, 135.09442099999998, 135.28968799999998], "curr": [126.10178400000001]}, "7": {"past": [123.88537600000001, 123.52409399999999, 124.617676, 124.49073, 122.391479, 122.196198, 122.42076899999999, 124.158752], "next": [126.10178400000001, 134.576904, 135.09442099999998, 135.28968799999998, 136.744537, 137.32058700000002, 137.994324, 139.439377], "curr": [126.10178400000001]}, "15": {"past": [122.557457, 122.93826299999999, 122.635574, 122.977318, 123.16282700000001, 123.192108, 123.73890700000001, 124.09040800000001, 123.88537600000001, 123.52409399999999, 124.617676, 124.49073, 122.391479, 122.196198, 122.42076899999999, 124.158752], "next": [126.10178400000001, 134.576904, 135.09442099999998, 135.28968799999998, 136.744537, 137.32058700000002, 137.994324, 139.439377, 139.28315700000002, 138.28723100000002, 138.619232, 139.341751, 136.90074199999998, 136.441849, 136.578522, 136.881226], "curr": [126.10178400000001]}}