{"3": {"past": [116.086037, 116.689651, 116.69938700000002, 116.271019], "next": [117.50741599999999, 124.62406200000001, 122.521194, 122.122047], "curr": [117.50741599999999]}, "7": {"past": [114.42126499999999, 115.268257, 115.696625, 115.803719, 116.086037, 116.689651, 116.69938700000002, 116.271019], "next": [117.50741599999999, 124.62406200000001, 122.521194, 122.122047, 121.23613, 121.85918400000001, 123.10533899999999, 122.764595], "curr": [117.50741599999999]}, "15": {"past": [115.443504, 114.59650400000001, 114.71334099999999, 115.23905900000001, 114.771767, 114.37260400000001, 113.46720900000001, 113.01936299999998, 114.42126499999999, 115.268257, 115.696625, 115.803719, 116.086037, 116.689651, 116.69938700000002, 116.271019], "next": [117.50741599999999, 124.62406200000001, 122.521194, 122.122047, 121.23613, 121.85918400000001, 123.10533899999999, 122.764595, 122.08310700000001, 122.277824, 121.460022, 121.635277, 121.64501200000001, 121.021927, 121.37241399999999, 121.060883], "curr": [117.50741599999999]}}