{"3": {"past": [32.079884, 32.01115, 32.140015000000005, 31.650311], "next": [31.916649, 31.693275, 30.963013, 30.74823], "curr": [31.916649]}, "7": {"past": [31.203559999999996, 31.091877, 31.607360999999997, 31.684681, 32.079884, 32.01115, 32.140015000000005, 31.650311], "next": [31.916649, 31.693275, 30.963013, 30.74823, 30.722456, 31.066105, 30.971603, 30.816957000000002], "curr": [31.916649]}, "15": {"past": [30.576401, 30.756821000000002, 30.731043, 30.696682, 30.997372, 31.177795, 31.177795, 31.057522, 31.203559999999996, 31.091877, 31.607360999999997, 31.684681, 32.079884, 32.01115, 32.140015000000005, 31.650311], "next": [31.916649, 31.693275, 30.963013, 30.74823, 30.722456, 31.066105, 30.971603, 30.816957000000002, 30.593588, 30.662312, 30.499081, 30.198387, 29.903851, 29.860540000000004, 29.869202, 29.947167999999998], "curr": [31.916649]}}