{"3": {"past": [30.707428000000004, 30.894833000000002, 31.116295, 31.039633000000002], "next": [29.472319, 29.267891, 29.617126000000003, 29.9834], "curr": [29.472319]}, "7": {"past": [30.809647, 30.613735, 30.835201, 30.784094, 30.707428000000004, 30.894833000000002, 31.116295, 31.039633000000002], "next": [29.472319, 29.267891, 29.617126000000003, 29.9834, 29.497871000000004, 29.412693, 29.446768, 29.608608], "curr": [29.472319]}, "15": {"past": [30.238937, 29.949327, 30.596693, 31.065186999999998, 30.426334000000004, 30.758543, 30.579667999999998, 30.758543, 30.809647, 30.613735, 30.835201, 30.784094, 30.707428000000004, 30.894833000000002, 31.116295, 31.039633000000002], "next": [29.472319, 29.267891, 29.617126000000003, 29.9834, 29.497871000000004, 29.412693, 29.446768, 29.608608, 29.480840999999998, 29.446768, 28.569412, 28.952719000000002, 28.961239000000003, 29.055744, 28.918283000000002, 28.153662], "curr": [29.472319]}}