{"3": {"past": [125.110001, 127.040001, 126.32, 126.620003], "next": [136.199997, 135.360001, 133.509995, 133.740005], "curr": [136.199997]}, "7": {"past": [121.099998, 120.550003, 124.459999, 125.75, 125.110001, 127.040001, 126.32, 126.620003], "next": [136.199997, 135.360001, 133.509995, 133.740005, 134.41000400000001, 134.309998, 135.600006, 138.179993], "curr": [136.199997]}, "15": {"past": [120.980003, 120.82, 119.959999, 117.510002, 117.16999799999999, 117.860001, 118.610001, 119.459999, 121.099998, 120.550003, 124.459999, 125.75, 125.110001, 127.040001, 126.32, 126.620003], "next": [136.199997, 135.360001, 133.509995, 133.740005, 134.41000400000001, 134.309998, 135.600006, 138.179993, 138.649994, 142.649994, 141.58999599999999, 135.639999, 134.96000700000002, 135.970001, 136.889999, 138.440002], "curr": [136.199997]}}