{"3": {"past": [29.456802000000003, 29.576218, 30.022053000000003, 29.568264000000003], "next": [29.409035, 29.377190000000002, 29.178154, 28.939318], "curr": [29.409035]}, "7": {"past": [29.767294, 29.950397, 29.496609000000003, 29.663795, 29.456802000000003, 29.576218, 30.022053000000003, 29.568264000000003], "next": [29.409035, 29.377190000000002, 29.178154, 28.939318, 29.042811999999998, 28.955240000000003, 28.947281, 28.756208], "curr": [29.409035]}, "15": {"past": [28.501446, 28.644753, 28.819899, 29.130391999999997, 29.194078, 29.225925, 29.297575, 29.480688, 29.767294, 29.950397, 29.496609000000003, 29.663795, 29.456802000000003, 29.576218, 30.022053000000003, 29.568264000000003], "next": [29.409035, 29.377190000000002, 29.178154, 28.939318, 29.042811999999998, 28.955240000000003, 28.947281, 28.756208, 28.493488, 27.673471000000003, 27.148021999999997, 27.259484999999998, 27.518403999999997, 27.477945000000002, 27.906792, 27.971515999999998], "curr": [29.409035]}}