{"3": {"past": [29.403671000000003, 29.508858, 29.565495000000002, 29.20948], "next": [28.206165000000002, 28.12525, 28.473171, 28.586456], "curr": [28.206165000000002]}, "7": {"past": [29.039562, 29.565495000000002, 29.290394, 29.549315999999997, 29.403671000000003, 29.508858, 29.565495000000002, 29.20948], "next": [28.206165000000002, 28.12525, 28.473171, 28.586456, 28.068610999999997, 28.117163, 28.529815999999997, 28.238528999999996], "curr": [28.206165000000002]}, "15": {"past": [28.400351, 28.270891, 28.562178000000003, 28.740187, 28.675451000000002, 28.724003000000003, 28.594542999999998, 28.554089, 29.039562, 29.565495000000002, 29.290394, 29.549315999999997, 29.403671000000003, 29.508858, 29.565495000000002, 29.20948], "next": [28.206165000000002, 28.12525, 28.473171, 28.586456, 28.068610999999997, 28.117163, 28.529815999999997, 28.238528999999996, 28.157618, 28.384169, 28.206165000000002, 27.971515999999998, 28.052425, 28.278986, 28.529815999999997, 28.65118], "curr": [28.206165000000002]}}