{"3": {"past": [28.690490999999998, 28.665821, 28.748046999999996, 28.583588], "next": [28.937176, 29.956847999999997, 30.318665999999997, 30.359779], "curr": [28.937176]}, "7": {"past": [28.517799, 28.739826, 28.526024, 28.780941, 28.690490999999998, 28.665821, 28.748046999999996, 28.583588], "next": [28.937176, 29.956847999999997, 30.318665999999997, 30.359779, 30.754492, 30.425568, 30.524237, 30.573582000000002], "curr": [28.937176]}, "15": {"past": [28.01619, 28.312227000000004, 27.514582, 27.415901, 27.950409000000004, 27.909290000000002, 28.600029, 28.567140999999996, 28.517799, 28.739826, 28.526024, 28.780941, 28.690490999999998, 28.665821, 28.748046999999996, 28.583588], "next": [28.937176, 29.956847999999997, 30.318665999999997, 30.359779, 30.754492, 30.425568, 30.524237, 30.573582000000002, 31.502796000000004, 31.108084, 30.532473, 30.943632, 30.746265, 30.828505, 30.532473, 30.335115000000002], "curr": [28.937176]}}