{"3": {"past": [37.884651, 38.266483, 38.173359000000005, 38.182666999999995], "next": [35.86377, 34.392338, 33.526245, 33.423801], "curr": [35.86377]}, "7": {"past": [39.244331, 38.545871999999996, 38.368922999999995, 37.85672, 37.884651, 38.266483, 38.173359000000005, 38.182666999999995], "next": [35.86377, 34.392338, 33.526245, 33.423801, 33.274799, 33.656624, 33.889441999999995, 33.582122999999996], "curr": [35.86377]}, "15": {"past": [37.866035, 38.406181, 38.760063, 38.750748, 39.076702000000004, 38.368922999999995, 39.272265999999995, 39.495777000000004, 39.244331, 38.545871999999996, 38.368922999999995, 37.85672, 37.884651, 38.266483, 38.173359000000005, 38.182666999999995], "next": [35.86377, 34.392338, 33.526245, 33.423801, 33.274799, 33.656624, 33.889441999999995, 33.582122999999996, 33.526245, 34.261963, 34.373707, 34.541348, 35.779953000000006, 35.47263, 35.053546999999995, 34.848667], "curr": [35.86377]}}