{"3": {"past": [38.673801, 39.474148, 39.740925, 39.602928000000006], "next": [38.784195000000004, 38.241436, 38.186234000000006, 38.140244], "curr": [38.784195000000004]}, "7": {"past": [37.799877, 38.039055, 37.974663, 38.388634, 38.673801, 39.474148, 39.740925, 39.602928000000006], "next": [38.784195000000004, 38.241436, 38.186234000000006, 38.140244, 38.278236, 38.149448, 38.609413, 38.655403], "curr": [38.784195000000004]}, "15": {"past": [37.993057, 37.698681, 37.882664, 37.707882, 37.827465000000004, 37.919468, 37.625084, 37.349113, 37.799877, 38.039055, 37.974663, 38.388634, 38.673801, 39.474148, 39.740925, 39.602928000000006], "next": [38.784195000000004, 38.241436, 38.186234000000006, 38.140244, 38.278236, 38.149448, 38.609413, 38.655403, 38.646206, 39.014179, 38.554210999999995, 38.673801, 39.050976, 38.701401000000004, 38.020653, 38.425422999999995], "curr": [38.784195000000004]}}