{"3": {"past": [40.510090000000005, 39.988853000000006, 40.025436, 40.217464], "next": [38.864090000000004, 38.681194, 39.010399, 38.681194], "curr": [38.864090000000004]}, "7": {"past": [39.22987, 39.540775, 40.190037, 40.4095, 40.510090000000005, 39.988853000000006, 40.025436, 40.217464], "next": [38.864090000000004, 38.681194, 39.010399, 38.681194, 37.702740000000006, 37.50156, 37.775890000000004, 38.269688], "curr": [38.864090000000004]}, "15": {"past": [38.955524, 39.879124, 40.30891, 40.043724, 39.924839, 39.421898, 39.403614000000005, 39.202422999999996, 39.22987, 39.540775, 40.190037, 40.4095, 40.510090000000005, 39.988853000000006, 40.025436, 40.217464], "next": [38.864090000000004, 38.681194, 39.010399, 38.681194, 37.702740000000006, 37.50156, 37.775890000000004, 38.269688, 38.178253000000005, 37.940495, 38.059371999999996, 38.114235, 38.324562, 38.98296, 38.562309, 37.940495], "curr": [38.864090000000004]}}