{"3": {"past": [40.896122, 40.720290999999996, 40.886868, 40.090977], "next": [37.148003, 36.68528, 36.046711, 35.861614], "curr": [37.148003]}, "7": {"past": [40.803585, 40.720290999999996, 40.859108, 40.822098, 40.896122, 40.720290999999996, 40.886868, 40.090977], "next": [37.148003, 36.68528, 36.046711, 35.861614, 36.435398, 36.5187, 36.250309, 36.814846], "curr": [37.148003]}, "15": {"past": [40.322342, 39.841099, 39.942894, 40.146511, 39.86887, 40.165009000000005, 40.303841, 40.599971999999994, 40.803585, 40.720290999999996, 40.859108, 40.822098, 40.896122, 40.720290999999996, 40.886868, 40.090977], "next": [37.148003, 36.68528, 36.046711, 35.861614, 36.435398, 36.5187, 36.250309, 36.814846, 36.65752, 36.509440999999995, 35.99118, 35.787579, 35.76907, 35.010197, 34.751059999999995, 34.140263], "curr": [37.148003]}}