{"3": {"past": [87.270844, 86.933701, 86.634033, 87.186554], "next": [86.39053299999999, 85.58515899999999, 85.285484, 85.407211], "curr": [86.39053299999999]}, "7": {"past": [86.858772, 87.72970600000001, 87.448761, 87.888924, 87.270844, 86.933701, 86.634033, 87.186554], "next": [86.39053299999999, 85.58515899999999, 85.285484, 85.407211, 85.407211, 85.11692, 85.482147, 86.905594], "curr": [86.39053299999999]}, "15": {"past": [81.14005999999999, 81.046921, 80.89791899999999, 81.251823, 82.006233, 83.654732, 84.893433, 85.126289, 86.858772, 87.72970600000001, 87.448761, 87.888924, 87.270844, 86.933701, 86.634033, 87.186554], "next": [86.39053299999999, 85.58515899999999, 85.285484, 85.407211, 85.407211, 85.11692, 85.482147, 86.905594, 86.090866, 85.735008, 85.482147, 85.969116, 87.120995, 87.195908, 86.624657, 87.710983], "curr": [86.39053299999999]}}