{"3": {"past": [91.294472, 90.814064, 91.492271, 91.219116], "next": [90.41845699999999, 90.29599, 92.161064, 91.95384200000001], "curr": [90.41845699999999]}, "7": {"past": [90.68899499999999, 91.166595, 90.239494, 91.45459699999999, 91.294472, 90.814064, 91.492271, 91.219116], "next": [90.41845699999999, 90.29599, 92.161064, 91.95384200000001, 92.302353, 92.415405, 93.734131, 93.57399699999999], "curr": [90.41845699999999]}, "15": {"past": [88.59127, 88.99395, 88.806664, 88.141762, 87.748436, 89.13443000000001, 89.321724, 89.44345899999999, 90.68899499999999, 91.166595, 90.239494, 91.45459699999999, 91.294472, 90.814064, 91.492271, 91.219116], "next": [90.41845699999999, 90.29599, 92.161064, 91.95384200000001, 92.302353, 92.415405, 93.734131, 93.57399699999999, 95.062294, 95.156494, 95.834694, 95.862961, 95.52385699999999, 94.77029399999999, 95.062294, 95.693405], "curr": [90.41845699999999]}}