{"3": {"past": [25.699701, 25.764570000000003, 25.74604, 26.200160999999998], "next": [25.74604, 27.303034000000004, 27.794228000000004, 27.868370000000002], "curr": [25.74604]}, "7": {"past": [25.607019, 25.542145, 25.681160000000002, 25.671896, 25.699701, 25.764570000000003, 25.74604, 26.200160999999998], "next": [25.74604, 27.303034000000004, 27.794228000000004, 27.868370000000002, 28.359568, 28.62833, 28.081529999999997, 28.266890000000004], "curr": [25.74604]}, "15": {"past": [25.792379, 25.69043, 25.912857000000002, 25.78311, 25.773842000000002, 25.829447000000002, 25.838717000000003, 25.755308, 25.607019, 25.542145, 25.681160000000002, 25.671896, 25.699701, 25.764570000000003, 25.74604, 26.200160999999998], "next": [25.74604, 27.303034000000004, 27.794228000000004, 27.868370000000002, 28.359568, 28.62833, 28.081529999999997, 28.266890000000004, 28.313231, 28.257621999999998, 28.433714000000002, 28.591263, 28.322492999999998, 28.3503, 28.368834000000003, 28.3503], "curr": [25.74604]}}