{"3": {"past": [27.312778, 27.173283, 27.368574, 27.396472999999997], "next": [27.861452000000003, 26.09454, 25.862049, 25.824852], "curr": [27.861452000000003]}, "7": {"past": [27.052393, 26.977990999999996, 27.089585999999997, 26.838501, 27.312778, 27.173283, 27.368574, 27.396472999999997], "next": [27.861452000000003, 26.09454, 25.862049, 25.824852, 25.992245, 26.289827000000002, 26.24333, 26.354923], "curr": [27.861452000000003]}, "15": {"past": [25.927147, 25.796953, 26.206129, 25.843449, 26.457221999999998, 27.154685999999998, 27.070990000000002, 27.126789000000002, 27.052393, 26.977990999999996, 27.089585999999997, 26.838501, 27.312778, 27.173283, 27.368574, 27.396472999999997], "next": [27.861452000000003, 26.09454, 25.862049, 25.824852, 25.992245, 26.289827000000002, 26.24333, 26.354923, 26.16893, 26.308426, 26.271225, 26.345625, 25.517965, 25.490067, 25.964344, 25.601662], "curr": [27.861452000000003]}}