{"3": {"past": [80.46416500000001, 80.819061, 81.490471, 81.049263], "next": [84.32002299999999, 82.104347, 82.823708, 85.240791], "curr": [84.32002299999999]}, "7": {"past": [78.21974200000001, 77.96075400000001, 78.123817, 78.766472, 80.46416500000001, 80.819061, 81.490471, 81.049263], "next": [84.32002299999999, 82.104347, 82.823708, 85.240791, 83.71572900000001, 82.488007, 82.83330500000001, 82.40167199999999], "curr": [84.32002299999999]}, "15": {"past": [82.324936, 81.078041, 81.010902, 81.38497199999999, 77.519539, 77.86484499999999, 78.373207, 80.387428, 78.21974200000001, 77.96075400000001, 78.123817, 78.766472, 80.46416500000001, 80.819061, 81.490471, 81.049263], "next": [84.32002299999999, 82.104347, 82.823708, 85.240791, 83.71572900000001, 82.488007, 82.83330500000001, 82.40167199999999, 82.535973, 81.471275, 82.11393000000001, 81.739861, 81.528839, 81.586388, 82.44963800000001, 82.296181], "curr": [84.32002299999999]}}