{"3": {"past": [98.781006, 98.364166, 99.663155, 100.60347], "next": [101.97030600000001, 102.76520500000001, 100.92334699999999, 99.071815], "curr": [101.97030600000001]}, "7": {"past": [101.58255, 101.679482, 102.232033, 100.981522, 98.781006, 98.364166, 99.663155, 100.60347], "next": [101.97030600000001, 102.76520500000001, 100.92334699999999, 99.071815, 101.47590600000001, 101.068764, 101.75703399999999, 101.029984], "curr": [101.97030600000001]}, "15": {"past": [104.87847099999999, 105.35347, 103.763687, 103.531029, 103.74427800000001, 104.12236, 100.56468199999999, 100.97183199999999, 101.58255, 101.679482, 102.232033, 100.981522, 98.781006, 98.364166, 99.663155, 100.60347], "next": [101.97030600000001, 102.76520500000001, 100.92334699999999, 99.071815, 101.47590600000001, 101.068764, 101.75703399999999, 101.029984, 102.232033, 102.51316800000001, 101.650406, 102.745819, 102.81366700000001, 102.503456, 102.02847299999999, 101.592247], "curr": [101.97030600000001]}}