{"3": {"past": [63.952877, 63.187256000000005, 62.17841, 62.097343], "next": [63.412426, 63.673641, 65.484146, 63.817772], "curr": [63.412426]}, "7": {"past": [65.547195, 65.1689, 64.394234, 63.91684300000001, 63.952877, 63.187256000000005, 62.17841, 62.097343], "next": [63.412426, 63.673641, 65.484146, 63.817772, 63.997917, 63.673641, 63.799751, 63.970898], "curr": [63.412426]}, "15": {"past": [64.988739, 65.150879, 64.808586, 65.132851, 65.736351, 65.448128, 65.565216, 65.231926, 65.547195, 65.1689, 64.394234, 63.91684300000001, 63.952877, 63.187256000000005, 62.17841, 62.097343], "next": [63.412426, 63.673641, 65.484146, 63.817772, 63.997917, 63.673641, 63.799751, 63.970898, 63.36739, 63.529522, 63.124191, 63.979904000000005, 64.232101, 64.502335, 65.322006, 65.466148], "curr": [63.412426]}}