{"3": {"past": [61.374851, 61.69239399999999, 61.202488, 61.184334], "next": [63.833488, 63.162113, 63.606669999999994, 62.799236], "curr": [63.833488]}, "7": {"past": [60.630924, 61.302273, 61.066387, 61.402077, 61.374851, 61.69239399999999, 61.202488, 61.184334], "next": [63.833488, 63.162113, 63.606669999999994, 62.799236, 62.635925, 62.37283299999999, 62.42725, 63.379864000000005], "curr": [63.833488]}, "15": {"past": [59.642033, 59.896053, 60.22266, 60.558342, 60.113804, 60.195446, 60.558342, 60.984745, 60.630924, 61.302273, 61.066387, 61.402077, 61.374851, 61.69239399999999, 61.202488, 61.184334], "next": [63.833488, 63.162113, 63.606669999999994, 62.799236, 62.635925, 62.37283299999999, 62.42725, 63.379864000000005, 63.334499, 63.570384999999995, 63.597603, 63.461521, 63.688339, 63.506873999999996, 63.425243, 61.610748], "curr": [63.833488]}}