{"3": {"past": [55.320515, 55.38454399999999, 55.119285999999995, 53.847862], "next": [57.195637, 57.634678, 57.058434, 56.674263], "curr": [57.195637]}, "7": {"past": [56.436436, 56.207764000000005, 56.235209999999995, 55.979099, 55.320515, 55.38454399999999, 55.119285999999995, 53.847862], "next": [57.195637, 57.634678, 57.058434, 56.674263, 55.064404, 55.649806999999996, 57.460896, 57.881653], "curr": [57.195637]}, "15": {"past": [55.832744999999996, 56.22606700000001, 56.024826000000004, 57.067577, 56.674263, 56.62853199999999, 56.47303, 56.518761, 56.436436, 56.207764000000005, 56.235209999999995, 55.979099, 55.320515, 55.38454399999999, 55.119285999999995, 53.847862], "next": [57.195637, 57.634678, 57.058434, 56.674263, 55.064404, 55.649806999999996, 57.460896, 57.881653, 59.180510999999996, 58.320705000000004, 59.619572, 58.302409999999995, 59.711040000000004, 59.784209999999995, 59.96714, 58.860367000000004], "curr": [57.195637]}}