{"3": {"past": [121.329002, 120.676682, 118.900803, 117.75013], "next": [118.148766, 120.34141499999998, 117.90416699999999, 117.78636200000001], "curr": [118.148766]}, "7": {"past": [120.169266, 120.5951, 120.20549799999999, 120.839745, 121.329002, 120.676682, 118.900803, 117.75013], "next": [118.148766, 120.34141499999998, 117.90416699999999, 117.78636200000001, 117.55983700000002, 117.387695, 114.83264199999999, 114.859825], "curr": [118.148766]}, "15": {"past": [119.815903, 119.263222, 119.154472, 119.79780600000001, 119.326637, 118.792076, 118.991409, 119.52597800000001, 120.169266, 120.5951, 120.20549799999999, 120.839745, 121.329002, 120.676682, 118.900803, 117.75013], "next": [118.148766, 120.34141499999998, 117.90416699999999, 117.78636200000001, 117.55983700000002, 117.387695, 114.83264199999999, 114.859825, 116.14640800000001, 116.508827, 116.264198, 116.164543, 117.016205, 116.073936, 115.965202, 115.97426599999999], "curr": [118.148766]}}