{"3": {"past": [104.697113, 104.247383, 104.53520999999999, 105.218796], "next": [109.545197, 109.73409299999999, 109.868996, 108.816635], "curr": [109.545197]}, "7": {"past": [102.90718100000001, 102.952156, 103.06907700000001, 104.364288, 104.697113, 104.247383, 104.53520999999999, 105.218796], "next": [109.545197, 109.73409299999999, 109.868996, 108.816635, 108.46584299999999, 108.951553, 108.84361299999999, 109.203392], "curr": [109.545197]}, "15": {"past": [103.509804, 102.646332, 103.042091, 103.599785, 104.346329, 104.724113, 103.114059, 102.862206, 102.90718100000001, 102.952156, 103.06907700000001, 104.364288, 104.697113, 104.247383, 104.53520999999999, 105.218796], "next": [109.545197, 109.73409299999999, 109.868996, 108.816635, 108.46584299999999, 108.951553, 108.84361299999999, 109.203392, 109.320328, 109.050491, 110.13881699999999, 110.57058700000002, 111.155235, 111.12824199999999, 111.02031699999999, 110.52561200000001], "curr": [109.545197]}}