{"3": {"past": [113.142776, 112.923721, 114.35681899999999, 113.014999], "next": [113.80914299999999, 111.58188600000001, 113.38011200000001, 111.77356699999999], "curr": [113.80914299999999]}, "7": {"past": [113.097153, 113.65396100000001, 113.818275, 113.708725, 113.142776, 112.923721, 114.35681899999999, 113.014999], "next": [113.80914299999999, 111.58188600000001, 113.38011200000001, 111.77356699999999, 112.421677, 111.079834, 110.77861000000001, 111.07071699999999], "curr": [113.80914299999999]}, "15": {"past": [117.85288999999999, 117.23218500000002, 117.44213899999998, 115.360924, 115.74430100000001, 115.935974, 114.84061399999999, 113.8274, 113.097153, 113.65396100000001, 113.818275, 113.708725, 113.142776, 112.923721, 114.35681899999999, 113.014999], "next": [113.80914299999999, 111.58188600000001, 113.38011200000001, 111.77356699999999, 112.421677, 111.079834, 110.77861000000001, 111.07071699999999, 110.742104, 110.833382, 110.851624, 111.006821, 110.513893, 110.12139099999999, 111.079834, 111.572769], "curr": [113.80914299999999]}}