{"3": {"past": [93.247314, 93.54604300000001, 92.52851899999999, 94.15280200000001], "next": [93.284653, 88.12240600000001, 86.4701, 86.4701], "curr": [93.284653]}, "7": {"past": [92.537849, 93.191322, 94.64756, 94.93695100000001, 93.247314, 93.54604300000001, 92.52851899999999, 94.15280200000001], "next": [93.284653, 88.12240600000001, 86.4701, 86.4701, 84.024345, 83.044151, 82.922813, 85.891335], "curr": [93.284653]}, "15": {"past": [86.15271, 86.330093, 88.28110500000001, 89.270607, 90.484161, 91.202957, 91.109589, 93.01393900000001, 92.537849, 93.191322, 94.64756, 94.93695100000001, 93.247314, 93.54604300000001, 92.52851899999999, 94.15280200000001], "next": [93.284653, 88.12240600000001, 86.4701, 86.4701, 84.024345, 83.044151, 82.922813, 85.891335, 84.649765, 85.39658399999999, 82.27869399999999, 84.90070300000001, 85.990868, 85.539757, 86.347984, 84.365021], "curr": [93.284653]}}