{"3": {"past": [91.33626600000001, 93.620369, 94.437431, 93.59251400000001], "next": [96.183014, 91.19698299999999, 92.079063, 92.589729], "curr": [96.183014]}, "7": {"past": [88.671471, 87.835831, 90.612045, 91.466248, 91.33626600000001, 93.620369, 94.437431, 93.59251400000001], "next": [96.183014, 91.19698299999999, 92.079063, 92.589729, 92.339035, 93.601791, 93.72249599999999, 93.31395], "curr": [96.183014]}, "15": {"past": [89.56282, 88.885025, 89.293571, 89.63711500000001, 89.442116, 88.671471, 88.402206, 88.513626, 88.671471, 87.835831, 90.612045, 91.466248, 91.33626600000001, 93.620369, 94.437431, 93.59251400000001], "next": [96.183014, 91.19698299999999, 92.079063, 92.589729, 92.339035, 93.601791, 93.72249599999999, 93.31395, 93.601791, 93.555374, 93.592712, 93.387337, 94.51688399999999, 95.52504, 93.237976, 94.143463], "curr": [96.183014]}}