{"3": {"past": [35.690365, 36.068493, 35.905215999999996, 35.905215999999996], "next": [35.157539, 36.945076, 37.632584, 36.627094], "curr": [35.157539]}, "7": {"past": [36.128654, 35.527077, 36.644279, 36.824757, 35.690365, 36.068493, 35.905215999999996, 35.905215999999996], "next": [35.157539, 36.945076, 37.632584, 36.627094, 36.07708, 36.205996999999996, 35.527077, 34.316429], "curr": [35.157539]}, "15": {"past": [34.229408, 33.928619, 34.203625, 34.521591, 33.705177, 33.645027, 35.097384999999996, 36.180206, 36.128654, 35.527077, 36.644279, 36.824757, 35.690365, 36.068493, 35.905215999999996, 35.905215999999996], "next": [35.157539, 36.945076, 37.632584, 36.627094, 36.07708, 36.205996999999996, 35.527077, 34.316429, 34.412224, 35.283203, 34.647385, 35.239655, 34.673522999999996, 34.708359, 34.595141999999996, 35.265785], "curr": [35.157539]}}