{"3": {"past": [34.943527, 34.220615, 34.682235999999996, 35.117717999999996], "next": [32.365444000000004, 31.781887, 32.199959, 32.069305], "curr": [32.365444000000004]}, "7": {"past": [33.105762, 34.107395000000004, 34.769329, 34.272877, 34.943527, 34.220615, 34.682235999999996, 35.117717999999996], "next": [32.365444000000004, 31.781887, 32.199959, 32.069305, 32.30447, 32.269627, 32.609318, 33.114471], "curr": [32.365444000000004]}, "15": {"past": [34.124809, 35.500941999999995, 34.899978999999995, 34.58643, 34.299004, 34.420937, 34.734493, 33.99416, 33.105762, 34.107395000000004, 34.769329, 34.272877, 34.943527, 34.220615, 34.682235999999996, 35.117717999999996], "next": [32.365444000000004, 31.781887, 32.199959, 32.069305, 32.30447, 32.269627, 32.609318, 33.114471, 32.91415, 33.036087, 33.854805, 33.732867999999996, 33.78513, 33.471577, 34.342556, 33.950611], "curr": [32.365444000000004]}}