{"3": {"past": [38.175175, 38.711059999999996, 36.958069, 37.048901], "next": [37.394047, 39.092537, 37.40313, 38.329578000000005], "curr": [37.394047]}, "7": {"past": [37.693775, 37.929932, 38.057095000000004, 38.365913, 38.175175, 38.711059999999996, 36.958069, 37.048901], "next": [37.394047, 39.092537, 37.40313, 38.329578000000005, 38.393162, 38.374996, 39.710171, 40.255138], "curr": [37.394047]}, "15": {"past": [39.628429, 39.837326000000004, 40.40955, 40.109814, 39.928158, 39.773754, 40.545788, 38.674725, 37.693775, 37.929932, 38.057095000000004, 38.365913, 38.175175, 38.711059999999996, 36.958069, 37.048901], "next": [37.394047, 39.092537, 37.40313, 38.329578000000005, 38.393162, 38.374996, 39.710171, 40.255138, 40.155228, 40.536709, 40.954516999999996, 41.063511, 41.790138, 43.325142, 43.570381, 43.643044], "curr": [37.394047]}}