{"3": {"past": [77.885506, 78.249847, 78.579521, 78.779045], "next": [79.026306, 75.71672099999999, 83.845345, 82.301163], "curr": [79.026306]}, "7": {"past": [77.443069, 76.948578, 77.04400600000001, 77.373665, 77.885506, 78.249847, 78.579521, 78.779045], "next": [79.026306, 75.71672099999999, 83.845345, 82.301163, 80.991219, 80.626846, 80.74829100000001, 78.60553], "curr": [79.026306]}, "15": {"past": [76.93991899999999, 77.070038, 77.564522, 77.581856, 77.278252, 77.46041899999999, 76.697006, 76.870506, 77.443069, 76.948578, 77.04400600000001, 77.373665, 77.885506, 78.249847, 78.579521, 78.779045], "next": [79.026306, 75.71672099999999, 83.845345, 82.301163, 80.991219, 80.626846, 80.74829100000001, 78.60553, 79.386299, 79.840385, 79.709404, 79.90151999999999, 79.60462199999999, 79.290245, 79.377586, 79.927711], "curr": [79.026306]}}