{"3": {"past": [79.316437, 78.93222800000001, 78.12883000000001, 77.718422], "next": [77.84066800000001, 78.32968100000001, 78.268555, 78.137573], "curr": [77.84066800000001]}, "7": {"past": [79.988846, 80.827148, 80.59139300000001, 79.395035, 79.316437, 78.93222800000001, 78.12883000000001, 77.718422], "next": [77.84066800000001, 78.32968100000001, 78.268555, 78.137573, 77.893051, 78.006584, 77.962914, 77.674751], "curr": [77.84066800000001]}, "15": {"past": [79.36882800000001, 79.316437, 80.277, 79.90151999999999, 79.971375, 80.774773, 80.207153, 80.373062, 79.988846, 80.827148, 80.59139300000001, 79.395035, 79.316437, 78.93222800000001, 78.12883000000001, 77.718422], "next": [77.84066800000001, 78.32968100000001, 78.268555, 78.137573, 77.893051, 78.006584, 77.962914, 77.674751, 78.111389, 77.814484, 78.693634, 79.26509899999999, 79.370583, 80.161819, 80.768456, 81.401443], "curr": [77.84066800000001]}}