{"3": {"past": [68.452316, 68.452316, 66.654663, 68.478882], "next": [68.806534, 69.098763, 69.072189, 68.186646], "curr": [68.806534]}, "7": {"past": [67.92984799999999, 68.239784, 68.381477, 68.478882, 68.452316, 68.452316, 66.654663, 68.478882], "next": [68.806534, 69.098763, 69.072189, 68.186646, 69.23159, 70.47134399999999, 70.320808, 70.595322], "curr": [68.806534]}, "15": {"past": [69.196159, 69.24045600000001, 69.205025, 68.841942, 68.762253, 68.664833, 68.275215, 67.717308, 67.92984799999999, 68.239784, 68.381477, 68.478882, 68.452316, 68.452316, 66.654663, 68.478882], "next": [68.806534, 69.098763, 69.072189, 68.186646, 69.23159, 70.47134399999999, 70.320808, 70.595322, 70.71043399999999, 70.294235, 69.762917, 71.12416800000001, 71.07952900000001, 71.347313, 71.41873199999999, 71.249123], "curr": [68.806534]}}