{"3": {"past": [21.25742, 21.266901, 21.380678, 21.589270000000003], "next": [19.967945, 20.233427, 20.460978, 20.603199], "curr": [19.967945]}, "7": {"past": [20.593718, 20.679049, 21.048828, 20.735939000000002, 21.25742, 21.266901, 21.380678, 21.589270000000003], "next": [19.967945, 20.233427, 20.460978, 20.603199, 20.157572000000002, 20.451496, 20.328238, 20.034307000000002], "curr": [19.967945]}, "15": {"past": [21.892675, 21.674604000000002, 21.674604000000002, 21.437571, 21.750458, 21.769417, 20.005867000000002, 20.612679999999997, 20.593718, 20.679049, 21.048828, 20.735939000000002, 21.25742, 21.266901, 21.380678, 21.589270000000003], "next": [19.967945, 20.233427, 20.460978, 20.603199, 20.157572000000002, 20.451496, 20.328238, 20.034307000000002, 19.721422, 19.171497, 19.105129, 18.906021, 19.143055, 19.180981, 19.209426999999998, 19.019798], "curr": [19.967945]}}