{"3": {"past": [31.270945, 30.265846000000003, 29.871316999999998, 30.115555], "next": [28.809855, 27.832928000000003, 27.588696999999996, 27.062659999999997], "curr": [28.809855]}, "7": {"past": [31.947271, 32.14455, 31.214585999999997, 30.989145, 31.270945, 30.265846000000003, 29.871316999999998, 30.115555], "next": [28.809855, 27.832928000000003, 27.588696999999996, 27.062659999999997, 27.24114, 27.08145, 27.072052000000003, 26.949942], "curr": [28.809855]}, "15": {"past": [30.962315000000004, 30.737675, 31.346071000000002, 31.336708, 31.195795, 31.064284999999998, 31.477606, 31.881521000000003, 31.947271, 32.14455, 31.214585999999997, 30.989145, 31.270945, 30.265846000000003, 29.871316999999998, 30.115555], "next": [28.809855, 27.832928000000003, 27.588696999999996, 27.062659999999997, 27.24114, 27.08145, 27.072052000000003, 26.949942, 26.959333, 27.090843, 27.541728999999997, 27.757778000000002, 27.419615000000004, 27.175383, 27.203561999999998, 27.485369], "curr": [28.809855]}}