{"3": {"past": [21.912094, 22.102798, 22.465141, 23.247032], "next": [24.658258, 24.477087, 25.630854, 25.00153], "curr": [24.658258]}, "7": {"past": [22.322111, 22.121872, 21.721388, 22.064655, 21.912094, 22.102798, 22.465141, 23.247032], "next": [24.658258, 24.477087, 25.630854, 25.00153, 25.182697, 25.297123000000003, 25.440148999999998, 25.344801], "curr": [24.658258]}, "15": {"past": [20.204975, 20.716974, 20.811792, 20.935049, 20.99194, 20.996706, 20.605760999999998, 21.244623, 22.322111, 22.121872, 21.721388, 22.064655, 21.912094, 22.102798, 22.465141, 23.247032], "next": [24.658258, 24.477087, 25.630854, 25.00153, 25.182697, 25.297123000000003, 25.440148999999998, 25.344801, 25.106415, 25.449688000000002, 24.696398000000002, 25.220842, 25.745279, 25.697605, 26.050409, 26.26972], "curr": [24.658258]}}