{"3": {"past": [29.029146, 28.321806, 28.595308000000003, 28.557589], "next": [23.162954, 21.022079, 21.352169, 21.106958], "curr": [23.162954]}, "7": {"past": [28.378389000000002, 28.114319000000002, 28.020008, 28.482135999999997, 29.029146, 28.321806, 28.595308000000003, 28.557589], "next": [23.162954, 21.022079, 21.352169, 21.106958, 21.097527, 21.276718, 21.314447, 21.323881], "curr": [23.162954]}, "15": {"past": [27.463571999999996, 27.473, 27.576742, 27.774798999999998, 28.067165000000003, 28.086028999999996, 28.529287, 28.416117, 28.378389000000002, 28.114319000000002, 28.020008, 28.482135999999997, 29.029146, 28.321806, 28.595308000000003, 28.557589], "next": [23.162954, 21.022079, 21.352169, 21.106958, 21.097527, 21.276718, 21.314447, 21.323881, 21.474773000000003, 22.021784, 21.918039, 21.993492, 22.210409, 21.908609, 21.814297, 21.842592], "curr": [23.162954]}}