{"3": {"past": [104.913307, 106.342583, 106.74011200000001, 108.510139], "next": [110.668213, 108.21671299999998, 111.91761799999999, 109.797417], "curr": [110.668213]}, "7": {"past": [102.386078, 104.629372, 103.266357, 105.291931, 104.913307, 106.342583, 106.74011200000001, 108.510139], "next": [110.668213, 108.21671299999998, 111.91761799999999, 109.797417, 108.71836100000002, 111.444374, 110.961647, 111.359192], "curr": [110.668213]}, "15": {"past": [100.076553, 101.524734, 101.58152, 101.354362, 101.84657299999999, 103.0392, 102.670052, 103.162239, 102.386078, 104.629372, 103.266357, 105.291931, 104.913307, 106.342583, 106.74011200000001, 108.510139], "next": [110.668213, 108.21671299999998, 111.91761799999999, 109.797417, 108.71836100000002, 111.444374, 110.961647, 111.359192, 110.895393, 110.743927, 109.674355, 109.797417, 109.78793300000001, 110.04351000000001, 109.447197, 110.015121], "curr": [110.668213]}}