{"3": {"past": [120.885521, 119.868881, 118.928238, 120.98053], "next": [121.075554, 129.379715, 132.410629, 132.99971000000002], "curr": [121.075554]}, "7": {"past": [121.39859799999999, 122.434242, 122.852318, 122.37724299999999, 120.885521, 119.868881, 118.928238, 120.98053], "next": [121.075554, 129.379715, 132.410629, 132.99971000000002, 135.40358, 138.491516, 138.253967, 139.669678], "curr": [121.075554]}, "15": {"past": [121.113564, 121.42710100000001, 121.379601, 121.50311299999998, 122.282219, 121.95918300000001, 122.01619, 122.462753, 121.39859799999999, 122.434242, 122.852318, 122.37724299999999, 120.885521, 119.868881, 118.928238, 120.98053], "next": [121.075554, 129.379715, 132.410629, 132.99971000000002, 135.40358, 138.491516, 138.253967, 139.669678, 137.626877, 141.779007, 141.874008, 142.59608500000002, 143.099655, 142.814621, 141.68396, 143.033096], "curr": [121.075554]}}