{"3": {"past": [44.871986, 43.873978, 43.302288, 43.486397], "next": [44.019321000000005, 43.699562, 43.040676, 42.478691], "curr": [44.019321000000005]}, "7": {"past": [42.875957, 42.32365, 42.769371, 43.999928000000004, 44.871986, 43.873978, 43.302288, 43.486397], "next": [44.019321000000005, 43.699562, 43.040676, 42.478691, 43.127884, 42.846889000000004, 43.186015999999995, 43.060051], "curr": [44.019321000000005]}, "15": {"past": [41.858554999999996, 42.003902000000004, 41.596939, 42.77906, 43.282913, 43.186015999999995, 42.788746, 42.914719, 42.875957, 42.32365, 42.769371, 43.999928000000004, 44.871986, 43.873978, 43.302288, 43.486397], "next": [44.019321000000005, 43.699562, 43.040676, 42.478691, 43.127884, 42.846889000000004, 43.186015999999995, 43.060051, 43.573597, 43.156952000000004, 43.001919, 42.430237, 43.554221999999996, 44.184028999999995, 43.544731, 43.719299], "curr": [44.019321000000005]}}