{"3": {"past": [42.119099, 43.253784, 43.719299, 43.816277], "next": [45.717121, 46.444481, 46.231121, 46.124451], "curr": [45.717121]}, "7": {"past": [41.566307, 41.333553, 41.372345, 42.148196999999996, 42.119099, 43.253784, 43.719299, 43.816277], "next": [45.717121, 46.444481, 46.231121, 46.124451, 46.13414, 45.98867, 46.434784, 45.804404999999996], "curr": [45.717121]}, "15": {"past": [41.847553000000005, 42.342159, 41.469326, 41.595402, 41.595402, 42.313065, 42.099705, 41.178387, 41.566307, 41.333553, 41.372345, 42.148196999999996, 42.119099, 43.253784, 43.719299, 43.816277], "next": [45.717121, 46.444481, 46.231121, 46.124451, 46.13414, 45.98867, 46.434784, 45.804404999999996, 45.649231, 45.338894, 45.610434999999995, 45.999474, 46.727474, 47.115738, 46.882778, 47.77578], "curr": [45.717121]}}