{"3": {"past": [29.01, 29.43, 29.77, 30.190001000000002], "next": [31.190001000000002, 31.24, 31.440001000000002, 31.459999], "curr": [31.190001000000002]}, "7": {"past": [28.08, 28.219998999999998, 28.49, 28.98, 29.01, 29.43, 29.77, 30.190001000000002], "next": [31.190001000000002, 31.24, 31.440001000000002, 31.459999, 31.200001, 31.049999, 31.52, 31.42], "curr": [31.190001000000002]}, "15": {"past": [28.35, 27.950001, 28.110001, 28.059998999999998, 28.309998999999998, 28.620001000000002, 28.139999, 27.940001000000002, 28.08, 28.219998999999998, 28.49, 28.98, 29.01, 29.43, 29.77, 30.190001000000002], "next": [31.190001000000002, 31.24, 31.440001000000002, 31.459999, 31.200001, 31.049999, 31.52, 31.42, 31.41, 31.290001, 31.030001000000002, 31.02, 31.17, 30.98, 30.73, 30.870001000000002], "curr": [31.190001000000002]}}