{"3": {"past": [33.5, 33.009997999999996, 32.900002, 32.84], "next": [33.91, 34.529999, 34.560001, 34.259997999999996], "curr": [33.91]}, "7": {"past": [33.200001, 33.049999, 33.389998999999996, 33.419998, 33.5, 33.009997999999996, 32.900002, 32.84], "next": [33.91, 34.529999, 34.560001, 34.259997999999996, 34.150002, 34.110001000000004, 34.16, 34.5], "curr": [33.91]}, "15": {"past": [32.450001, 31.389999, 31.49, 31.73, 31.940001000000002, 32.09, 32.330002, 32.540001000000004, 33.200001, 33.049999, 33.389998999999996, 33.419998, 33.5, 33.009997999999996, 32.900002, 32.84], "next": [33.91, 34.529999, 34.560001, 34.259997999999996, 34.150002, 34.110001000000004, 34.16, 34.5, 34.330002, 34.470001, 33.75, 33.82, 33.779999, 33.700001, 34.509997999999996, 34.09], "curr": [33.91]}}