{"3": {"past": [296.190948, 297.383026, 300.348969, 301.034119], "next": [293.919617, 293.24377400000003, 288.982666, 289.085846], "curr": [293.919617]}, "7": {"past": [301.428314, 299.776398, 299.354034, 298.72515899999996, 296.190948, 297.383026, 300.348969, 301.034119], "next": [293.919617, 293.24377400000003, 288.982666, 289.085846, 289.67715499999997, 289.235992, 287.77182, 291.770172], "curr": [293.919617]}, "15": {"past": [292.21133399999997, 293.64736899999997, 293.797546, 295.26178, 297.026337, 297.814728, 298.199585, 299.025513, 301.428314, 299.776398, 299.354034, 298.72515899999996, 296.190948, 297.383026, 300.348969, 301.034119], "next": [293.919617, 293.24377400000003, 288.982666, 289.085846, 289.67715499999997, 289.235992, 287.77182, 291.770172, 290.95361299999996, 291.03808599999996, 294.050995, 296.256683, 291.976746, 292.061188, 293.731873, 294.473389], "curr": [293.919617]}}