{"3": {"past": [267.187225, 267.56054700000004, 268.838776, 269.174652], "next": [267.58850099999995, 271.20871, 270.275635, 269.762512], "curr": [267.58850099999995]}, "7": {"past": [262.148743, 266.10495, 266.450134, 267.243225, 267.187225, 267.56054700000004, 268.838776, 269.174652], "next": [267.58850099999995, 271.20871, 270.275635, 269.762512, 270.84481800000003, 270.424896, 270.443604, 268.838776], "curr": [267.58850099999995]}, "15": {"past": [261.85025, 260.973206, 259.228363, 261.27179, 258.201996, 259.023132, 260.245453, 263.492371, 262.148743, 266.10495, 266.450134, 267.243225, 267.187225, 267.56054700000004, 268.838776, 269.174652], "next": [267.58850099999995, 271.20871, 270.275635, 269.762512, 270.84481800000003, 270.424896, 270.443604, 268.838776, 270.966217, 272.570953, 273.056152, 274.96887200000003, 276.013916, 277.11489900000004, 277.254852, 280.007294], "curr": [267.58850099999995]}}