{"3": {"past": [249.96319599999998, 252.02125499999997, 253.170792, 256.063202], "next": [250.324722, 250.63066099999998, 251.36306800000003, 249.796356], "curr": [250.324722]}, "7": {"past": [248.924866, 248.452057, 250.194946, 249.17514, 249.96319599999998, 252.02125499999997, 253.170792, 256.063202], "next": [250.324722, 250.63066099999998, 251.36306800000003, 249.796356, 248.850739, 249.83335899999997, 249.935379, 250.77897599999997], "curr": [250.324722]}, "15": {"past": [248.081223, 249.082443, 249.89827000000002, 247.5065, 247.626984, 250.51947, 249.406937, 250.55645800000002, 248.924866, 248.452057, 250.194946, 249.17514, 249.96319599999998, 252.02125499999997, 253.170792, 256.063202], "next": [250.324722, 250.63066099999998, 251.36306800000003, 249.796356, 248.850739, 249.83335899999997, 249.935379, 250.77897599999997, 253.115234, 252.623825, 253.893875, 251.91923500000001, 252.243729, 251.474289, 252.48477200000002, 251.835831], "curr": [250.324722]}}