{"3": {"past": [233.926544, 236.651871, 237.296387, 237.066223], "next": [232.858536, 231.09997599999997, 234.75520299999997, 233.40174900000002], "curr": [232.858536]}, "7": {"past": [234.902527, 232.59150699999998, 234.350052, 233.97258, 233.926544, 236.651871, 237.296387, 237.066223], "next": [232.858536, 231.09997599999997, 234.75520299999997, 233.40174900000002, 232.78483599999998, 231.403809, 231.00787400000002, 231.993073], "curr": [232.858536]}, "15": {"past": [230.72244300000003, 230.123962, 233.22682200000003, 233.852905, 235.68512, 237.406891, 237.37002599999997, 235.860077, 234.902527, 232.59150699999998, 234.350052, 233.97258, 233.926544, 236.651871, 237.296387, 237.066223], "next": [232.858536, 231.09997599999997, 234.75520299999997, 233.40174900000002, 232.78483599999998, 231.403809, 231.00787400000002, 231.993073, 234.28564500000002, 235.068237, 236.04420499999998, 236.38487200000003, 237.72912599999998, 239.89277599999997, 241.55011000000002, 241.743454], "curr": [232.858536]}}