{"3": {"past": [63.419509999999995, 63.219574, 63.838428, 64.552513], "next": [66.19010899999999, 64.999992, 63.733695999999995, 63.676579000000004], "curr": [66.19010899999999]}, "7": {"past": [63.695625, 63.505188000000004, 63.06723, 62.876816000000005, 63.419509999999995, 63.219574, 63.838428, 64.552513], "next": [66.19010899999999, 64.999992, 63.733695999999995, 63.676579000000004, 62.991062, 63.638484999999996, 65.285622, 66.561447], "curr": [66.19010899999999]}, "15": {"past": [65.704552, 65.704552, 65.218971, 64.866692, 62.353153000000006, 63.581364, 63.352852, 63.419509999999995, 63.695625, 63.505188000000004, 63.06723, 62.876816000000005, 63.419509999999995, 63.219574, 63.838428, 64.552513], "next": [66.19010899999999, 64.999992, 63.733695999999995, 63.676579000000004, 62.991062, 63.638484999999996, 65.285622, 66.561447, 66.247238, 67.81822199999999, 70.417458, 69.07498199999999, 66.313889, 67.618263, 68.932182, 68.87505300000001], "curr": [66.19010899999999]}}