{"3": {"past": [60.225086, 59.562637, 59.127327, 59.108394999999994], "next": [59.941177, 58.502743, 58.180988, 57.859238], "curr": [59.941177]}, "7": {"past": [61.672977, 61.805473, 62.941078000000005, 59.714057999999994, 60.225086, 59.562637, 59.127327, 59.108394999999994], "next": [59.941177, 58.502743, 58.180988, 57.859238, 57.80245600000001, 57.897082999999995, 58.673083999999996, 58.540604], "curr": [59.941177]}, "15": {"past": [61.83385500000001, 62.089367, 61.85279499999999, 61.814930000000004, 62.69503, 62.448986, 61.862246999999996, 62.827515000000005, 61.672977, 61.805473, 62.941078000000005, 59.714057999999994, 60.225086, 59.562637, 59.127327, 59.108394999999994], "next": [59.941177, 58.502743, 58.180988, 57.859238, 57.80245600000001, 57.897082999999995, 58.673083999999996, 58.540604, 58.881275, 59.004303, 59.865475, 61.152496, 60.556297, 62.382740000000005, 61.010548, 61.79600500000001], "curr": [59.941177]}}