{"3": {"past": [70.640549, 70.828575, 70.819176, 69.97306800000001], "next": [69.380791, 66.701462, 67.970612, 67.876602], "curr": [69.380791]}, "7": {"past": [72.88744399999999, 72.671219, 72.558388, 71.63707, 70.640549, 70.828575, 70.819176, 69.97306800000001], "next": [69.380791, 66.701462, 67.970612, 67.876602, 68.130447, 66.522835, 65.667305, 67.190315], "curr": [69.380791]}, "15": {"past": [72.379761, 73.141266, 73.611336, 72.708809, 73.225876, 73.771149, 73.705338, 74.071976, 72.88744399999999, 72.671219, 72.558388, 71.63707, 70.640549, 70.828575, 70.819176, 69.97306800000001], "next": [69.380791, 66.701462, 67.970612, 67.876602, 68.130447, 66.522835, 65.667305, 67.190315, 65.911751, 65.81774899999999, 65.404099, 64.698982, 64.86820999999999, 65.601524, 66.221977, 66.428833], "curr": [69.380791]}}