{"3": {"past": [81.838379, 80.944496, 82.506615, 81.361076], "next": [82.176849, 82.393822, 80.14606500000001, 79.54727199999999], "curr": [82.176849]}, "7": {"past": [82.558708, 83.643517, 82.78434, 82.706238, 81.838379, 80.944496, 82.506615, 81.361076], "next": [82.176849, 82.393822, 80.14606500000001, 79.54727199999999, 80.050629, 79.720833, 80.03325699999999, 80.840347], "curr": [82.176849]}, "15": {"past": [76.75277700000001, 77.77684, 77.87230699999999, 78.080589, 78.150017, 77.898338, 78.879013, 79.11333499999999, 82.558708, 83.643517, 82.78434, 82.706238, 81.838379, 80.944496, 82.506615, 81.361076], "next": [82.176849, 82.393822, 80.14606500000001, 79.54727199999999, 80.050629, 79.720833, 80.03325699999999, 80.840347, 80.7883, 80.441154, 80.63208, 82.02930500000001, 81.58669300000001, 80.823006, 80.215508, 79.260864], "curr": [82.176849]}}