{"3": {"past": [80.994568, 80.841095, 81.042511, 81.023331], "next": [78.04023000000001, 77.694908, 77.33042900000001, 77.627785], "curr": [78.04023000000001]}, "7": {"past": [80.486183, 80.121689, 80.140862, 80.85067, 80.994568, 80.841095, 81.042511, 81.023331], "next": [78.04023000000001, 77.694908, 77.33042900000001, 77.627785, 79.056976, 80.246391, 79.01861600000001, 79.258408], "curr": [78.04023000000001]}, "15": {"past": [79.146553, 79.564812, 79.44545, 79.949028, 80.083321, 80.169647, 80.160049, 80.47659300000001, 80.486183, 80.121689, 80.140862, 80.85067, 80.994568, 80.841095, 81.042511, 81.023331], "next": [78.04023000000001, 77.694908, 77.33042900000001, 77.627785, 79.056976, 80.246391, 79.01861600000001, 79.258408, 79.095352, 79.066574, 79.546173, 79.757187, 79.613304, 80.188828, 79.74760400000001, 79.526993], "curr": [78.04023000000001]}}