{"3": {"past": [76.057114, 76.313797, 76.579941, 76.256744], "next": [73.585571, 74.792831, 74.117897, 74.868881], "curr": [73.585571]}, "7": {"past": [75.08749399999999, 75.23960100000001, 75.28714000000001, 75.705399, 76.057114, 76.313797, 76.579941, 76.256744], "next": [73.585571, 74.792831, 74.117897, 74.868881, 74.754807, 74.555176, 74.317543, 74.146431], "curr": [73.585571]}, "15": {"past": [73.901955, 73.476242, 74.460121, 74.231972, 73.585571, 74.298523, 74.849861, 74.96392800000001, 75.08749399999999, 75.23960100000001, 75.28714000000001, 75.705399, 76.057114, 76.313797, 76.579941, 76.256744], "next": [73.585571, 74.792831, 74.117897, 74.868881, 74.754807, 74.555176, 74.317543, 74.146431, 73.614098, 73.65211500000001, 73.27188100000001, 73.214828, 73.92778, 74.250984, 74.289009, 73.39544699999999], "curr": [73.585571]}}