{"3": {"past": [219.94455, 219.040482, 223.901093, 224.941284], "next": [220.100067, 215.813004, 215.35609399999998, 211.487], "curr": [220.100067]}, "7": {"past": [222.219315, 224.474686, 224.153854, 220.30423, 219.94455, 219.040482, 223.901093, 224.941284], "next": [220.100067, 215.813004, 215.35609399999998, 211.487, 213.84925800000002, 212.838287, 202.864197, 204.196014], "curr": [220.100067]}, "15": {"past": [221.023621, 227.96461499999998, 235.25562999999997, 234.886185, 233.097473, 228.752045, 223.201172, 224.076096, 222.219315, 224.474686, 224.153854, 220.30423, 219.94455, 219.040482, 223.901093, 224.941284], "next": [220.100067, 215.813004, 215.35609399999998, 211.487, 213.84925800000002, 212.838287, 202.864197, 204.196014, 209.260803, 209.93159500000002, 216.07545499999998, 213.31913799999998, 212.023727, 209.09208700000002, 204.465714, 205.361771], "curr": [220.100067]}}