{"3": {"past": [215.393692, 217.53642299999998, 214.45867900000002, 217.068909], "next": [233.606934, 232.74987799999997, 230.831116, 231.366806], "curr": [233.606934]}, "7": {"past": [211.634125, 213.19250499999998, 217.01045200000002, 217.68252599999997, 215.393692, 217.53642299999998, 214.45867900000002, 217.068909], "next": [233.606934, 232.74987799999997, 230.831116, 231.366806, 228.19166600000003, 227.753372, 228.18188500000002, 227.67542999999998], "curr": [233.606934]}, "15": {"past": [215.646927, 214.575531, 213.87426800000003, 207.251282, 204.641037, 207.1539, 205.244904, 205.663696, 211.634125, 213.19250499999998, 217.01045200000002, 217.68252599999997, 215.393692, 217.53642299999998, 214.45867900000002, 217.068909], "next": [233.606934, 232.74987799999997, 230.831116, 231.366806, 228.19166600000003, 227.753372, 228.18188500000002, 227.67542999999998, 224.53927599999997, 229.06825299999997, 226.964462, 218.919434, 223.312042, 222.445236, 225.737259, 225.0457], "curr": [233.606934]}}