{"3": {"past": [222.036514, 220.280136, 221.01197799999997, 220.94366499999998], "next": [206.83403, 210.990799, 205.72168, 209.22468600000002], "curr": [206.83403]}, "7": {"past": [219.33363300000002, 219.22634900000003, 221.49986299999998, 222.573212, 222.036514, 220.280136, 221.01197799999997, 220.94366499999998], "next": [206.83403, 210.990799, 205.72168, 209.22468600000002, 208.824585, 204.784927, 205.838776, 201.779541], "curr": [206.83403]}, "15": {"past": [219.29463199999998, 215.37204, 219.63613900000001, 218.904297, 217.860229, 218.35788, 215.254944, 218.52375800000002, 219.33363300000002, 219.22634900000003, 221.49986299999998, 222.573212, 222.036514, 220.280136, 221.01197799999997, 220.94366499999998], "next": [206.83403, 210.990799, 205.72168, 209.22468600000002, 208.824585, 204.784927, 205.838776, 201.779541, 199.808472, 200.44271899999998, 201.36973600000002, 200.140274, 195.554123, 195.680969, 194.129501, 195.954193], "curr": [206.83403]}}