{"3": {"past": [212.29615800000002, 213.01972999999998, 212.032181, 212.472153], "next": [204.317459, 207.104141, 207.84726, 205.373428], "curr": [204.317459]}, "7": {"past": [208.512131, 211.777908, 207.51478600000002, 212.10060099999998, 212.29615800000002, 213.01972999999998, 212.032181, 212.472153], "next": [204.317459, 207.104141, 207.84726, 205.373428, 208.463226, 208.218765, 208.512131, 207.749435], "curr": [204.317459]}, "15": {"past": [199.203629, 201.403656, 200.025024, 200.97340400000002, 198.959183, 198.832108, 204.845459, 211.357498, 208.512131, 211.777908, 207.51478600000002, 212.10060099999998, 212.29615800000002, 213.01972999999998, 212.032181, 212.472153], "next": [204.317459, 207.104141, 207.84726, 205.373428, 208.463226, 208.218765, 208.512131, 207.749435, 207.446335, 201.599213, 204.728104, 203.10498, 204.102341, 202.831207, 202.528122, 201.325439], "curr": [204.317459]}}