{"3": {"past": [37.62355, 38.012828999999996, 39.015209000000006, 39.034679], "next": [39.735378000000004, 38.606468, 39.034679, 39.08334], "curr": [39.735378000000004]}, "7": {"past": [37.993362, 37.876579, 37.915508, 37.857124, 37.62355, 38.012828999999996, 39.015209000000006, 39.034679], "next": [39.735378000000004, 38.606468, 39.034679, 39.08334, 38.431301, 38.752453, 38.314507, 37.847389], "curr": [39.735378000000004]}, "15": {"past": [38.424778, 38.055969, 38.094791, 37.832737, 38.075375, 37.793911, 37.609512, 37.813324, 37.993362, 37.876579, 37.915508, 37.857124, 37.62355, 38.012828999999996, 39.015209000000006, 39.034679], "next": [39.735378000000004, 38.606468, 39.034679, 39.08334, 38.431301, 38.752453, 38.314507, 37.847389, 37.9739, 38.168533000000004, 38.032295, 38.080952, 37.584618, 37.574894, 37.847389, 37.993362], "curr": [39.735378000000004]}}