{"3": {"past": [37.172748999999996, 36.609818, 36.629238, 36.532177000000004], "next": [37.163044, 37.434803, 37.007751, 37.201874], "curr": [37.163044]}, "7": {"past": [37.599796000000005, 37.434803, 37.871559000000005, 37.172748999999996, 37.172748999999996, 36.609818, 36.629238, 36.532177000000004], "next": [37.163044, 37.434803, 37.007751, 37.201874, 37.153339, 36.871876, 37.201874, 37.085392], "curr": [37.163044]}, "15": {"past": [36.931736, 36.476738, 37.202793, 37.502888, 37.560974, 37.522156, 37.696846, 37.774498, 37.599796000000005, 37.434803, 37.871559000000005, 37.172748999999996, 37.172748999999996, 36.609818, 36.629238, 36.532177000000004], "next": [37.163044, 37.434803, 37.007751, 37.201874, 37.153339, 36.871876, 37.201874, 37.085392, 36.522465000000004, 36.105118, 35.377196999999995, 35.61013, 36.202175, 36.318649, 36.376881, 35.396606], "curr": [37.163044]}}