{"3": {"past": [127.492805, 127.739326, 128.193024, 129.189133], "next": [127.15743300000001, 126.151474, 126.042984, 127.709763], "curr": [127.15743300000001]}, "7": {"past": [125.678078, 125.973946, 126.27968600000001, 126.703773, 127.492805, 127.739326, 128.193024, 129.189133], "next": [127.15743300000001, 126.151474, 126.042984, 127.709763, 128.814346, 128.10426299999997, 128.035217, 128.587524], "curr": [127.15743300000001]}, "15": {"past": [120.302994, 119.139229, 120.519966, 121.042702, 122.522072, 123.55763999999999, 123.74504099999999, 125.263855, 125.678078, 125.973946, 126.27968600000001, 126.703773, 127.492805, 127.739326, 128.193024, 129.189133], "next": [127.15743300000001, 126.151474, 126.042984, 127.709763, 128.814346, 128.10426299999997, 128.035217, 128.587524, 128.054932, 127.93659199999999, 125.91478700000002, 126.782684, 129.28775, 129.771027, 130.55015600000002, 129.080658], "curr": [127.15743300000001]}}