{"3": {"past": [108.264229, 107.468391, 107.92036399999999, 107.389793], "next": [104.471703, 103.16494, 103.302483, 104.717316], "curr": [104.471703]}, "7": {"past": [106.633232, 108.038246, 107.71401999999999, 107.998947, 108.264229, 107.468391, 107.92036399999999, 107.389793], "next": [104.471703, 103.16494, 103.302483, 104.717316, 104.72715, 104.736977, 104.854874, 105.42473600000001], "curr": [104.471703]}, "15": {"past": [105.876701, 105.67038000000001, 105.444374, 105.925827, 106.81008899999999, 106.800278, 106.505531, 106.760979, 106.633232, 108.038246, 107.71401999999999, 107.998947, 108.264229, 107.468391, 107.92036399999999, 107.389793], "next": [104.471703, 103.16494, 103.302483, 104.717316, 104.72715, 104.736977, 104.854874, 105.42473600000001, 105.39526399999998, 106.38760400000001, 106.977135, 107.7435, 107.389793, 107.50768300000001, 108.234756, 107.527336], "curr": [104.471703]}}