{"3": {"past": [15.97, 15.46, 15.4, 15.45], "next": [15.37, 14.0, 15.58, 14.12], "curr": [15.37]}, "7": {"past": [15.75, 15.59, 15.63, 15.81, 15.97, 15.46, 15.4, 15.45], "next": [15.37, 14.0, 15.58, 14.12, 13.55, 13.04, 13.12, 13.06], "curr": [15.37]}, "15": {"past": [15.72, 15.56, 15.55, 15.6, 15.51, 15.66, 15.62, 15.74, 15.75, 15.59, 15.63, 15.81, 15.97, 15.46, 15.4, 15.45], "next": [15.37, 14.0, 15.58, 14.12, 13.55, 13.04, 13.12, 13.06, 13.06, 13.3, 13.93, 14.62, 17.639999, 18.540001, 18.32, 18.219998999999998], "curr": [15.37]}}