{"3": {"past": [21.437105, 20.614506, 20.90192, 20.733437], "next": [21.110048000000003, 19.464851, 19.841463, 19.544138], "curr": [21.110048000000003]}, "7": {"past": [20.664063, 20.664063, 21.110048000000003, 21.119958999999998, 21.437105, 20.614506, 20.90192, 20.733437], "next": [21.110048000000003, 19.464851, 19.841463, 19.544138, 19.44503, 18.810738, 18.830559, 18.612522], "curr": [21.110048000000003]}, "15": {"past": [20.782989999999998, 20.574863, 20.624418, 20.733437, 20.693792000000002, 20.693792000000002, 20.545132000000002, 20.872189000000002, 20.664063, 20.664063, 21.110048000000003, 21.119958999999998, 21.437105, 20.614506, 20.90192, 20.733437], "next": [21.110048000000003, 19.464851, 19.841463, 19.544138, 19.44503, 18.810738, 18.830559, 18.612522, 18.245821, 17.839478, 17.581797, 17.353848, 17.274561, 17.334024, 17.26465, 17.01688], "curr": [21.110048000000003]}}