{"3": {"past": [155.954117, 156.64091499999998, 156.45275900000001, 153.668015], "next": [154.176041, 153.893829, 154.29834, 155.596619], "curr": [154.176041]}, "7": {"past": [154.20426899999998, 155.577805, 155.23911999999999, 155.60600300000002, 155.954117, 156.64091499999998, 156.45275900000001, 153.668015], "next": [154.176041, 153.893829, 154.29834, 155.596619, 156.38687099999999, 157.02659599999998, 156.518585, 158.14613300000002], "curr": [154.176041]}, "15": {"past": [147.66578700000002, 147.571701, 147.901016, 149.396851, 150.149475, 150.63867199999999, 151.071457, 153.489243, 154.20426899999998, 155.577805, 155.23911999999999, 155.60600300000002, 155.954117, 156.64091499999998, 156.45275900000001, 153.668015], "next": [154.176041, 153.893829, 154.29834, 155.596619, 156.38687099999999, 157.02659599999998, 156.518585, 158.14613300000002, 158.663574, 159.999496, 160.658066, 160.02771, 157.11128200000002, 155.784805, 157.459366, 158.155518], "curr": [154.176041]}}