{"3": {"past": [57.401104000000004, 57.291237, 57.062374, 57.108146999999995], "next": [57.401104000000004, 58.25251, 58.02363199999999, 58.563774], "curr": [57.401104000000004]}, "7": {"past": [57.26377900000001, 56.659561, 56.888435, 57.034904000000004, 57.401104000000004, 57.291237, 57.062374, 57.108146999999995], "next": [57.401104000000004, 58.25251, 58.02363199999999, 58.563774, 58.600398999999996, 57.941246, 58.53631600000001, 58.984905000000005], "curr": [57.401104000000004]}, "15": {"past": [57.794765000000005, 57.26377900000001, 57.291237, 57.721527, 57.318714, 57.492649, 57.007445999999995, 57.346171999999996, 57.26377900000001, 56.659561, 56.888435, 57.034904000000004, 57.401104000000004, 57.291237, 57.062374, 57.108146999999995], "next": [57.401104000000004, 58.25251, 58.02363199999999, 58.563774, 58.600398999999996, 57.941246, 58.53631600000001, 58.984905000000005, 58.197578, 58.14264300000001, 58.398991, 57.675743000000004, 58.490536, 58.389828, 58.627860999999996, 59.094765], "curr": [57.401104000000004]}}