{"3": {"past": [58.891624, 58.62225, 58.009186, 57.581886], "next": [54.098553, 50.819576, 51.172554, 51.404773999999996], "curr": [54.098553]}, "7": {"past": [58.724426, 58.993805, 59.216736, 59.33749, 58.891624, 58.62225, 58.009186, 57.581886], "next": [54.098553, 50.819576, 51.172554, 51.404773999999996, 51.432644, 52.073574, 51.906376, 51.636996999999994], "curr": [54.098553]}, "15": {"past": [60.00629, 59.959858, 59.755497, 59.876251, 59.244606000000005, 59.291054, 58.882332, 58.835892, 58.724426, 58.993805, 59.216736, 59.33749, 58.891624, 58.62225, 58.009186, 57.581886], "next": [54.098553, 50.819576, 51.172554, 51.404773999999996, 51.432644, 52.073574, 51.906376, 51.636996999999994, 52.556599, 52.212902, 51.534813, 51.181839000000004, 51.079662, 50.903178999999994, 51.246857, 51.274731], "curr": [54.098553]}}