{"3": {"past": [57.703278000000005, 57.509617000000006, 56.993171999999994, 58.736164], "next": [59.123505, 58.911388, 58.948277000000004, 58.505611], "curr": [59.123505]}, "7": {"past": [57.555725, 57.749390000000005, 58.044498, 57.758617, 57.703278000000005, 57.509617000000006, 56.993171999999994, 58.736164], "next": [59.123505, 58.911388, 58.948277000000004, 58.505611, 58.579384, 58.192055, 57.952278, 57.472729], "curr": [59.123505]}, "15": {"past": [58.192055, 58.247386999999996, 57.94305799999999, 57.49116899999999, 57.896946, 57.998394, 58.15517, 57.740177, 57.555725, 57.749390000000005, 58.044498, 57.758617, 57.703278000000005, 57.509617000000006, 56.993171999999994, 58.736164], "next": [59.123505, 58.911388, 58.948277000000004, 58.505611, 58.579384, 58.192055, 57.952278, 57.472729, 57.629505, 57.343616000000004, 57.528057, 57.795497999999995, 57.638729000000005, 57.823161999999996, 57.03005600000001, 56.707294], "curr": [59.123505]}}