{"3": {"past": [56.126366000000004, 55.835503, 56.344505000000005, 56.444485], "next": [58.33506, 58.43504300000001, 59.025847999999996, 58.353232999999996], "curr": [58.33506]}, "7": {"past": [56.180893000000005, 55.635536, 55.51738, 55.626453000000005, 56.126366000000004, 55.835503, 56.344505000000005, 56.444485], "next": [58.33506, 58.43504300000001, 59.025847999999996, 58.353232999999996, 58.462306999999996, 58.525936, 58.307789, 58.871323], "curr": [58.33506]}, "15": {"past": [54.46301999999999, 56.017292000000005, 56.544464000000005, 56.662636, 55.880951, 55.599185999999996, 54.835685999999995, 56.835327, 56.180893000000005, 55.635536, 55.51738, 55.626453000000005, 56.126366000000004, 55.835503, 56.344505000000005, 56.444485], "next": [58.33506, 58.43504300000001, 59.025847999999996, 58.353232999999996, 58.462306999999996, 58.525936, 58.307789, 58.871323, 59.680282999999996, 59.225806999999996, 59.316708, 59.43486, 59.516674, 59.343970999999996, 59.852973999999996, 60.134739], "curr": [58.33506]}}