{"3": {"past": [32.421065999999996, 32.382961, 32.649719, 32.268627], "next": [31.811327000000002, 31.573145, 31.373081, 30.877661], "curr": [31.811327000000002]}, "7": {"past": [30.344139000000002, 31.011038, 31.239696999999996, 32.13525, 32.421065999999996, 32.382961, 32.649719, 32.268627], "next": [31.811327000000002, 31.573145, 31.373081, 30.877661, 30.467993, 30.067846000000003, 30.286974, 30.353664000000002], "curr": [31.811327000000002]}, "15": {"past": [29.515268, 28.867416, 29.381887, 29.705811999999998, 29.943993, 30.239335999999998, 30.420353000000002, 30.4013, 30.344139000000002, 31.011038, 31.239696999999996, 32.13525, 32.421065999999996, 32.382961, 32.649719, 32.268627], "next": [31.811327000000002, 31.573145, 31.373081, 30.877661, 30.467993, 30.067846000000003, 30.286974, 30.353664000000002, 30.058319, 30.001155999999998, 29.067491999999998, 29.143709, 29.524796000000002, 30.096426, 29.820139, 29.067491999999998], "curr": [31.811327000000002]}}