{"3": {"past": [31.73, 32.5, 31.66, 32.240002000000004], "next": [31.469998999999998, 29.860001, 29.139999, 30.51], "curr": [31.469998999999998]}, "7": {"past": [31.200001, 30.83, 32.009997999999996, 31.889999, 31.73, 32.5, 31.66, 32.240002000000004], "next": [31.469998999999998, 29.860001, 29.139999, 30.51, 30.1, 30.200001, 30.5, 31.370001000000002], "curr": [31.469998999999998]}, "15": {"past": [32.5, 32.450001, 30.6, 31.200001, 31.540001, 31.059998999999998, 30.559998999999998, 29.860001, 31.200001, 30.83, 32.009997999999996, 31.889999, 31.73, 32.5, 31.66, 32.240002000000004], "next": [31.469998999999998, 29.860001, 29.139999, 30.51, 30.1, 30.200001, 30.5, 31.370001000000002, 31.450001, 31.129998999999998, 31.790001, 31.719998999999998, 31.9, 31.82, 32.0, 32.009997999999996], "curr": [31.469998999999998]}}