{"3": {"past": [69.58503, 70.129997, 70.08219100000001, 70.61760699999999], "next": [70.961807, 70.550682, 70.369026, 70.933136], "curr": [70.961807]}, "7": {"past": [66.907944, 66.917488, 68.026588, 68.619354, 69.58503, 70.129997, 70.08219100000001, 70.61760699999999], "next": [70.961807, 70.550682, 70.369026, 70.933136, 70.799263, 69.948341, 69.83359499999999, 69.50853000000001], "curr": [70.961807]}, "15": {"past": [66.171738, 66.73584699999999, 65.48335300000001, 65.90403, 65.177391, 66.04744000000001, 65.559837, 66.410767, 66.907944, 66.917488, 68.026588, 68.619354, 69.58503, 70.129997, 70.08219100000001, 70.61760699999999], "next": [70.961807, 70.550682, 70.369026, 70.933136, 70.799263, 69.948341, 69.83359499999999, 69.50853000000001, 69.393814, 69.087852, 68.982681, 69.489418, 69.22171, 69.59458199999999, 69.288635, 68.275154], "curr": [70.961807]}}