{"3": {"past": [35.970001, 35.91, 36.07, 34.869999], "next": [34.18, 37.09, 37.959998999999996, 39.330002], "curr": [34.18]}, "7": {"past": [34.580002, 34.650002, 35.43, 35.950001, 35.970001, 35.91, 36.07, 34.869999], "next": [34.18, 37.09, 37.959998999999996, 39.330002, 40.009997999999996, 40.369999, 39.560001, 39.369999], "curr": [34.18]}, "15": {"past": [32.599998, 32.07, 32.25, 32.790001000000004, 32.450001, 33.439999, 34.290001000000004, 34.59, 34.580002, 34.650002, 35.43, 35.950001, 35.970001, 35.91, 36.07, 34.869999], "next": [34.18, 37.09, 37.959998999999996, 39.330002, 40.009997999999996, 40.369999, 39.560001, 39.369999, 39.669998, 40.959998999999996, 41.98, 41.610001000000004, 40.580002, 40.400002, 41.490002000000004, 40.389998999999996], "curr": [34.18]}}