{"3": {"past": [63.123282999999994, 64.19751, 64.568283, 64.482712], "next": [64.900993, 65.081627, 65.984741, 65.880165], "curr": [64.900993]}, "7": {"past": [62.248676, 62.163123999999996, 61.830387, 62.267695999999994, 63.123282999999994, 64.19751, 64.568283, 64.482712], "next": [64.900993, 65.081627, 65.984741, 65.880165, 65.671036, 65.414337, 65.594978, 65.537918], "curr": [64.900993]}, "15": {"past": [62.486346999999995, 62.324734, 62.486346999999995, 62.438807999999995, 62.296192000000005, 62.248676, 62.011013, 61.744827, 62.248676, 62.163123999999996, 61.830387, 62.267695999999994, 63.123282999999994, 64.19751, 64.568283, 64.482712], "next": [64.900993, 65.081627, 65.984741, 65.880165, 65.671036, 65.414337, 65.594978, 65.537918, 65.633011, 65.889679, 65.081627, 65.005577, 65.053108, 66.36296800000001, 64.517685, 64.737587], "curr": [64.900993]}}