{"3": {"past": [59.284477, 59.492367, 60.021526, 60.172703000000006], "next": [60.730208999999995, 62.157043, 61.542835, 61.089279000000005], "curr": [60.730208999999995]}, "7": {"past": [59.246685, 59.086043999999994, 59.057697, 58.86871, 59.284477, 59.492367, 60.021526, 60.172703000000006], "next": [60.730208999999995, 62.157043, 61.542835, 61.089279000000005, 60.078219999999995, 59.690788, 60.172703000000006, 60.134907], "curr": [60.730208999999995]}, "15": {"past": [59.133289000000005, 58.86871, 58.86871, 59.37897099999999, 59.189987, 59.171085, 59.709686, 59.161636, 59.246685, 59.086043999999994, 59.057697, 58.86871, 59.284477, 59.492367, 60.021526, 60.172703000000006], "next": [60.730208999999995, 62.157043, 61.542835, 61.089279000000005, 60.078219999999995, 59.690788, 60.172703000000006, 60.134907, 59.936474, 59.851437, 60.531776, 60.475086, 61.155426, 61.38359499999999, 61.345562, 61.336043999999994], "curr": [60.730208999999995]}}