{"3": {"past": [82.492249, 82.068596, 81.948868, 82.14228100000001], "next": [84.573662, 83.68952900000001, 83.35797099999999, 82.75013], "curr": [84.573662]}, "7": {"past": [81.027908, 81.00948299999999, 81.58049, 82.00412, 82.492249, 82.068596, 81.948868, 82.14228100000001], "next": [84.573662, 83.68952900000001, 83.35797099999999, 82.75013, 83.496124, 83.34875500000001, 83.072464, 83.256676], "curr": [84.573662]}, "15": {"past": [79.130661, 79.895088, 80.116112, 80.945, 80.595024, 80.696342, 81.53443100000001, 80.62265, 81.027908, 81.00948299999999, 81.58049, 82.00412, 82.492249, 82.068596, 81.948868, 82.14228100000001], "next": [84.573662, 83.68952900000001, 83.35797099999999, 82.75013, 83.496124, 83.34875500000001, 83.072464, 83.256676, 83.68952900000001, 83.87371800000001, 84.122375, 82.851433, 82.64881899999999, 82.639626, 81.985703, 82.326477], "curr": [84.573662]}}