{"3": {"past": [41.907539, 41.613888, 41.699135, 41.320225], "next": [41.774918, 41.1213, 41.187603, 41.670719], "curr": [41.774918]}, "7": {"past": [41.708611, 41.443375, 41.907539, 41.888596, 41.907539, 41.613888, 41.699135, 41.320225], "next": [41.774918, 41.1213, 41.187603, 41.670719, 41.339172, 41.178139, 40.988678, 41.291809], "curr": [41.774918]}, "15": {"past": [40.723442, 40.960262, 41.007633, 41.320225, 41.386532, 41.490734, 41.812813, 41.500214, 41.708611, 41.443375, 41.907539, 41.888596, 41.907539, 41.613888, 41.699135, 41.320225], "next": [41.774918, 41.1213, 41.187603, 41.670719, 41.339172, 41.178139, 40.988678, 41.291809, 41.396008, 41.547577000000004, 41.860176, 41.1213, 40.676079, 40.837112, 41.149719, 40.827647999999996], "curr": [41.774918]}}