{"3": {"past": [86.75341800000001, 86.438858, 87.64945999999999, 86.200554], "next": [86.171951, 86.14335600000001, 85.02806899999999, 84.437073], "curr": [86.171951]}, "7": {"past": [86.429321, 87.115646, 87.544586, 87.897285, 86.75341800000001, 86.438858, 87.64945999999999, 86.200554], "next": [86.171951, 86.14335600000001, 85.02806899999999, 84.437073, 84.37033100000001, 82.921425, 83.388535, 84.45614599999999], "curr": [86.171951]}, "15": {"past": [84.503799, 84.198753, 84.46566800000001, 84.151093, 84.313148, 85.58094, 85.752525, 86.286324, 86.429321, 87.115646, 87.544586, 87.897285, 86.75341800000001, 86.438858, 87.64945999999999, 86.200554], "next": [86.171951, 86.14335600000001, 85.02806899999999, 84.437073, 84.37033100000001, 82.921425, 83.388535, 84.45614599999999, 83.80794499999999, 84.065308, 83.054886, 83.28366899999999, 83.121613, 82.36856800000001, 82.177902, 82.46389], "curr": [86.171951]}}