{"3": {"past": [87.40283199999999, 86.61689, 86.779831, 86.798988], "next": [86.281425, 90.335747, 88.591339, 88.284615], "curr": [86.281425]}, "7": {"past": [86.20475, 86.482697, 86.310181, 86.530624, 87.40283199999999, 86.61689, 86.779831, 86.798988], "next": [86.281425, 90.335747, 88.591339, 88.284615, 88.81179, 87.805374, 87.287811, 87.575363], "curr": [86.281425]}, "15": {"past": [85.553001, 86.070564, 86.19516800000001, 85.648834, 85.18875899999999, 85.39005300000001, 85.926788, 86.26226, 86.20475, 86.482697, 86.310181, 86.530624, 87.40283199999999, 86.61689, 86.779831, 86.798988], "next": [86.281425, 90.335747, 88.591339, 88.284615, 88.81179, 87.805374, 87.287811, 87.575363, 87.23988299999999, 86.636055, 87.191963, 87.172798, 88.495483, 88.610497, 88.016243, 88.524254], "curr": [86.281425]}}