{"3": {"past": [81.50185400000001, 81.681984, 81.454437, 81.881073], "next": [81.625107, 80.051384, 79.245544, 80.364212], "curr": [81.625107]}, "7": {"past": [80.316811, 80.952003, 80.942513, 81.596649, 81.50185400000001, 81.681984, 81.454437, 81.881073], "next": [81.625107, 80.051384, 79.245544, 80.364212, 81.312248, 80.92356099999999, 79.83332800000001, 80.089302], "curr": [81.625107]}, "15": {"past": [79.11282299999999, 78.534531, 78.060509, 78.762062, 78.344925, 79.03697199999999, 79.729034, 79.368797, 80.316811, 80.952003, 80.942513, 81.596649, 81.50185400000001, 81.681984, 81.454437, 81.881073], "next": [81.625107, 80.051384, 79.245544, 80.364212, 81.312248, 80.92356099999999, 79.83332800000001, 80.089302, 79.349838, 77.59597, 76.62899, 76.62899, 78.619843, 77.842476, 77.94676199999999, 77.994141], "curr": [81.625107]}}