{"3": {"past": [96.820206, 97.119385, 98.383675, 97.872185], "next": [94.18544, 96.067421, 94.783821, 94.243362], "curr": [94.18544]}, "7": {"past": [95.218124, 95.980553, 96.144623, 96.897423, 96.820206, 97.119385, 98.383675, 97.872185], "next": [94.18544, 96.067421, 94.783821, 94.243362, 94.84172099999999, 94.851364, 94.359169, 95.35323299999999], "curr": [94.18544]}, "15": {"past": [94.098587, 93.915222, 92.901855, 94.571495, 94.291595, 94.72590600000001, 95.285675, 94.6101, 95.218124, 95.980553, 96.144623, 96.897423, 96.820206, 97.119385, 98.383675, 97.872185], "next": [94.18544, 96.067421, 94.783821, 94.243362, 94.84172099999999, 94.851364, 94.359169, 95.35323299999999, 94.72590600000001, 93.903221, 94.135506, 95.703461, 96.16804499999999, 95.732513, 96.797165, 97.687607], "curr": [94.18544]}}