{"3": {"past": [38.009997999999996, 37.900002, 37.380001, 38.009997999999996], "next": [38.209998999999996, 39.43, 38.939999, 38.68], "curr": [38.209998999999996]}, "7": {"past": [37.349998, 37.400002, 38.169998, 37.189999, 38.009997999999996, 37.900002, 37.380001, 38.009997999999996], "next": [38.209998999999996, 39.43, 38.939999, 38.68, 39.150002, 38.650002, 38.150002, 37.939999], "curr": [38.209998999999996]}, "15": {"past": [37.029999, 36.959998999999996, 37.080002, 36.830002, 37.470001, 36.849998, 37.439999, 37.720001, 37.349998, 37.400002, 38.169998, 37.189999, 38.009997999999996, 37.900002, 37.380001, 38.009997999999996], "next": [38.209998999999996, 39.43, 38.939999, 38.68, 39.150002, 38.650002, 38.150002, 37.939999, 38.639998999999996, 39.59, 39.18, 39.830002, 39.720001, 39.360001000000004, 38.98, 39.560001], "curr": [38.209998999999996]}}