{"3": {"past": [64.165131, 64.625214, 64.183922, 64.014931], "next": [66.230751, 66.427933, 66.352806, 66.042953], "curr": [66.230751]}, "7": {"past": [62.963333, 63.245014000000005, 63.207455, 63.798973, 64.165131, 64.625214, 64.183922, 64.014931], "next": [66.230751, 66.427933, 66.352806, 66.042953, 65.479607, 65.12281800000001, 64.67215, 64.878723], "curr": [66.230751]}, "15": {"past": [64.277817, 63.629971, 63.09478000000001, 63.58300799999999, 63.282574, 63.57362, 62.89761, 63.14171999999999, 62.963333, 63.245014000000005, 63.207455, 63.798973, 64.165131, 64.625214, 64.183922, 64.014931], "next": [66.230751, 66.427933, 66.352806, 66.042953, 65.479607, 65.12281800000001, 64.67215, 64.878723, 65.50779, 66.380974, 66.456085, 66.897385, 66.981873, 67.14149499999999, 67.01004, 66.88799300000001], "curr": [66.230751]}}