{"3": {"past": [23.370001000000002, 23.530001000000002, 23.75, 24.280001000000002], "next": [26.84, 30.299999, 31.74, 32.5], "curr": [26.84]}, "7": {"past": [23.66, 23.610001, 23.51, 24.09, 23.370001000000002, 23.530001000000002, 23.75, 24.280001000000002], "next": [26.84, 30.299999, 31.74, 32.5, 37.099998, 39.560001, 43.07, 44.93], "curr": [26.84]}, "15": {"past": [23.67, 23.99, 24.309998999999998, 23.67, 24.16, 24.549999, 24.139999, 24.17, 23.66, 23.610001, 23.51, 24.09, 23.370001000000002, 23.530001000000002, 23.75, 24.280001000000002], "next": [26.84, 30.299999, 31.74, 32.5, 37.099998, 39.560001, 43.07, 44.93, 44.990002000000004, 46.400002, 49.98, 49.75, 52.59, 51.970001, 52.119999, 54.139998999999996], "curr": [26.84]}}