{"3": {"past": [13.2, 13.45, 13.7, 13.08], "next": [13.01, 14.79, 14.64, 14.38], "curr": [13.01]}, "7": {"past": [12.98, 13.1, 13.41, 13.21, 13.2, 13.45, 13.7, 13.08], "next": [13.01, 14.79, 14.64, 14.38, 14.26, 15.24, 15.32, 15.34], "curr": [13.01]}, "15": {"past": [13.45, 13.17, 13.14, 13.69, 13.29, 13.25, 13.38, 13.7, 12.98, 13.1, 13.41, 13.21, 13.2, 13.45, 13.7, 13.08], "next": [13.01, 14.79, 14.64, 14.38, 14.26, 15.24, 15.32, 15.34, 15.69, 15.39, 15.68, 15.71, 15.5, 22.110001, 21.83, 22.889999], "curr": [13.01]}}