{"3": {"past": [36.729584, 36.860394, 36.981857, 36.925796999999996], "next": [36.374522999999996, 37.897529999999996, 37.533122999999996, 37.860149], "curr": [36.374522999999996]}, "7": {"past": [35.767185, 35.841941999999996, 36.28109, 36.40255, 36.729584, 36.860394, 36.981857, 36.925796999999996], "next": [36.374522999999996, 37.897529999999996, 37.533122999999996, 37.860149, 38.028335999999996, 38.252579, 38.261928999999995, 38.560921], "curr": [36.374522999999996]}, "15": {"past": [35.057078999999995, 35.458851, 35.131824, 35.281321999999996, 35.570976, 35.804562, 35.552279999999996, 35.729820000000004, 35.767185, 35.841941999999996, 36.28109, 36.40255, 36.729584, 36.860394, 36.981857, 36.925796999999996], "next": [36.374522999999996, 37.897529999999996, 37.533122999999996, 37.860149, 38.028335999999996, 38.252579, 38.261928999999995, 38.560921, 39.084164, 40.186695, 39.485928, 39.990482, 39.775589000000004, 39.859669, 39.383156, 39.224315999999995], "curr": [36.374522999999996]}}