{"3": {"past": [43.879383000000004, 43.917286, 43.595062, 43.234928000000004], "next": [43.424477, 50.333351, 50.181713, 51.868649], "curr": [43.424477]}, "7": {"past": [41.927085999999996, 42.64735, 42.315651, 42.960094, 43.879383000000004, 43.917286, 43.595062, 43.234928000000004], "next": [43.424477, 50.333351, 50.181713, 51.868649, 52.200359000000006, 53.119640000000004, 53.460823, 53.290234], "curr": [43.424477]}, "15": {"past": [42.476757, 41.424789000000004, 42.097668, 41.709106, 41.244724, 42.097668, 42.201916, 41.936554, 41.927085999999996, 42.64735, 42.315651, 42.960094, 43.879383000000004, 43.917286, 43.595062, 43.234928000000004], "next": [43.424477, 50.333351, 50.181713, 51.868649, 52.200359000000006, 53.119640000000004, 53.460823, 53.290234, 53.830436999999996, 53.290234, 53.555592000000004, 53.460823, 53.005917000000004, 53.204937, 54.219002, 54.522266], "curr": [43.424477]}}