{"3": {"past": [41.598713000000004, 41.704178000000006, 42.020592, 41.21199], "next": [38.8741, 40.007893, 40.57917, 40.719807], "curr": [38.8741]}, "7": {"past": [41.238354, 40.737377, 40.544022, 40.675861, 41.598713000000004, 41.704178000000006, 42.020592, 41.21199], "next": [38.8741, 40.007893, 40.57917, 40.719807, 41.299889, 41.361404, 41.774483000000004, 41.545975], "curr": [38.8741]}, "15": {"past": [41.414143, 41.30867, 41.932697, 41.792068, 40.403403999999995, 40.50008, 40.798901, 41.466877000000004, 41.238354, 40.737377, 40.544022, 40.675861, 41.598713000000004, 41.704178000000006, 42.020592, 41.21199], "next": [38.8741, 40.007893, 40.57917, 40.719807, 41.299889, 41.361404, 41.774483000000004, 41.545975, 41.203201, 40.992268, 40.86042, 41.528397, 41.299889, 42.950111, 43.673744, 43.267803], "curr": [38.8741]}}