{"3": {"past": [31.678818, 31.716210999999998, 32.155678, 31.697516999999998], "next": [33.885487, 34.558708, 34.072487, 34.65221], "curr": [33.885487]}, "7": {"past": [30.799889, 31.136501000000003, 31.538559000000003, 31.519855, 31.678818, 31.716210999999998, 32.155678, 31.697516999999998], "next": [33.885487, 34.558708, 34.072487, 34.65221, 34.755058, 34.577408, 34.474548, 34.212746], "curr": [33.885487]}, "15": {"past": [30.28562, 29.818103999999998, 30.55678, 30.182765999999997, 29.949011, 30.416522999999998, 30.809233000000003, 31.014947999999997, 30.799889, 31.136501000000003, 31.538559000000003, 31.519855, 31.678818, 31.716210999999998, 32.155678, 31.697516999999998], "next": [33.885487, 34.558708, 34.072487, 34.65221, 34.755058, 34.577408, 34.474548, 34.212746, 33.801334000000004, 33.820034, 33.417969, 33.754581, 34.072487, 34.156643, 33.679778999999996, 33.446026], "curr": [33.885487]}}