{"3": {"past": [34.618084, 34.978142, 33.915535, 35.030827], "next": [36.190028999999996, 36.70816, 37.770775, 37.726864], "curr": [36.190028999999996]}, "7": {"past": [34.258022, 34.240463, 33.889194, 34.1702, 34.618084, 34.978142, 33.915535, 35.030827], "next": [36.190028999999996, 36.70816, 37.770775, 37.726864, 37.981537, 37.753208, 37.208729, 37.832240999999996], "curr": [36.190028999999996]}, "15": {"past": [33.344711, 32.923190999999996, 32.931969, 32.931969, 32.633377, 33.256889, 33.60817, 33.941879, 34.258022, 34.240463, 33.889194, 34.1702, 34.618084, 34.978142, 33.915535, 35.030827], "next": [36.190028999999996, 36.70816, 37.770775, 37.726864, 37.981537, 37.753208, 37.208729, 37.832240999999996, 36.831103999999996, 37.217506, 36.154903000000004, 35.821197999999995, 35.917797, 35.952923, 35.54018, 35.136210999999996], "curr": [36.190028999999996]}}