{"3": {"past": [36.594048, 36.992668, 36.656052, 36.434589], "next": [34.157978, 34.78693, 34.166843, 33.360725], "curr": [34.157978]}, "7": {"past": [35.167835, 35.096965999999995, 35.43359, 36.930664, 36.594048, 36.992668, 36.656052, 36.434589], "next": [34.157978, 34.78693, 34.166843, 33.360725, 32.838078, 32.031975, 32.607758000000004, 32.634335], "curr": [34.157978]}, "15": {"past": [36.611767, 36.762352, 36.337154, 36.452304999999996, 35.77906, 35.593037, 35.185551000000004, 35.318428000000004, 35.167835, 35.096965999999995, 35.43359, 36.930664, 36.594048, 36.992668, 36.656052, 36.434589], "next": [34.157978, 34.78693, 34.166843, 33.360725, 32.838078, 32.031975, 32.607758000000004, 32.634335, 33.11269, 33.661907, 33.254428999999995, 32.864658, 32.439453, 32.040825, 31.863657, 31.952242], "curr": [34.157978]}}