{"3": {"past": [22.469816, 22.368354999999998, 22.220766, 22.359129], "next": [22.146976000000002, 22.396020999999998, 22.626623000000002, 22.488262], "curr": [22.146976000000002]}, "7": {"past": [22.153173000000002, 22.217276000000002, 22.372963000000002, 22.220766, 22.469816, 22.368354999999998, 22.220766, 22.359129], "next": [22.146976000000002, 22.396020999999998, 22.626623000000002, 22.488262, 22.22999, 22.266886, 22.266886, 22.414471], "curr": [22.146976000000002]}, "15": {"past": [21.741062, 21.841803, 21.924225, 21.777697, 21.997488, 22.171485999999998, 22.189802, 22.089067, 22.153173000000002, 22.217276000000002, 22.372963000000002, 22.220766, 22.469816, 22.368354999999998, 22.220766, 22.359129], "next": [22.146976000000002, 22.396020999999998, 22.626623000000002, 22.488262, 22.22999, 22.266886, 22.266886, 22.414471, 22.617401, 22.331453, 22.368354999999998, 22.598951, 22.783436, 23.06938, 23.189289000000002, 23.263084], "curr": [22.146976000000002]}}