{"3": {"past": [27.595178999999998, 27.509536999999998, 27.043276000000002, 26.776838], "next": [24.723692, 24.752338, 24.38946, 24.246214000000002], "curr": [24.723692]}, "7": {"past": [26.814899, 27.614208, 27.252613, 27.737906, 27.595178999999998, 27.509536999999998, 27.043276000000002, 26.776838], "next": [24.723692, 24.752338, 24.38946, 24.246214000000002, 24.141171, 23.797392000000002, 23.539553, 23.482256], "curr": [24.723692]}, "15": {"past": [26.491369, 26.833933000000002, 26.891023999999998, 27.309706, 26.976665, 28.270781, 27.338257000000002, 27.005211, 26.814899, 27.614208, 27.252613, 27.737906, 27.595178999999998, 27.509536999999998, 27.043276000000002, 26.776838], "next": [24.723692, 24.752338, 24.38946, 24.246214000000002, 24.141171, 23.797392000000002, 23.539553, 23.482256, 23.463158, 22.689646, 21.982982999999997, 22.584602, 22.479557, 22.431810000000002, 22.651447, 22.479557], "curr": [24.723692]}}