{"3": {"past": [39.290516, 40.633396000000005, 40.793476, 40.331028], "next": [39.077071999999994, 41.31818, 42.680809, 41.829166], "curr": [39.077071999999994]}, "7": {"past": [40.01976, 39.450596000000004, 40.411064, 41.015812, 39.290516, 40.633396000000005, 40.793476, 40.331028], "next": [39.077071999999994, 41.31818, 42.680809, 41.829166, 40.87891, 41.820206, 41.551254, 40.789265], "curr": [39.077071999999994]}, "15": {"past": [39.326084, 38.970356, 38.694668, 39.041503999999996, 38.134388, 38.045444, 39.601784, 40.508896, 40.01976, 39.450596000000004, 40.411064, 41.015812, 39.290516, 40.633396000000005, 40.793476, 40.331028], "next": [39.077071999999994, 41.31818, 42.680809, 41.829166, 40.87891, 41.820206, 41.551254, 40.789265, 39.471462, 40.475502, 40.045196999999995, 39.847977, 39.085968, 39.247345, 39.749367, 39.722462], "curr": [39.077071999999994]}}