{"3": {"past": [35.115417, 35.808594, 34.94212, 34.932995], "next": [36.510909999999996, 36.510909999999996, 35.316071, 35.717392], "curr": [36.510909999999996]}, "7": {"past": [36.483551, 36.164318, 36.428822, 35.89069, 35.115417, 35.808594, 34.94212, 34.932995], "next": [36.510909999999996, 36.510909999999996, 35.316071, 35.717392, 35.744751, 36.456184, 37.267944, 37.796959], "curr": [36.510909999999996]}, "15": {"past": [38.316845, 38.061459, 38.444546, 38.097946, 37.952011, 37.86993, 38.499264000000004, 37.368275, 36.483551, 36.164318, 36.428822, 35.89069, 35.115417, 35.808594, 34.94212, 34.932995], "next": [36.510909999999996, 36.510909999999996, 35.316071, 35.717392, 35.744751, 36.456184, 37.267944, 37.796959, 37.669266, 37.541573, 37.698029, 38.047768, 39.271854, 42.115772, 41.830463, 41.876476000000004], "curr": [36.510909999999996]}}