{"3": {"past": [124.134018, 126.526344, 125.687599, 126.106972], "next": [122.65668500000001, 127.00288400000001, 127.38413999999999, 126.574013], "curr": [122.65668500000001]}, "7": {"past": [125.47788999999999, 123.714638, 123.40963700000002, 124.400871, 124.134018, 126.526344, 125.687599, 126.106972], "next": [122.65668500000001, 127.00288400000001, 127.38413999999999, 126.574013, 125.258675, 125.659019, 126.53993999999999, 124.825943], "curr": [122.65668500000001]}, "15": {"past": [125.40168, 124.381836, 124.972755, 124.343704, 124.658203, 123.905266, 125.32541699999999, 127.42229499999999, 125.47788999999999, 123.714638, 123.40963700000002, 124.400871, 124.134018, 126.526344, 125.687599, 126.106972], "next": [122.65668500000001, 127.00288400000001, 127.38413999999999, 126.574013, 125.258675, 125.659019, 126.53993999999999, 124.825943, 124.596107, 123.954559, 123.83966799999999, 122.556541, 121.75221299999998, 122.202248, 121.589432, 121.053192], "curr": [122.65668500000001]}}