{"3": {"past": [109.215546, 109.74366, 110.384933, 110.13031000000001], "next": [111.111084, 112.035294, 110.799881, 111.00736200000001], "curr": [111.111084]}, "7": {"past": [105.226418, 106.74472, 106.424095, 106.131752, 109.215546, 109.74366, 110.384933, 110.13031000000001], "next": [111.111084, 112.035294, 110.799881, 111.00736200000001, 111.50717900000001, 111.109047, 110.758301, 110.919449], "curr": [111.111084]}, "15": {"past": [107.037079, 108.630852, 108.19706000000001, 109.28156299999999, 109.30043, 108.913757, 108.659149, 105.42446100000001, 105.226418, 106.74472, 106.424095, 106.131752, 109.215546, 109.74366, 110.384933, 110.13031000000001], "next": [111.111084, 112.035294, 110.799881, 111.00736200000001, 111.50717900000001, 111.109047, 110.758301, 110.919449, 109.725029, 110.597145, 110.824661, 110.65403, 110.872055, 111.03321100000001, 110.777267, 106.283997], "curr": [111.111084]}}