{"3": {"past": [47.919998, 47.630001, 47.689999, 48.200001], "next": [51.639998999999996, 50.68, 50.02, 50.77], "curr": [51.639998999999996]}, "7": {"past": [48.060001, 47.799999, 47.869999, 47.77, 47.919998, 47.630001, 47.689999, 48.200001], "next": [51.639998999999996, 50.68, 50.02, 50.77, 50.700001, 51.049999, 50.98, 50.110001000000004], "curr": [51.639998999999996]}, "15": {"past": [48.029999, 47.0, 48.080002, 47.66, 47.740002000000004, 47.52, 47.700001, 47.860001000000004, 48.060001, 47.799999, 47.869999, 47.77, 47.919998, 47.630001, 47.689999, 48.200001], "next": [51.639998999999996, 50.68, 50.02, 50.77, 50.700001, 51.049999, 50.98, 50.110001000000004, 49.759997999999996, 49.419998, 49.52, 49.919998, 51.099998, 51.32, 50.959998999999996, 51.41], "curr": [51.639998999999996]}}