{"3": {"past": [16.509073, 16.715069, 17.12706, 16.450216], "next": [16.244221, 16.52869, 16.705261, 16.970110000000002], "curr": [16.244221]}, "7": {"past": [17.156488, 16.783732999999998, 16.773923999999997, 16.793545, 16.509073, 16.715069, 17.12706, 16.450216], "next": [16.244221, 16.52869, 16.705261, 16.970110000000002, 17.028965, 16.773923999999997, 16.842589999999998, 17.519434], "curr": [16.244221]}, "15": {"past": [16.754309, 16.381548000000002, 15.959751, 16.048033, 16.106892000000002, 16.342316, 16.430597, 16.469837, 17.156488, 16.783732999999998, 16.773923999999997, 16.793545, 16.509073, 16.715069, 17.12706, 16.450216], "next": [16.244221, 16.52869, 16.705261, 16.970110000000002, 17.028965, 16.773923999999997, 16.842589999999998, 17.519434, 17.519434, 16.999535, 16.68564, 17.12706, 17.548859, 17.715616, 17.980470999999998, 17.892183], "curr": [16.244221]}}