{"3": {"past": [54.85356899999999, 53.818771, 53.724701, 53.884628], "next": [55.145191000000004, 56.443394, 55.925991, 56.236431], "curr": [55.145191000000004]}, "7": {"past": [52.11607, 52.087845, 53.941070999999994, 54.016327000000004, 54.85356899999999, 53.818771, 53.724701, 53.884628], "next": [55.145191000000004, 56.443394, 55.925991, 56.236431, 55.493258999999995, 56.1894, 55.963627, 55.004086], "curr": [55.145191000000004]}, "15": {"past": [51.958496000000004, 52.200737, 52.718128, 52.727534999999996, 52.64286800000001, 52.783978000000005, 53.31078, 52.821613, 52.11607, 52.087845, 53.941070999999994, 54.016327000000004, 54.85356899999999, 53.818771, 53.724701, 53.884628], "next": [55.145191000000004, 56.443394, 55.925991, 56.236431, 55.493258999999995, 56.1894, 55.963627, 55.004086, 54.402027000000004, 55.314529, 54.985271, 54.561951, 54.543133, 54.270325, 54.279731999999996, 53.169678000000005], "curr": [55.145191000000004]}}