{"3": {"past": [52.866516000000004, 53.098549, 53.209934, 53.479084], "next": [56.012890000000006, 55.688042, 56.783244999999994, 56.56049300000001], "curr": [56.012890000000006]}, "7": {"past": [56.402714, 55.762299, 56.152111, 53.720397999999996, 52.866516000000004, 53.098549, 53.209934, 53.479084], "next": [56.012890000000006, 55.688042, 56.783244999999994, 56.56049300000001, 57.544307999999994, 57.182343, 56.922458999999996, 57.275154], "curr": [56.012890000000006]}, "15": {"past": [55.53258100000001, 55.474571, 55.780861, 55.428162, 55.882957, 56.142838, 55.428162, 55.790138, 56.402714, 55.762299, 56.152111, 53.720397999999996, 52.866516000000004, 53.098549, 53.209934, 53.479084], "next": [56.012890000000006, 55.688042, 56.783244999999994, 56.56049300000001, 57.544307999999994, 57.182343, 56.922458999999996, 57.275154, 57.265865000000005, 55.94791800000001, 56.699711, 56.12426800000001, 55.567387, 54.574284, 54.026683999999996, 53.39555], "curr": [56.012890000000006]}}