{"3": {"past": [103.222031, 102.825989, 102.835899, 101.75663], "next": [101.924973, 120.094025, 125.252655, 126.62894399999999], "curr": [101.924973]}, "7": {"past": [104.59833499999999, 103.271561, 105.58847, 102.459641, 103.222031, 102.825989, 102.835899, 101.75663], "next": [101.924973, 120.094025, 125.252655, 126.62894399999999, 132.985672, 135.460983, 126.46064799999999, 131.75788899999998], "curr": [101.924973]}, "15": {"past": [98.25155600000001, 98.310959, 98.697113, 100.261528, 100.67738299999999, 101.934853, 103.707207, 102.994324, 104.59833499999999, 103.271561, 105.58847, 102.459641, 103.222031, 102.825989, 102.835899, 101.75663], "next": [101.924973, 120.094025, 125.252655, 126.62894399999999, 132.985672, 135.460983, 126.46064799999999, 131.75788899999998, 134.800781, 137.675232, 135.821701, 137.348129, 137.040878, 140.58931, 143.59259, 143.077179], "curr": [101.924973]}}