{"3": {"past": [47.783882, 48.622040000000005, 48.544964, 48.217411], "next": [48.352287, 46.531494, 45.963093, 46.069069], "curr": [48.352287]}, "7": {"past": [46.627831, 46.232845000000005, 46.647099, 46.743439, 47.783882, 48.622040000000005, 48.544964, 48.217411], "next": [48.352287, 46.531494, 45.963093, 46.069069, 46.146137, 45.548836, 45.625904, 45.693344], "curr": [48.352287]}, "15": {"past": [46.849407, 46.801247, 47.215492, 47.090256, 47.215492, 46.743439, 47.263672, 47.793533000000004, 46.627831, 46.232845000000005, 46.647099, 46.743439, 47.783882, 48.622040000000005, 48.544964, 48.217411], "next": [48.352287, 46.531494, 45.963093, 46.069069, 46.146137, 45.548836, 45.625904, 45.693344, 45.645171999999995, 45.780052000000005, 45.548836, 44.922641999999996, 45.963093, 46.415886, 46.695274, 47.186596], "curr": [48.352287]}}