{"3": {"past": [42.713802, 43.105759, 43.717594, 43.822758], "next": [44.291191, 48.086487, 48.707882, 48.621845], "curr": [44.291191]}, "7": {"past": [43.048401, 42.87632, 43.000599, 42.838085, 42.713802, 43.105759, 43.717594, 43.822758], "next": [44.291191, 48.086487, 48.707882, 48.621845, 48.516684999999995, 48.631397, 47.990887, 47.933537], "curr": [44.291191]}, "15": {"past": [43.421238, 43.392559000000006, 43.774956, 43.650673, 43.899235, 43.602878999999994, 43.402122, 43.421238, 43.048401, 42.87632, 43.000599, 42.838085, 42.713802, 43.105759, 43.717594, 43.822758], "next": [44.291191, 48.086487, 48.707882, 48.621845, 48.516684999999995, 48.631397, 47.990887, 47.933537, 47.187855, 47.283446999999995, 46.700298, 47.178295, 47.436417, 47.684975, 48.229889, 48.134296], "curr": [44.291191]}}