{"3": {"past": [49.496165999999995, 50.369408, 50.638088, 50.66687], "next": [50.65728, 46.770905, 46.37746, 46.099178], "curr": [50.65728]}, "7": {"past": [48.574951, 48.872425, 48.949192, 49.640102, 49.496165999999995, 50.369408, 50.638088, 50.66687], "next": [50.65728, 46.770905, 46.37746, 46.099178, 46.032009, 46.032009, 46.214329, 46.032009], "curr": [50.65728]}, "15": {"past": [47.269886, 47.087565999999995, 47.202717, 47.250706, 47.250706, 47.452213, 47.788071, 48.296665000000004, 48.574951, 48.872425, 48.949192, 49.640102, 49.496165999999995, 50.369408, 50.638088, 50.66687], "next": [50.65728, 46.770905, 46.37746, 46.099178, 46.032009, 46.032009, 46.214329, 46.032009, 45.984024, 46.214329, 46.137569, 46.396656, 46.828472, 46.722919, 46.924434999999995, 46.934028999999995], "curr": [50.65728]}}