{"3": {"past": [64.172585, 65.206764, 66.223267, 65.984619], "next": [62.210285, 62.077702, 63.71294399999999, 63.527328000000004], "curr": [62.210285]}, "7": {"past": [64.464279, 64.25212900000001, 64.269814, 64.260963, 64.172585, 65.206764, 66.223267, 65.984619], "next": [62.210285, 62.077702, 63.71294399999999, 63.527328000000004, 62.272148, 63.403580000000005, 62.740627, 63.606880000000004], "curr": [62.210285]}, "15": {"past": [64.455437, 65.197929, 65.728279, 66.055328, 64.773651, 64.79132800000001, 64.89739200000001, 64.402397, 64.464279, 64.25212900000001, 64.269814, 64.260963, 64.172585, 65.206764, 66.223267, 65.984619], "next": [62.210285, 62.077702, 63.71294399999999, 63.527328000000004, 62.272148, 63.403580000000005, 62.740627, 63.606880000000004, 63.041160999999995, 62.413585999999995, 62.298664, 62.334019, 61.361706000000005, 61.51195500000001, 61.494236, 60.917614], "curr": [62.210285]}}