{"3": {"past": [60.341354, 60.358973999999996, 60.64073199999999, 60.878475], "next": [60.438213, 60.367771, 60.015568, 60.033184], "curr": [60.438213]}, "7": {"past": [60.103615000000005, 60.447021, 60.077202, 60.27092, 60.341354, 60.358973999999996, 60.64073199999999, 60.878475], "next": [60.438213, 60.367771, 60.015568, 60.033184, 60.27092, 59.0294, 59.381611, 59.5313], "curr": [60.438213]}, "15": {"past": [58.148888, 58.99418299999999, 58.457066000000005, 59.170280000000005, 59.5401, 60.297337, 60.332558, 60.332558, 60.103615000000005, 60.447021, 60.077202, 60.27092, 60.341354, 60.358973999999996, 60.64073199999999, 60.878475], "next": [60.438213, 60.367771, 60.015568, 60.033184, 60.27092, 59.0294, 59.381611, 59.5313, 60.385394999999995, 60.358973999999996, 59.786636, 59.179081000000004, 57.418068000000005, 57.065856999999994, 57.640407999999994, 57.339881999999996], "curr": [60.438213]}}