{"3": {"past": [148.273178, 152.352127, 156.72508200000001, 156.08003200000002], "next": [153.651672, 152.532318, 150.758469, 151.194824], "curr": [153.651672]}, "7": {"past": [147.71353100000002, 147.751465, 146.859787, 148.99411, 148.273178, 152.352127, 156.72508200000001, 156.08003200000002], "next": [153.651672, 152.532318, 150.758469, 151.194824, 151.441483, 151.574249, 151.014587, 151.72898899999998], "curr": [153.651672]}, "15": {"past": [152.010605, 151.59321599999998, 151.991638, 152.740997, 152.105453, 152.54179399999998, 147.428925, 145.693024, 147.71353100000002, 147.751465, 146.859787, 148.99411, 148.273178, 152.352127, 156.72508200000001, 156.08003200000002], "next": [153.651672, 152.532318, 150.758469, 151.194824, 151.441483, 151.574249, 151.014587, 151.72898899999998, 151.690887, 151.61467, 151.481308, 149.242859, 149.099976, 149.042862, 145.651855, 145.061279], "curr": [153.651672]}}