{"3": {"past": [175.888565, 174.03286699999998, 174.673752, 174.080719], "next": [178.98774699999998, 177.323364, 176.596405, 177.409454], "curr": [178.98774699999998]}, "7": {"past": [174.92244, 176.44335900000002, 175.697205, 176.797272, 175.888565, 174.03286699999998, 174.673752, 174.080719], "next": [178.98774699999998, 177.323364, 176.596405, 177.409454, 176.835526, 175.040405, 174.934799, 174.042038], "curr": [178.98774699999998]}, "15": {"past": [169.843201, 172.253723, 172.559799, 173.525909, 173.57376100000002, 173.76503, 174.099808, 176.481628, 174.92244, 176.44335900000002, 175.697205, 176.797272, 175.888565, 174.03286699999998, 174.673752, 174.080719], "next": [178.98774699999998, 177.323364, 176.596405, 177.409454, 176.835526, 175.040405, 174.934799, 174.042038, 172.477295, 172.534897, 175.001999, 175.040405, 175.577972, 176.91233799999998, 177.21951299999998, 175.94278], "curr": [178.98774699999998]}}