{"3": {"past": [140.963593, 139.131561, 138.94267299999998, 137.356155], "next": [141.416885, 141.85128799999998, 140.378082, 139.735947], "curr": [141.416885]}, "7": {"past": [134.570313, 137.384491, 141.199692, 140.803055, 140.963593, 139.131561, 138.94267299999998, 137.356155], "next": [141.416885, 141.85128799999998, 140.378082, 139.735947, 139.86871299999999, 141.690002, 142.52475, 144.621124], "curr": [141.416885]}, "15": {"past": [133.93763700000002, 137.129547, 135.750778, 138.111633, 135.62799099999998, 136.36459399999998, 135.750778, 134.589203, 134.570313, 137.384491, 141.199692, 140.803055, 140.963593, 139.131561, 138.94267299999998, 137.356155], "next": [141.416885, 141.85128799999998, 140.378082, 139.735947, 139.86871299999999, 141.690002, 142.52475, 144.621124, 144.78239399999998, 147.495331, 146.470871, 145.977631, 147.618637, 147.846344, 145.797379, 147.06848100000002], "curr": [141.416885]}}