{"3": {"past": [41.689999, 41.619999, 41.959998999999996, 41.709998999999996], "next": [41.5, 40.27, 39.860001000000004, 39.779999], "curr": [41.5]}, "7": {"past": [41.599998, 41.27, 41.349998, 41.27, 41.689999, 41.619999, 41.959998999999996, 41.709998999999996], "next": [41.5, 40.27, 39.860001000000004, 39.779999, 39.310001, 39.580002, 39.59, 39.740002000000004], "curr": [41.5]}, "15": {"past": [40.25, 41.0, 41.060001, 41.450001, 41.400002, 41.080002, 41.279999, 41.560001, 41.599998, 41.27, 41.349998, 41.27, 41.689999, 41.619999, 41.959998999999996, 41.709998999999996], "next": [41.5, 40.27, 39.860001000000004, 39.779999, 39.310001, 39.580002, 39.59, 39.740002000000004, 40.02, 40.880001, 40.830002, 40.580002, 41.169998, 41.619999, 41.869999, 42.150002], "curr": [41.5]}}