{"3": {"past": [59.09, 58.669998, 58.580002, 58.259997999999996], "next": [58.790001000000004, 60.150002, 59.200001, 58.549999], "curr": [58.790001000000004]}, "7": {"past": [57.16, 57.580002, 58.959998999999996, 58.349998, 59.09, 58.669998, 58.580002, 58.259997999999996], "next": [58.790001000000004, 60.150002, 59.200001, 58.549999, 59.34, 59.119999, 58.419998, 58.860001000000004], "curr": [58.790001000000004]}, "15": {"past": [52.869999, 54.610001000000004, 53.470001, 53.970001, 54.939999, 54.759997999999996, 56.549999, 57.900002, 57.16, 57.580002, 58.959998999999996, 58.349998, 59.09, 58.669998, 58.580002, 58.259997999999996], "next": [58.790001000000004, 60.150002, 59.200001, 58.549999, 59.34, 59.119999, 58.419998, 58.860001000000004, 59.619999, 59.48, 59.669998, 58.02, 58.040001000000004, 59.060001, 59.689999, 60.290001000000004], "curr": [58.790001000000004]}}