{"3": {"past": [42.086224, 41.481178, 41.251892, 41.130886], "next": [40.296543, 39.723335, 39.806129, 40.296543], "curr": [40.296543]}, "7": {"past": [42.208729, 42.05706, 42.050734999999996, 41.886429, 42.086224, 41.481178, 41.251892, 41.130886], "next": [40.296543, 39.723335, 39.806129, 40.296543, 40.169167, 39.780659, 39.908039, 40.029049], "curr": [40.296543]}, "15": {"past": [42.050734999999996, 42.360394, 42.145538, 41.463013000000004, 42.107620000000004, 42.252972, 42.094975, 42.537346, 42.208729, 42.05706, 42.050734999999996, 41.886429, 42.086224, 41.481178, 41.251892, 41.130886], "next": [40.296543, 39.723335, 39.806129, 40.296543, 40.169167, 39.780659, 39.908039, 40.029049, 40.226482, 40.016312, 39.678753, 39.723335, 39.181973, 39.213817999999996, 39.812504, 39.50679], "curr": [40.296543]}}