{"3": {"past": [106.167519, 106.010979, 106.36089299999999, 105.219101], "next": [104.731071, 105.67948200000001, 104.988899, 105.826828], "curr": [104.731071]}, "7": {"past": [107.16196399999998, 106.057022, 106.342453, 106.29641699999999, 106.167519, 106.010979, 106.36089299999999, 105.219101], "next": [104.731071, 105.67948200000001, 104.988899, 105.826828, 105.826828, 105.900497, 106.20433, 106.36089299999999], "curr": [104.731071]}, "15": {"past": [107.603958, 107.999886, 108.60761299999999, 108.11959099999999, 106.950195, 107.69603700000002, 107.84335300000001, 106.756828, 107.16196399999998, 106.057022, 106.342453, 106.29641699999999, 106.167519, 106.010979, 106.36089299999999, 105.219101], "next": [104.731071, 105.67948200000001, 104.988899, 105.826828, 105.826828, 105.900497, 106.20433, 106.36089299999999, 107.39216599999999, 106.93176299999999, 107.22643300000001, 107.90780600000001, 108.04592099999999, 107.373756, 107.373756, 106.73841100000001], "curr": [104.731071]}}