{"3": {"past": [103.879478, 103.73317, 104.547066, 104.400764], "next": [103.641708, 103.010704, 103.59597, 102.68145799999999], "curr": [103.641708]}, "7": {"past": [103.04727199999999, 103.632568, 104.51049, 103.906921, 103.879478, 103.73317, 104.547066, 104.400764], "next": [103.641708, 103.010704, 103.59597, 102.68145799999999, 102.69062, 102.23336, 103.303329, 103.541107], "curr": [103.641708]}, "15": {"past": [102.297386, 102.49855, 102.370529, 102.041321, 102.068748, 102.443703, 102.178497, 103.897766, 103.04727199999999, 103.632568, 104.51049, 103.906921, 103.879478, 103.73317, 104.547066, 104.400764], "next": [103.641708, 103.010704, 103.59597, 102.68145799999999, 102.69062, 102.23336, 103.303329, 103.541107, 103.541107, 103.083862, 103.19358100000001, 103.376503, 103.257607, 104.199562, 104.062386, 104.016655], "curr": [103.641708]}}