{"3": {"past": [96.249786, 96.367859, 96.749329, 97.112633], "next": [96.940079, 98.20258299999999, 98.22981300000001, 99.328827], "curr": [96.940079]}, "7": {"past": [95.468666, 94.97820300000001, 95.92280600000001, 95.995468, 96.249786, 96.367859, 96.749329, 97.112633], "next": [96.940079, 98.20258299999999, 98.22981300000001, 99.328827, 99.374252, 99.49233199999999, 99.75572199999999, 99.247093], "curr": [96.940079]}, "15": {"past": [95.105362, 95.014534, 94.58764599999999, 93.988197, 94.178917, 94.26065799999999, 93.561295, 94.487724, 95.468666, 94.97820300000001, 95.92280600000001, 95.995468, 96.249786, 96.367859, 96.749329, 97.112633], "next": [96.940079, 98.20258299999999, 98.22981300000001, 99.328827, 99.374252, 99.49233199999999, 99.75572199999999, 99.247093, 100.255264, 100.349464, 100.696968, 101.108498, 100.258003, 99.974503, 99.95623, 99.70015699999999], "curr": [96.940079]}}