{"3": {"past": [103.516777, 103.322052, 101.18013, 101.18940699999999], "next": [101.384132, 102.41334499999999, 102.366997, 102.005379], "curr": [101.384132]}, "7": {"past": [103.711487, 103.794945, 103.67439300000001, 103.016068, 103.516777, 103.322052, 101.18013, 101.18940699999999], "next": [101.384132, 102.41334499999999, 102.366997, 102.005379, 102.71934499999999, 103.39624, 104.26783, 104.42546800000001], "curr": [101.384132]}, "15": {"past": [106.63229399999999, 106.122307, 105.88124099999999, 106.493202, 106.62300900000001, 106.159401, 105.31562, 104.59236899999999, 103.711487, 103.794945, 103.67439300000001, 103.016068, 103.516777, 103.322052, 101.18013, 101.18940699999999], "next": [101.384132, 102.41334499999999, 102.366997, 102.005379, 102.71934499999999, 103.39624, 104.26783, 104.42546800000001, 105.306335, 104.026756, 103.80420699999999, 104.47183199999999, 103.48895999999999, 103.563141, 102.691536, 102.061012], "curr": [101.384132]}}