{"3": {"past": [72.187088, 71.303604, 71.79001600000001, 71.740372], "next": [71.541832, 70.10247, 70.03298199999999, 70.608734], "curr": [71.541832]}, "7": {"past": [71.11499, 71.085213, 70.896614, 71.571617, 72.187088, 71.303604, 71.79001600000001, 71.740372], "next": [71.541832, 70.10247, 70.03298199999999, 70.608734, 70.956154, 70.936317, 70.807266, 70.747704], "curr": [71.541832]}, "15": {"past": [70.905243, 71.212654, 70.796143, 70.657318, 69.82431, 69.606133, 70.79734, 71.20433, 71.11499, 71.085213, 70.896614, 71.571617, 72.187088, 71.303604, 71.79001600000001, 71.740372], "next": [71.541832, 70.10247, 70.03298199999999, 70.608734, 70.956154, 70.936317, 70.807266, 70.747704, 71.085213, 70.608734, 71.770157, 71.780098, 72.21686600000001, 72.723129, 72.504738, 72.82238000000001], "curr": [71.541832]}}