{"3": {"past": [79.663933, 80.698898, 78.058273, 78.54190799999999], "next": [85.109627, 84.829124, 83.958588, 83.18476899999999], "curr": [85.109627]}, "7": {"past": [80.960068, 78.33878299999999, 79.84770999999999, 78.609604, 79.663933, 80.698898, 78.058273, 78.54190799999999], "next": [85.109627, 84.829124, 83.958588, 83.18476899999999, 82.991318, 84.152046, 83.078384, 82.410957], "curr": [85.109627]}, "15": {"past": [85.651299, 84.664688, 84.57764399999999, 83.49430100000001, 83.242813, 82.217506, 80.805305, 80.42806999999999, 80.960068, 78.33878299999999, 79.84770999999999, 78.609604, 79.663933, 80.698898, 78.058273, 78.54190799999999], "next": [85.109627, 84.829124, 83.958588, 83.18476899999999, 82.991318, 84.152046, 83.078384, 82.410957, 83.91023299999999, 83.861855, 83.736122, 83.242813, 84.181053, 84.848473, 84.50930799999999, 84.305817], "curr": [85.109627]}}