{"3": {"past": [67.727745, 67.370552, 66.983589, 67.370552], "next": [67.02327700000001, 66.924049, 67.162186, 67.68804899999999], "curr": [67.02327700000001]}, "7": {"past": [65.961624, 66.110451, 66.576782, 67.112572, 67.727745, 67.370552, 66.983589, 67.370552], "next": [67.02327700000001, 66.924049, 67.162186, 67.68804899999999, 67.856728, 68.37267299999999, 68.01548000000001, 68.402443], "curr": [67.02327700000001]}, "15": {"past": [64.929733, 64.701523, 64.810661, 64.552689, 64.54276999999999, 64.532852, 65.6838, 65.832634, 65.961624, 66.110451, 66.576782, 67.112572, 67.727745, 67.370552, 66.983589, 67.370552], "next": [67.02327700000001, 66.924049, 67.162186, 67.68804899999999, 67.856728, 68.37267299999999, 68.01548000000001, 68.402443, 68.710022, 68.481812, 68.59095, 68.481812, 68.630646, 68.809242, 69.017601, 68.442131], "curr": [67.02327700000001]}}