{"3": {"past": [79.242058, 79.784813, 80.15276300000001, 80.25395999999999], "next": [81.615463, 81.008308, 81.495857, 81.624657], "curr": [81.615463]}, "7": {"past": [78.955612, 78.60865799999999, 79.329941, 79.393845, 79.242058, 79.784813, 80.15276300000001, 80.25395999999999], "next": [81.615463, 81.008308, 81.495857, 81.624657, 81.24749, 81.84543599999999, 81.44068100000001, 81.725853], "curr": [81.615463]}, "15": {"past": [77.68654599999999, 77.34875500000001, 77.723061, 78.115654, 78.29825600000001, 78.526505, 79.028648, 79.640366, 78.955612, 78.60865799999999, 79.329941, 79.393845, 79.242058, 79.784813, 80.15276300000001, 80.25395999999999], "next": [81.615463, 81.008308, 81.495857, 81.624657, 81.24749, 81.84543599999999, 81.44068100000001, 81.725853, 82.084633, 82.44339000000001, 81.76265, 82.139816, 82.057007, 82.31460600000001, 82.71936, 82.700958], "curr": [81.615463]}}