{"3": {"past": [71.306854, 72.276337, 72.231041, 72.937752], "next": [73.789452, 73.55387900000001, 74.469009, 74.65929399999999], "curr": [73.789452]}, "7": {"past": [71.32498199999999, 70.75415, 70.67263, 71.170959, 71.306854, 72.276337, 72.231041, 72.937752], "next": [73.789452, 73.55387900000001, 74.469009, 74.65929399999999, 75.492851, 75.23009499999999, 75.166687, 74.78613299999999], "curr": [73.789452]}, "15": {"past": [69.48568, 70.482353, 70.699814, 70.536705, 70.60013599999999, 71.189064, 70.790398, 71.279678, 71.32498199999999, 70.75415, 70.67263, 71.170959, 71.306854, 72.276337, 72.231041, 72.937752], "next": [73.789452, 73.55387900000001, 74.469009, 74.65929399999999, 75.492851, 75.23009499999999, 75.166687, 74.78613299999999, 73.336433, 73.273026, 73.943497, 74.006905, 74.188126, 75.746544, 74.79518900000001, 75.411316], "curr": [73.789452]}}