{"3": {"past": [81.155495, 81.327034, 81.095215, 81.521736], "next": [82.634415, 82.439705, 83.19075, 83.255669], "curr": [82.634415]}, "7": {"past": [81.348671, 81.18309, 81.081902, 81.790245, 81.155495, 81.327034, 81.095215, 81.521736], "next": [82.634415, 82.439705, 83.19075, 83.255669, 82.884766, 81.911171, 83.255669, 85.035927], "curr": [82.634415]}, "15": {"past": [80.318359, 80.382767, 80.28157, 80.732323, 80.345963, 81.477463, 81.670647, 81.69825, 81.348671, 81.18309, 81.081902, 81.790245, 81.155495, 81.327034, 81.095215, 81.521736], "next": [82.634415, 82.439705, 83.19075, 83.255669, 82.884766, 81.911171, 83.255669, 85.035927, 84.173615, 84.173615, 83.496742, 82.847679, 82.875504, 82.782776, 83.005302, 83.45965600000001], "curr": [82.634415]}}