{"3": {"past": [78.147614, 78.60865799999999, 77.68654599999999, 76.746162], "next": [77.33048199999999, 77.020073, 77.10221899999999, 77.48569499999999], "curr": [77.33048199999999]}, "7": {"past": [77.30497, 77.767059, 78.08416700000001, 78.247284, 78.147614, 78.60865799999999, 77.68654599999999, 76.746162], "next": [77.33048199999999, 77.020073, 77.10221899999999, 77.48569499999999, 77.522217, 76.819199, 76.864861, 76.956154], "curr": [77.33048199999999]}, "15": {"past": [76.344551, 76.815697, 76.824753, 77.350288, 77.223434, 77.685509, 78.08416700000001, 77.56774899999999, 77.30497, 77.767059, 78.08416700000001, 78.247284, 78.147614, 78.60865799999999, 77.68654599999999, 76.746162], "next": [77.33048199999999, 77.020073, 77.10221899999999, 77.48569499999999, 77.522217, 76.819199, 76.864861, 76.956154, 77.385269, 77.166145, 76.590958, 76.782692, 77.24831400000001, 77.211792, 77.741333, 78.316513], "curr": [77.33048199999999]}}