{"3": {"past": [91.792702, 91.27153, 90.939865, 91.62213100000001], "next": [92.38967099999999, 93.81105, 94.986046, 96.464302], "curr": [92.38967099999999]}, "7": {"past": [90.57978100000001, 91.29995699999999, 91.337845, 91.565269, 91.792702, 91.27153, 90.939865, 91.62213100000001], "next": [92.38967099999999, 93.81105, 94.986046, 96.464302, 95.782043, 96.511673, 96.67276, 96.682243], "curr": [92.38967099999999]}, "15": {"past": [89.726952, 90.826149, 89.70800799999999, 90.314453, 89.79328199999999, 90.257607, 92.171738, 90.60820799999999, 90.57978100000001, 91.29995699999999, 91.337845, 91.565269, 91.792702, 91.27153, 90.939865, 91.62213100000001], "next": [92.38967099999999, 93.81105, 94.986046, 96.464302, 95.782043, 96.511673, 96.67276, 96.682243, 94.76812, 95.289284, 95.308243, 95.649376, 94.682823, 94.76812, 94.853401, 94.881828], "curr": [92.38967099999999]}}