{"3": {"past": [33.041946, 33.171761, 33.414074, 33.716976], "next": [33.846794, 33.569855, 33.604473, 33.604473], "curr": [33.846794]}, "7": {"past": [33.232341999999996, 32.860207, 32.964062, 32.990025, 33.041946, 33.171761, 33.414074, 33.716976], "next": [33.846794, 33.569855, 33.604473, 33.604473, 33.405421999999994, 33.535244, 33.31023, 33.466003], "curr": [33.846794]}, "15": {"past": [32.713085, 32.401531, 32.332298, 32.600586, 32.617893, 32.990025, 33.093872, 33.362148, 33.232341999999996, 32.860207, 32.964062, 32.990025, 33.041946, 33.171761, 33.414074, 33.716976], "next": [33.846794, 33.569855, 33.604473, 33.604473, 33.405421999999994, 33.535244, 33.31023, 33.466003, 33.682362, 33.794865, 33.595825, 33.682362, 33.69968, 33.786217, 34.201617999999996, 34.184303], "curr": [33.846794]}}