{"3": {"past": [32.654861, 32.543471999999994, 32.594887, 32.543471999999994], "next": [32.937626, 33.01474, 33.151835999999996, 32.87764], "curr": [32.937626]}, "7": {"past": [32.560604, 32.697703999999995, 32.509192999999996, 32.629158000000004, 32.654861, 32.543471999999994, 32.594887, 32.543471999999994], "next": [32.937626, 33.01474, 33.151835999999996, 32.87764, 33.01474, 33.023308, 33.211811, 33.271797], "curr": [32.937626]}, "15": {"past": [32.003646999999994, 32.372097, 32.200728999999995, 32.500633, 32.64629, 32.363525, 32.389236, 32.500633, 32.560604, 32.697703999999995, 32.509192999999996, 32.629158000000004, 32.654861, 32.543471999999994, 32.594887, 32.543471999999994], "next": [32.937626, 33.01474, 33.151835999999996, 32.87764, 33.01474, 33.023308, 33.211811, 33.271797, 32.971897, 33.151835999999996, 33.246094, 33.263233, 33.545998, 33.665955, 33.905871999999995, 34.188641], "curr": [32.937626]}}