{"3": {"past": [29.167921000000003, 29.049255, 29.142490000000002, 29.532412], "next": [29.625659999999996, 29.905382, 30.057965999999997, 29.871484999999996], "curr": [29.625659999999996]}, "7": {"past": [29.159449, 29.125544, 29.33745, 29.261167999999998, 29.167921000000003, 29.049255, 29.142490000000002, 29.532412], "next": [29.625659999999996, 29.905382, 30.057965999999997, 29.871484999999996, 30.007105, 30.219019, 30.024063, 30.091871], "curr": [29.625659999999996]}, "15": {"past": [29.006870000000003, 28.769517999999998, 29.023819, 29.244209, 29.125544, 29.405265999999997, 29.278118, 29.015342999999998, 29.159449, 29.125544, 29.33745, 29.261167999999998, 29.167921000000003, 29.049255, 29.142490000000002, 29.532412], "next": [29.625659999999996, 29.905382, 30.057965999999997, 29.871484999999996, 30.007105, 30.219019, 30.024063, 30.091871, 30.286831, 30.066439000000003, 30.074917, 30.278357, 30.202066, 30.541132, 30.685226, 30.956482], "curr": [29.625659999999996]}}