{"3": {"past": [53.471138, 53.249065, 53.73946, 54.146584], "next": [55.626999, 55.626999, 54.747997, 54.581455000000005], "curr": [55.626999]}, "7": {"past": [52.999249, 53.434128, 52.999249, 52.684654, 53.471138, 53.249065, 53.73946, 54.146584], "next": [55.626999, 55.626999, 54.747997, 54.581455000000005, 55.793549, 55.765793, 56.570769999999996, 56.589279000000005], "curr": [55.626999]}, "15": {"past": [54.146584, 54.646225, 54.331638, 54.76650600000001, 54.303870999999994, 54.25761, 54.76650600000001, 54.155823, 52.999249, 53.434128, 52.999249, 52.684654, 53.471138, 53.249065, 53.73946, 54.146584], "next": [55.626999, 55.626999, 54.747997, 54.581455000000005, 55.793549, 55.765793, 56.570769999999996, 56.589279000000005, 56.95013, 56.265438, 56.755829000000006, 56.626289, 56.552268999999995, 56.774333999999996, 56.11739300000001, 56.237675], "curr": [55.626999]}}