{"3": {"past": [37.177368, 37.187317, 37.515434, 37.028225], "next": [38.251228000000005, 37.445831, 36.928791, 37.545260999999996], "curr": [38.251228000000005]}, "7": {"past": [35.964306, 36.710041, 36.749813, 36.938736, 37.177368, 37.187317, 37.515434, 37.028225], "next": [38.251228000000005, 37.445831, 36.928791, 37.545260999999996, 37.913158, 37.107765, 38.032482, 37.306633000000005], "curr": [38.251228000000005]}, "15": {"past": [36.491299, 36.371978999999996, 35.685898, 35.496983, 35.32795, 36.391861, 36.471409, 36.252655, 35.964306, 36.710041, 36.749813, 36.938736, 37.177368, 37.187317, 37.515434, 37.028225], "next": [38.251228000000005, 37.445831, 36.928791, 37.545260999999996, 37.913158, 37.107765, 38.032482, 37.306633000000005, 37.823677, 37.455771999999996, 37.316573999999996, 37.276802, 36.511181, 37.097823999999996, 37.455771999999996, 37.01828], "curr": [38.251228000000005]}}