{"3": {"past": [35.238457000000004, 35.397549, 35.32795, 34.850681], "next": [34.771133, 34.313747, 34.244147999999996, 34.313747], "curr": [34.771133]}, "7": {"past": [35.725674, 35.79528, 36.083626, 35.924538, 35.238457000000004, 35.397549, 35.32795, 34.850681], "next": [34.771133, 34.313747, 34.244147999999996, 34.313747, 33.478519, 33.418865000000004, 32.305240999999995, 32.265465], "curr": [34.771133]}, "15": {"past": [35.417431, 34.631927000000005, 33.965740000000004, 34.671696000000004, 34.741302000000005, 34.850681, 35.009766, 34.810902, 35.725674, 35.79528, 36.083626, 35.924538, 35.238457000000004, 35.397549, 35.32795, 34.850681], "next": [34.771133, 34.313747, 34.244147999999996, 34.313747, 33.478519, 33.418865000000004, 32.305240999999995, 32.265465, 31.639044000000002, 30.873423, 31.042456, 31.261208, 31.420298, 31.51973, 31.102118, 30.833652], "curr": [34.771133]}}