{"3": {"past": [33.389038, 33.538189, 34.244147999999996, 34.025394], "next": [35.496983, 36.292431, 36.083626, 36.332207000000004], "curr": [35.496983]}, "7": {"past": [33.418865000000004, 33.975681, 33.577961, 33.746994, 33.389038, 33.538189, 34.244147999999996, 34.025394], "next": [35.496983, 36.292431, 36.083626, 36.332207000000004, 36.471409, 35.477092999999996, 35.40749, 35.417431], "curr": [35.496983]}, "15": {"past": [33.558067, 34.174545, 34.035343, 33.60778, 32.891888, 33.180229, 32.563755, 32.862049, 33.418865000000004, 33.975681, 33.577961, 33.746994, 33.389038, 33.538189, 34.244147999999996, 34.025394], "next": [35.496983, 36.292431, 36.083626, 36.332207000000004, 36.471409, 35.477092999999996, 35.40749, 35.417431, 35.129086, 34.075115000000004, 33.637619, 33.846424, 33.587897999999996, 34.104939, 34.224258, 34.214314], "curr": [35.496983]}}