{"3": {"past": [91.471184, 91.960274, 91.3395, 92.28008299999999], "next": [97.84830500000001, 97.16169000000001, 97.904747, 99.578964], "curr": [97.84830500000001]}, "7": {"past": [92.03553000000001, 92.37413000000001, 92.39295200000001, 92.28949, 91.471184, 91.960274, 91.3395, 92.28008299999999], "next": [97.84830500000001, 97.16169000000001, 97.904747, 99.578964, 99.475502, 99.522537, 99.240356, 99.9552], "curr": [97.84830500000001]}, "15": {"past": [92.540634, 91.96015899999999, 92.100594, 91.932076, 92.18602, 91.819214, 92.073151, 92.044937, 92.03553000000001, 92.37413000000001, 92.39295200000001, 92.28949, 91.471184, 91.960274, 91.3395, 92.28008299999999], "next": [97.84830500000001, 97.16169000000001, 97.904747, 99.578964, 99.475502, 99.522537, 99.240356, 99.9552, 100.453712, 100.397278, 100.848732, 100.726456, 100.820534, 100.905174, 101.441307, 101.027466], "curr": [97.84830500000001]}}