{"3": {"past": [103.819397, 103.554962, 103.30941800000001, 103.35664399999999], "next": [102.16667199999999, 102.20446, 102.931648, 103.422752], "curr": [102.16667199999999]}, "7": {"past": [102.62944, 102.969429, 103.564415, 103.517197, 103.819397, 103.554962, 103.30941800000001, 103.35664399999999], "next": [102.16667199999999, 102.20446, 102.931648, 103.422752, 102.28944399999999, 102.31778, 101.96835300000001, 101.58113900000001], "curr": [102.16667199999999]}, "15": {"past": [104.554634, 104.084335, 104.206604, 102.950546, 103.630524, 102.55387900000001, 102.52555100000001, 102.846657, 102.62944, 102.969429, 103.564415, 103.517197, 103.819397, 103.554962, 103.30941800000001, 103.35664399999999], "next": [102.16667199999999, 102.20446, 102.931648, 103.422752, 102.28944399999999, 102.31778, 101.96835300000001, 101.58113900000001, 101.023926, 100.79727199999999, 100.306175, 100.580063, 99.73954, 100.20229300000001, 100.542274, 100.67450699999999], "curr": [102.16667199999999]}}