{"3": {"past": [181.091171, 181.254105, 181.28291299999998, 181.36914099999998], "next": [174.342178, 172.82751499999998, 172.15643300000002, 172.750793], "curr": [174.342178]}, "7": {"past": [180.909042, 180.851471, 179.490189, 179.221771, 181.091171, 181.254105, 181.28291299999998, 181.36914099999998], "next": [174.342178, 172.82751499999998, 172.15643300000002, 172.750793, 172.80831899999998, 176.41288799999998, 177.074356, 176.834702], "curr": [174.342178]}, "15": {"past": [179.03298999999998, 178.67981, 179.204834, 179.46257, 179.166641, 179.48062099999999, 181.10073899999998, 180.122894, 180.909042, 180.851471, 179.490189, 179.221771, 181.091171, 181.254105, 181.28291299999998, 181.36914099999998], "next": [174.342178, 172.82751499999998, 172.15643300000002, 172.750793, 172.80831899999998, 176.41288799999998, 177.074356, 176.834702, 179.077972, 180.065384, 177.294846, 177.17021200000002, 176.834702, 176.33621200000002, 175.291245, 176.652557], "curr": [174.342178]}}