{"3": {"past": [146.313766, 148.203995, 148.184967, 147.482117], "next": [148.422424, 147.425125, 146.351776, 148.32745400000002], "curr": [148.422424]}, "7": {"past": [145.55389399999999, 145.202484, 145.21199, 146.275818, 146.313766, 148.203995, 148.184967, 147.482117], "next": [148.422424, 147.425125, 146.351776, 148.32745400000002, 149.011322, 149.96121200000002, 151.414444, 151.613907], "curr": [148.422424]}, "15": {"past": [143.056427, 141.68631000000002, 142.44224499999999, 144.530457, 143.644714, 144.442596, 143.758728, 144.138657, 145.55389399999999, 145.202484, 145.21199, 146.275818, 146.313766, 148.203995, 148.184967, 147.482117], "next": [148.422424, 147.425125, 146.351776, 148.32745400000002, 149.011322, 149.96121200000002, 151.414444, 151.613907, 152.03183, 151.214981, 150.95851100000002, 150.550095, 152.060333, 151.746902, 149.410278, 149.970673], "curr": [148.422424]}}