{"3": {"past": [397.450012, 408.410004, 406.630005, 404.390015], "next": [415.170013, 406.209991, 404.540009, 393.619995], "curr": [415.170013]}, "7": {"past": [409.22000099999997, 406.519989, 402.619995, 397.0, 397.450012, 408.410004, 406.630005, 404.390015], "next": [415.170013, 406.209991, 404.540009, 393.619995, 384.799988, 386.299988, 394.690002, 391.589996], "curr": [415.170013]}, "15": {"past": [442.55999800000006, 439.369995, 440.94000199999994, 432.98001100000005, 432.76000999999997, 426.51000999999997, 421.92999299999997, 416.040009, 409.22000099999997, 406.519989, 402.619995, 397.0, 397.450012, 408.410004, 406.630005, 404.390015], "next": [415.170013, 406.209991, 404.540009, 393.619995, 384.799988, 386.299988, 394.690002, 391.589996, 385.22000099999997, 384.440002, 387.540009, 384.850006, 374.52999900000003, 366.0, 358.630005, 361.859985], "curr": [415.170013]}}