{"3": {"past": [508.709991, 491.619995, 472.0, 476.82000700000003], "next": [467.10998499999994, 468.76000999999997, 470.10000599999995, 469.67999299999997], "curr": [467.10998499999994]}, "7": {"past": [521.219971, 513.450012, 515.630005, 508.410004, 508.709991, 491.619995, 472.0, 476.82000700000003], "next": [467.10998499999994, 468.76000999999997, 470.10000599999995, 469.67999299999997, 474.089996, 460.079987, 466.589996, 474.540009], "curr": [467.10998499999994]}, "15": {"past": [496.98999000000003, 505.049988, 504.89999400000005, 498.10998499999994, 497.630005, 506.790009, 521.130005, 515.919983, 521.219971, 513.450012, 515.630005, 508.410004, 508.709991, 491.619995, 472.0, 476.82000700000003], "next": [467.10998499999994, 468.76000999999997, 470.10000599999995, 469.67999299999997, 474.089996, 460.079987, 466.589996, 474.540009, 472.57000700000003, 468.540009, 464.01998899999995, 467.98001100000005, 469.73999000000003, 478.64999400000005, 477.14999400000005, 485.26000999999997], "curr": [467.10998499999994]}}