{"3": {"past": [388.48999, 396.170013, 402.040009, 407.02999900000003], "next": [434.30999800000006, 429.0, 423.380005, 427.17999299999997], "curr": [434.30999800000006]}, "7": {"past": [371.929993, 372.320007, 371.390015, 366.619995, 388.48999, 396.170013, 402.040009, 407.02999900000003], "next": [434.30999800000006, 429.0, 423.380005, 427.17999299999997, 431.57000700000003, 440.42999299999997, 442.049988, 450.410004], "curr": [434.30999800000006]}, "15": {"past": [367.070007, 366.329987, 370.369995, 373.450012, 366.059998, 370.959991, 376.399994, 370.119995, 371.929993, 372.320007, 371.390015, 366.619995, 388.48999, 396.170013, 402.040009, 407.02999900000003], "next": [434.30999800000006, 429.0, 423.380005, 427.17999299999997, 431.57000700000003, 440.42999299999997, 442.049988, 450.410004, 454.75, 446.72000099999997, 457.329987, 450.01000999999997, 460.98999000000003, 461.369995, 458.23999000000003, 455.700012], "curr": [434.30999800000006]}}