{"3": {"past": [13.749502, 13.814098000000001, 14.044795, 13.952515], "next": [14.247807, 14.367769000000001, 14.589238, 14.506189000000001], "curr": [14.247807]}, "7": {"past": [13.758729999999998, 13.684909, 13.804869, 13.638767999999999, 13.749502, 13.814098000000001, 14.044795, 13.952515], "next": [14.247807, 14.367769000000001, 14.589238, 14.506189000000001, 14.395453, 14.284717, 14.358542000000002, 14.496960000000001], "curr": [14.247807]}, "15": {"past": [14.054023, 13.998655, 13.924832, 14.090932999999998, 14.035565, 13.851007999999998, 13.989427, 13.878694, 13.758729999999998, 13.684909, 13.804869, 13.638767999999999, 13.749502, 13.814098000000001, 14.044795, 13.952515], "next": [14.247807, 14.367769000000001, 14.589238, 14.506189000000001, 14.395453, 14.284717, 14.358542000000002, 14.496960000000001, 14.589238, 14.653832999999999, 14.27549, 14.173983999999999, 14.10016, 13.998655, 14.247807, 14.478503], "curr": [14.247807]}}