{"3": {"past": [13.475310999999998, 13.328638, 13.264470999999999, 13.117802], "next": [13.044464, 13.200301999999999, 13.346973, 13.246139000000001], "curr": [13.044464]}, "7": {"past": [13.521142999999999, 13.411142000000002, 13.585310999999999, 13.456975, 13.475310999999998, 13.328638, 13.264470999999999, 13.117802], "next": [13.044464, 13.200301999999999, 13.346973, 13.246139000000001, 13.191135000000001, 13.291972, 13.383642000000002, 13.466141], "curr": [13.044464]}, "15": {"past": [12.91613, 13.438642999999999, 13.420309, 13.640313, 13.612810999999999, 13.484476, 13.466141, 13.521142999999999, 13.521142999999999, 13.411142000000002, 13.585310999999999, 13.456975, 13.475310999999998, 13.328638, 13.264470999999999, 13.117802], "next": [13.044464, 13.200301999999999, 13.346973, 13.246139000000001, 13.191135000000001, 13.291972, 13.383642000000002, 13.466141, 13.594479999999999, 13.658646, 13.695314000000002, 13.631145000000002, 13.621978, 13.456975, 13.108635000000001, 12.897797], "curr": [13.044464]}}