{"3": {"past": [54.618118, 55.117557999999995, 55.061016, 55.701809], "next": [55.645270999999994, 57.247257, 57.690144, 58.123627], "curr": [55.645270999999994]}, "7": {"past": [54.052715, 54.325993000000004, 54.410805, 54.523888, 54.618118, 55.117557999999995, 55.061016, 55.701809], "next": [55.645270999999994, 57.247257, 57.690144, 58.123627, 58.019974, 57.812656000000004, 58.18959, 58.378063], "curr": [55.645270999999994]}, "15": {"past": [54.486191000000005, 54.325993000000004, 54.194056999999994, 54.137524, 54.071564, 53.619232, 54.043285, 54.260029, 54.052715, 54.325993000000004, 54.410805, 54.523888, 54.618118, 55.117557999999995, 55.061016, 55.701809], "next": [55.645270999999994, 57.247257, 57.690144, 58.123627, 58.019974, 57.812656000000004, 58.18959, 58.378063, 58.613647, 58.641914, 58.434597, 58.359215, 58.50056800000001, 58.528839000000005, 58.707878, 59.150780000000005], "curr": [55.645270999999994]}}