{"3": {"past": [61.781429, 61.410168000000006, 61.857581999999994, 61.686226], "next": [62.25739300000001, 61.210255000000004, 61.134098, 61.476803000000004], "curr": [62.25739300000001]}, "7": {"past": [61.533919999999995, 61.714787, 61.619595, 61.667182999999994, 61.781429, 61.410168000000006, 61.857581999999994, 61.686226], "next": [62.25739300000001, 61.210255000000004, 61.134098, 61.476803000000004, 61.45776, 61.676704, 61.619595, 61.59103399999999], "curr": [62.25739300000001]}, "15": {"past": [60.896111, 60.52484499999999, 61.010344999999994, 61.248329000000005, 61.153133, 61.334003, 61.219772, 61.35304300000001, 61.533919999999995, 61.714787, 61.619595, 61.667182999999994, 61.781429, 61.410168000000006, 61.857581999999994, 61.686226], "next": [62.25739300000001, 61.210255000000004, 61.134098, 61.476803000000004, 61.45776, 61.676704, 61.619595, 61.59103399999999, 61.343529000000004, 61.286404000000005, 61.000831999999996, 60.905628, 61.495838, 61.45776, 61.543438, 61.048416], "curr": [62.25739300000001]}}