{"3": {"past": [76.396477, 77.189468, 76.444824, 75.816254], "next": [76.01933299999999, 81.63784799999999, 80.25496700000001, 81.405762], "curr": [76.01933299999999]}, "7": {"past": [75.16834300000001, 75.835587, 76.270752, 76.193398, 76.396477, 77.189468, 76.444824, 75.816254], "next": [76.01933299999999, 81.63784799999999, 80.25496700000001, 81.405762, 82.943359, 80.129265, 80.38069899999999, 80.496735], "curr": [76.01933299999999]}, "15": {"past": [74.723473, 74.752502, 74.70414, 73.63072199999999, 73.698433, 74.027222, 75.03293599999999, 75.071617, 75.16834300000001, 75.835587, 76.270752, 76.193398, 76.396477, 77.189468, 76.444824, 75.816254], "next": [76.01933299999999, 81.63784799999999, 80.25496700000001, 81.405762, 82.943359, 80.129265, 80.38069899999999, 80.496735, 79.771477, 79.82000699999999, 80.334747, 80.664917, 81.577827, 81.791489, 81.82061, 82.529572], "curr": [76.01933299999999]}}