{"3": {"past": [61.177135, 60.328773, 59.957024, 60.671925], "next": [60.62427099999999, 66.457924, 66.58183299999999, 65.19014], "curr": [60.62427099999999]}, "7": {"past": [61.243857999999996, 61.11040500000001, 61.253391, 62.273323, 61.177135, 60.328773, 59.957024, 60.671925], "next": [60.62427099999999, 66.457924, 66.58183299999999, 65.19014, 64.951851, 64.532433, 64.379944, 63.817519999999995], "curr": [60.62427099999999]}, "15": {"past": [58.794098, 59.51854300000001, 59.146793, 59.051472, 59.432747, 58.975212, 59.232578000000004, 60.300171, 61.243857999999996, 61.11040500000001, 61.253391, 62.273323, 61.177135, 60.328773, 59.957024, 60.671925], "next": [60.62427099999999, 66.457924, 66.58183299999999, 65.19014, 64.951851, 64.532433, 64.379944, 63.817519999999995, 63.865173, 65.01857, 65.476112, 66.022079, 66.433937, 66.855377, 67.26722, 67.870644], "curr": [60.62427099999999]}}