{"3": {"past": [66.893692, 67.755707, 67.947273, 68.723099], "next": [69.77669499999999, 65.121712, 66.012489, 66.845795], "curr": [69.77669499999999]}, "7": {"past": [66.32856, 65.753876, 66.18489100000001, 66.68296099999999, 66.893692, 67.755707, 67.947273, 68.723099], "next": [69.77669499999999, 65.121712, 66.012489, 66.845795, 66.041229, 66.089127, 66.462662, 65.65810400000001], "curr": [69.77669499999999]}, "15": {"past": [67.573715, 66.33815, 66.137016, 66.117836, 66.06995400000001, 66.500969, 65.52401, 65.24623100000001, 66.32856, 65.753876, 66.18489100000001, 66.68296099999999, 66.893692, 67.755707, 67.947273, 68.723099], "next": [69.77669499999999, 65.121712, 66.012489, 66.845795, 66.041229, 66.089127, 66.462662, 65.65810400000001, 64.926636, 65.638847, 65.378998, 65.792839, 66.302933, 65.908333, 65.11913299999999, 64.965141], "curr": [69.77669499999999]}}