{"3": {"past": [157.484344, 155.832382, 154.775101, 153.963272], "next": [153.661224, 155.728531, 155.256516, 155.785172], "curr": [153.661224]}, "7": {"past": [157.965775, 156.984039, 156.219406, 157.965775, 157.484344, 155.832382, 154.775101, 153.963272], "next": [153.661224, 155.728531, 155.256516, 155.785172, 154.40696699999998, 155.964539, 156.257172, 155.66241499999998], "curr": [153.661224]}, "15": {"past": [153.71785, 154.331436, 153.670624, 155.218781, 155.464218, 154.963913, 156.445969, 156.398773, 157.965775, 156.984039, 156.219406, 157.965775, 157.484344, 155.832382, 154.775101, 153.963272], "next": [153.661224, 155.728531, 155.256516, 155.785172, 154.40696699999998, 155.964539, 156.257172, 155.66241499999998, 156.53093, 156.323242, 156.361008, 153.828949, 153.30737299999998, 155.488541, 155.64025900000001, 155.554916], "curr": [153.661224]}}