{"3": {"past": [144.503143, 144.287033, 147.44354199999998, 150.44030800000002], "next": [150.27123999999998, 149.623001, 147.81929, 147.020782], "curr": [150.27123999999998]}, "7": {"past": [139.43956, 141.403, 140.472992, 140.519913, 144.503143, 144.287033, 147.44354199999998, 150.44030800000002], "next": [150.27123999999998, 149.623001, 147.81929, 147.020782, 146.522873, 145.179474, 145.51766999999998, 146.917435], "curr": [150.27123999999998]}, "15": {"past": [145.902847, 146.513474, 145.780731, 146.438324, 145.87468, 146.598038, 146.654419, 141.13055400000002, 139.43956, 141.403, 140.472992, 140.519913, 144.503143, 144.287033, 147.44354199999998, 150.44030800000002], "next": [150.27123999999998, 149.623001, 147.81929, 147.020782, 146.522873, 145.179474, 145.51766999999998, 146.917435, 146.673187, 147.612625, 148.091736, 148.082275, 146.977844, 149.167862, 148.67700200000002, 145.12763999999999], "curr": [150.27123999999998]}}