{"3": {"past": [130.864685, 131.388168, 130.883392, 132.762238], "next": [143.025757, 142.94165, 140.913254, 139.5672], "curr": [143.025757]}, "7": {"past": [131.575089, 132.72486899999998, 130.528183, 130.827316, 130.864685, 131.388168, 130.883392, 132.762238], "next": [143.025757, 142.94165, 140.913254, 139.5672, 138.333359, 138.11836200000002, 138.015518, 139.959793], "curr": [143.025757]}, "15": {"past": [125.63011200000001, 129.499969, 128.957825, 128.752167, 129.471924, 129.28495800000002, 130.425354, 132.416351, 131.575089, 132.72486899999998, 130.528183, 130.827316, 130.864685, 131.388168, 130.883392, 132.762238], "next": [143.025757, 142.94165, 140.913254, 139.5672, 138.333359, 138.11836200000002, 138.015518, 139.959793, 140.17478899999998, 139.66069, 138.93156399999998, 140.539352, 141.567551, 142.091019, 142.277985, 142.539703], "curr": [143.025757]}}