{"3": {"past": [189.494949, 189.337723, 188.993851, 189.642319], "next": [198.671951, 200.99078400000002, 202.150238, 201.786652], "curr": [198.671951]}, "7": {"past": [187.077866, 188.502533, 188.021103, 188.414108, 189.494949, 189.337723, 188.993851, 189.642319], "next": [198.671951, 200.99078400000002, 202.150238, 201.786652, 203.132767, 203.201538, 203.525757, 203.761581], "curr": [198.671951]}, "15": {"past": [183.64875800000002, 182.18473799999998, 182.97079499999998, 183.108353, 184.601822, 187.25473, 187.11715700000002, 187.421753, 187.077866, 188.502533, 188.021103, 188.414108, 189.494949, 189.337723, 188.993851, 189.642319], "next": [198.671951, 200.99078400000002, 202.150238, 201.786652, 203.132767, 203.201538, 203.525757, 203.761581, 204.243073, 205.795471, 206.247452, 206.375168, 205.549835, 209.244247, 209.067352, 209.136124], "curr": [198.671951]}}