{"3": {"past": [64.281281, 63.450382, 63.020270999999994, 63.157123999999996], "next": [64.212845, 70.625336, 71.104309, 71.035881], "curr": [64.212845]}, "7": {"past": [62.697701, 63.33308, 62.433772999999995, 63.118033999999994, 64.281281, 63.450382, 63.020270999999994, 63.157123999999996], "next": [64.212845, 70.625336, 71.104309, 71.035881, 70.67421, 69.71624, 69.726021, 71.172714], "curr": [64.212845]}, "15": {"past": [62.404442, 62.824764, 62.38489499999999, 61.99388100000001, 62.062321, 62.05253199999999, 62.912743000000006, 62.687916, 62.697701, 63.33308, 62.433772999999995, 63.118033999999994, 64.281281, 63.450382, 63.020270999999994, 63.157123999999996], "next": [64.212845, 70.625336, 71.104309, 71.035881, 70.67421, 69.71624, 69.726021, 71.172714, 74.242126, 74.47721899999999, 74.18334200000001, 76.416794, 75.446999, 75.221703, 75.133537, 75.319664], "curr": [64.212845]}}