{"3": {"past": [54.163318999999994, 53.393184999999995, 51.696922, 53.00324200000001], "next": [51.989384, 57.53635, 57.08791, 57.702076], "curr": [51.989384]}, "7": {"past": [54.007346999999996, 54.514281999999994, 54.63126, 53.42243199999999, 54.163318999999994, 53.393184999999995, 51.696922, 53.00324200000001], "next": [51.989384, 57.53635, 57.08791, 57.702076, 57.438862, 56.863693000000005, 57.887294999999995, 57.53635], "curr": [51.989384]}, "15": {"past": [52.60355, 53.734386, 53.490669, 53.929356000000006, 54.202312, 54.251064, 53.490669, 54.455788, 54.007346999999996, 54.514281999999994, 54.63126, 53.42243199999999, 54.163318999999994, 53.393184999999995, 51.696922, 53.00324200000001], "next": [51.989384, 57.53635, 57.08791, 57.702076, 57.438862, 56.863693000000005, 57.887294999999995, 57.53635, 57.214645, 56.961181999999994, 56.980679, 57.438862, 57.507107, 57.819912, 57.233394999999994, 57.20407900000001], "curr": [51.989384]}}