{"3": {"past": [61.738468000000005, 60.629917000000006, 59.803368000000006, 59.822815000000006], "next": [59.385227, 60.484058, 60.727165, 60.309017000000004], "curr": [59.385227]}, "7": {"past": [62.847015, 63.420738, 64.227837, 63.430457999999994, 61.738468000000005, 60.629917000000006, 59.803368000000006, 59.822815000000006], "next": [59.385227, 60.484058, 60.727165, 60.309017000000004, 60.240952, 61.261986, 61.76764300000001, 61.680119], "curr": [59.385227]}, "15": {"past": [63.255428, 63.73191800000001, 63.206802, 62.312191000000006, 62.934543999999995, 63.342957, 62.788669999999996, 62.915077000000004, 62.847015, 63.420738, 64.227837, 63.430457999999994, 61.738468000000005, 60.629917000000006, 59.803368000000006, 59.822815000000006], "next": [59.385227, 60.484058, 60.727165, 60.309017000000004, 60.240952, 61.261986, 61.76764300000001, 61.680119, 62.156601, 61.923221999999996, 62.137694999999994, 61.728252000000005, 60.285454, 60.548671999999996, 59.77853399999999, 60.402435], "curr": [59.385227]}}