{"3": {"past": [66.974731, 65.616592, 66.94561, 67.081436], "next": [66.52849599999999, 64.801727, 65.781509, 65.06366], "curr": [66.52849599999999]}, "7": {"past": [66.858315, 66.218063, 66.499382, 66.751595, 66.974731, 65.616592, 66.94561, 67.081436], "next": [66.52849599999999, 64.801727, 65.781509, 65.06366, 65.38376600000001, 64.869644, 64.869637, 64.811287], "curr": [66.52849599999999]}, "15": {"past": [63.986866000000006, 64.355476, 64.374886, 65.645706, 66.13074499999999, 66.732201, 66.014336, 66.644897, 66.858315, 66.218063, 66.499382, 66.751595, 66.974731, 65.616592, 66.94561, 67.081436], "next": [66.52849599999999, 64.801727, 65.781509, 65.06366, 65.38376600000001, 64.869644, 64.869637, 64.811287, 65.112732, 65.10301199999999, 65.423912, 65.676727, 65.453079, 65.783714, 64.626541, 63.955574], "curr": [66.52849599999999]}}