{"3": {"past": [107.007935, 105.923378, 106.016869, 105.71768200000001], "next": [109.27058400000001, 109.75676000000001, 112.122253, 111.90720400000001], "curr": [109.27058400000001]}, "7": {"past": [107.765266, 107.438034, 108.21405800000001, 107.44736499999999, 107.007935, 105.923378, 106.016869, 105.71768200000001], "next": [109.27058400000001, 109.75676000000001, 112.122253, 111.90720400000001, 110.10271499999999, 112.01006299999999, 112.65518999999999, 109.681969], "curr": [109.27058400000001]}, "15": {"past": [102.089958, 102.155411, 102.865997, 102.426559, 101.809471, 104.24041700000001, 104.577011, 105.240845, 107.765266, 107.438034, 108.21405800000001, 107.44736499999999, 107.007935, 105.923378, 106.016869, 105.71768200000001], "next": [109.27058400000001, 109.75676000000001, 112.122253, 111.90720400000001, 110.10271499999999, 112.01006299999999, 112.65518999999999, 109.681969, 109.597816, 111.83241299999999, 113.80520600000001, 113.347076, 111.467781, 111.084427, 112.187706, 113.14138], "curr": [109.27058400000001]}}