{"3": {"past": [113.591003, 115.68688999999999, 115.77148400000002, 117.80156699999999], "next": [121.457596, 121.166252, 119.051575, 116.748924], "curr": [121.457596]}, "7": {"past": [115.65868400000001, 116.73953200000001, 114.65306100000001, 116.32598899999999, 113.591003, 115.68688999999999, 115.77148400000002, 117.80156699999999], "next": [121.457596, 121.166252, 119.051575, 116.748924, 116.99330900000001, 116.08161899999999, 115.151176, 115.404922], "curr": [121.457596]}, "15": {"past": [119.72827099999999, 119.568497, 117.36923200000001, 113.835365, 113.450027, 114.41809099999999, 115.03839099999999, 113.98574099999999, 115.65868400000001, 116.73953200000001, 114.65306100000001, 116.32598899999999, 113.591003, 115.68688999999999, 115.77148400000002, 117.80156699999999], "next": [121.457596, 121.166252, 119.051575, 116.748924, 116.99330900000001, 116.08161899999999, 115.151176, 115.404922, 116.918098, 116.49516299999999, 117.28463700000002, 117.904953, 117.679375, 117.71698, 118.23389399999999, 117.20005800000001], "curr": [121.457596]}}