{"3": {"past": [92.239998, 90.879997, 90.760002, 91.760002], "next": [92.949997, 93.07, 94.150002, 94.099998], "curr": [92.949997]}, "7": {"past": [87.629997, 88.290001, 90.25, 90.699997, 92.239998, 90.879997, 90.760002, 91.760002], "next": [92.949997, 93.07, 94.150002, 94.099998, 93.660004, 93.83000200000001, 94.860001, 95.489998], "curr": [92.949997]}, "15": {"past": [90.800003, 91.220001, 89.889999, 90.349998, 90.449997, 90.5, 90.260002, 90.120003, 87.629997, 88.290001, 90.25, 90.699997, 92.239998, 90.879997, 90.760002, 91.760002], "next": [92.949997, 93.07, 94.150002, 94.099998, 93.660004, 93.83000200000001, 94.860001, 95.489998, 96.010002, 96.18, 95.82, 96.730003, 96.43, 97.709999, 96.849998, 95.610001], "curr": [92.949997]}}