{"3": {"past": [82.08000200000001, 82.07, 81.779999, 81.540001], "next": [81.349998, 83.809998, 82.66999799999999, 82.220001], "curr": [81.349998]}, "7": {"past": [81.66999799999999, 80.82, 81.470001, 82.18, 82.08000200000001, 82.07, 81.779999, 81.540001], "next": [81.349998, 83.809998, 82.66999799999999, 82.220001, 82.5, 82.970001, 83.480003, 83.279999], "curr": [81.349998]}, "15": {"past": [80.209999, 79.75, 80.209999, 80.699997, 81.029999, 80.639999, 80.910004, 80.91999799999999, 81.66999799999999, 80.82, 81.470001, 82.18, 82.08000200000001, 82.07, 81.779999, 81.540001], "next": [81.349998, 83.809998, 82.66999799999999, 82.220001, 82.5, 82.970001, 83.480003, 83.279999, 83.510002, 83.610001, 83.510002, 83.480003, 83.519997, 83.029999, 82.900002, 81.550003], "curr": [81.349998]}}