{"3": {"past": [41.763195, 41.513729, 42.511578, 43.449203000000004], "next": [36.137423999999996, 36.386879, 36.240643, 36.283669], "curr": [36.137423999999996]}, "7": {"past": [41.43631, 41.711582, 41.754593, 41.771805, 41.763195, 41.513729, 42.511578, 43.449203000000004], "next": [36.137423999999996, 36.386879, 36.240643, 36.283669, 36.507313, 36.567524, 36.627734999999994, 37.462146999999995], "curr": [36.137423999999996]}, "15": {"past": [38.967506, 39.543853999999996, 39.569656, 39.78471, 40.300835, 40.945995, 42.227707, 41.582553999999995, 41.43631, 41.711582, 41.754593, 41.771805, 41.763195, 41.513729, 42.511578, 43.449203000000004], "next": [36.137423999999996, 36.386879, 36.240643, 36.283669, 36.507313, 36.567524, 36.627734999999994, 37.462146999999995, 36.877201, 36.842793, 37.083656, 36.541725, 37.023441, 37.401932, 37.849247, 36.266453000000006], "curr": [36.137423999999996]}}