{"3": {"past": [34.268299, 34.425488, 34.565224, 34.722415999999996], "next": [28.993565000000004, 28.242528999999998, 28.434656, 28.478319], "curr": [28.993565000000004]}, "7": {"past": [33.464863, 34.495358, 34.119842999999996, 33.910244, 34.268299, 34.425488, 34.565224, 34.722415999999996], "next": [28.993565000000004, 28.242528999999998, 28.434656, 28.478319, 28.783974, 29.142025, 29.185692, 29.316686999999998], "curr": [28.993565000000004]}, "15": {"past": [33.840382, 33.700653, 34.076172, 32.565369, 33.360065000000006, 33.525993, 33.814182, 34.670017, 33.464863, 34.495358, 34.119842999999996, 33.910244, 34.268299, 34.425488, 34.565224, 34.722415999999996], "next": [28.993565000000004, 28.242528999999998, 28.434656, 28.478319, 28.783974, 29.142025, 29.185692, 29.316686999999998, 29.194423999999998, 29.238087, 28.810173, 28.469585, 27.55262, 28.198862, 28.425919, 28.19013], "curr": [28.993565000000004]}}