{"3": {"past": [30.225353000000002, 30.492357000000002, 30.563565999999998, 31.097578000000002], "next": [35.022606, 34.568690999999994, 33.954575, 33.981266], "curr": [35.022606]}, "7": {"past": [29.815936999999998, 29.922741, 30.616965999999998, 30.697073, 30.225353000000002, 30.492357000000002, 30.563565999999998, 31.097578000000002], "next": [35.022606, 34.568690999999994, 33.954575, 33.981266, 32.842037, 32.646229, 32.904334999999996, 32.895432], "curr": [35.022606]}, "15": {"past": [29.522228000000002, 30.438961, 30.305453999999997, 30.243154999999998, 30.349957, 30.074051, 30.127449, 30.038446, 29.815936999999998, 29.922741, 30.616965999999998, 30.697073, 30.225353000000002, 30.492357000000002, 30.563565999999998, 31.097578000000002], "next": [35.022606, 34.568690999999994, 33.954575, 33.981266, 32.842037, 32.646229, 32.904334999999996, 32.895432, 32.726334, 32.334721, 33.340446, 33.037834000000004, 33.562962, 33.295952, 33.812164, 33.518456], "curr": [35.022606]}}