{"3": {"past": [31.603638, 30.839851, 30.950176000000003, 30.865307], "next": [31.773360999999998, 36.211788, 37.255627000000004, 37.764812], "curr": [31.773360999999998]}, "7": {"past": [31.289639, 31.187797999999997, 31.3151, 31.416930999999998, 31.603638, 30.839851, 30.950176000000003, 30.865307], "next": [31.773360999999998, 36.211788, 37.255627000000004, 37.764812, 38.104279, 38.316433, 38.002434, 38.418282], "curr": [31.773360999999998]}, "15": {"past": [32.265578999999995, 32.392872, 33.623425, 33.199089, 33.139683000000005, 32.664444, 32.291039000000005, 31.934601, 31.289639, 31.187797999999997, 31.3151, 31.416930999999998, 31.603638, 30.839851, 30.950176000000003, 30.865307], "next": [31.773360999999998, 36.211788, 37.255627000000004, 37.764812, 38.104279, 38.316433, 38.002434, 38.418282, 39.283901, 38.56255, 39.122646, 38.868057, 39.351788, 39.428162, 40.565346000000005, 40.60778], "curr": [31.773360999999998]}}