{"3": {"past": [42.219345000000004, 43.096924, 43.678799, 44.27021], "next": [40.349709000000004, 41.398994, 41.141445000000004, 40.569096], "curr": [40.349709000000004]}, "7": {"past": [42.171646, 41.99041, 42.057186, 42.410109999999996, 42.219345000000004, 43.096924, 43.678799, 44.27021], "next": [40.349709000000004, 41.398994, 41.141445000000004, 40.569096, 41.007896, 41.694697999999995, 41.627926, 40.960196999999994], "curr": [40.349709000000004]}, "15": {"past": [40.836189000000005, 40.979282, 41.532536, 41.961791999999996, 41.732861, 42.123946999999994, 42.801212, 42.667675, 42.171646, 41.99041, 42.057186, 42.410109999999996, 42.219345000000004, 43.096924, 43.678799, 44.27021], "next": [40.349709000000004, 41.398994, 41.141445000000004, 40.569096, 41.007896, 41.694697999999995, 41.627926, 40.960196999999994, 41.446686, 41.875938, 41.875938, 42.038105, 42.181179, 42.495968, 42.619984, 42.52425], "curr": [40.349709000000004]}}