{"3": {"past": [47.216801000000004, 47.121742, 47.055199, 47.739643], "next": [44.811764000000004, 45.467693, 44.66917, 44.792755], "curr": [44.811764000000004]}, "7": {"past": [46.180645, 46.104599, 46.484844, 47.321373, 47.216801000000004, 47.121742, 47.055199, 47.739643], "next": [44.811764000000004, 45.467693, 44.66917, 44.792755, 45.268059, 45.543724, 45.401138, 45.572243], "curr": [44.811764000000004]}, "15": {"past": [46.199653999999995, 45.743359000000005, 45.885956, 46.114094, 46.817551, 46.750999, 46.798534000000004, 46.77002, 46.180645, 46.104599, 46.484844, 47.321373, 47.216801000000004, 47.121742, 47.055199, 47.739643], "next": [44.811764000000004, 45.467693, 44.66917, 44.792755, 45.268059, 45.543724, 45.401138, 45.572243, 45.36311, 45.524719, 44.925841999999996, 44.383990999999995, 44.184357, 44.947475, 44.556377000000005, 44.165283], "curr": [44.811764000000004]}}