{"3": {"past": [42.170242, 42.410441999999996, 42.093384, 41.901218], "next": [43.044585999999995, 43.015766, 42.612225, 43.217533], "curr": [43.044585999999995]}, "7": {"past": [42.852416999999996, 42.372017, 42.496925, 42.237503000000004, 42.170242, 42.410441999999996, 42.093384, 41.901218], "next": [43.044585999999995, 43.015766, 42.612225, 43.217533, 43.332832, 43.188709, 43.794025, 43.928539], "curr": [43.044585999999995]}, "15": {"past": [42.535358, 42.352802000000004, 42.429665, 43.448132, 43.102242, 42.813992, 42.83321, 42.986946, 42.852416999999996, 42.372017, 42.496925, 42.237503000000004, 42.170242, 42.410441999999996, 42.093384, 41.901218], "next": [43.044585999999995, 43.015766, 42.612225, 43.217533, 43.332832, 43.188709, 43.794025, 43.928539, 43.246365000000004, 43.371262, 43.534611, 43.784420000000004, 44.735626, 45.312119, 45.485069, 46.323807], "curr": [43.044585999999995]}}