{"3": {"past": [102.615791, 102.56975600000001, 103.288101, 103.094711], "next": [102.717102, 102.827621, 102.56975600000001, 102.790787], "curr": [102.717102]}, "7": {"past": [104.44854000000001, 104.089371, 102.956551, 103.278908, 102.615791, 102.56975600000001, 103.288101, 103.094711], "next": [102.717102, 102.827621, 102.56975600000001, 102.790787, 103.11312099999999, 101.879005, 101.823753, 102.00795], "curr": [102.717102]}, "15": {"past": [103.389404, 103.610466, 102.689484, 103.41705300000001, 103.628876, 104.34723699999999, 104.632751, 104.061729, 104.44854000000001, 104.089371, 102.956551, 103.278908, 102.615791, 102.56975600000001, 103.288101, 103.094711], "next": [102.717102, 102.827621, 102.56975600000001, 102.790787, 103.11312099999999, 101.879005, 101.823753, 102.00795, 102.689484, 103.95121, 104.319603, 104.77089699999999, 105.498466, 105.43400600000001, 106.52076000000001, 107.285164], "curr": [102.717102]}}