{"3": {"past": [299.95248399999997, 302.384369, 302.598419, 303.05560299999996], "next": [315.19574, 315.759918, 318.804688, 322.160706], "curr": [315.19574]}, "7": {"past": [304.54391499999997, 303.357208, 303.89215099999996, 304.43695099999997, 299.95248399999997, 302.384369, 302.598419, 303.05560299999996], "next": [315.19574, 315.759918, 318.804688, 322.160706, 321.927307, 326.43118300000003, 325.565399, 323.493408], "curr": [315.19574]}, "15": {"past": [302.471924, 301.693787, 301.76181, 301.742371, 300.205353, 299.981659, 300.857117, 302.014771, 304.54391499999997, 303.357208, 303.89215099999996, 304.43695099999997, 299.95248399999997, 302.384369, 302.598419, 303.05560299999996], "next": [315.19574, 315.759918, 318.804688, 322.160706, 321.927307, 326.43118300000003, 325.565399, 323.493408, 325.58486899999997, 325.07901, 329.388306, 329.028473, 328.55181899999997, 329.164642, 328.503204, 325.526489], "curr": [315.19574]}}