{"3": {"past": [347.63909900000004, 350.49649, 349.29702799999995, 350.80859399999997], "next": [342.090118, 343.445679, 342.938477, 343.494415], "curr": [342.090118]}, "7": {"past": [343.211609, 344.518433, 347.14169300000003, 346.351837, 347.63909900000004, 350.49649, 349.29702799999995, 350.80859399999997], "next": [342.090118, 343.445679, 342.938477, 343.494415, 341.914581, 337.018921, 333.898224, 328.914734], "curr": [342.090118]}, "15": {"past": [349.287231, 352.086212, 343.903961, 342.265625, 344.47937, 342.382599, 341.16360499999996, 343.30911299999997, 343.211609, 344.518433, 347.14169300000003, 346.351837, 347.63909900000004, 350.49649, 349.29702799999995, 350.80859399999997], "next": [342.090118, 343.445679, 342.938477, 343.494415, 341.914581, 337.018921, 333.898224, 328.914734, 328.739166, 328.719788, 325.755066, 326.769226, 326.10611, 324.262939, 327.36419700000005, 323.814362], "curr": [342.090118]}}