{"3": {"past": [99.305298, 98.646393, 99.15250400000001, 100.661324], "next": [102.790871, 102.62854, 101.09105699999999, 101.59719100000001], "curr": [102.790871]}, "7": {"past": [95.542801, 96.19216899999999, 97.147118, 98.121162, 99.305298, 98.646393, 99.15250400000001, 100.661324], "next": [102.790871, 102.62854, 101.09105699999999, 101.59719100000001, 102.494843, 102.179695, 100.99556, 100.14565999999999], "curr": [102.790871]}, "15": {"past": [93.451447, 93.928925, 91.799385, 91.627495, 91.04496800000001, 93.136314, 93.384598, 95.20856500000001, 95.542801, 96.19216899999999, 97.147118, 98.121162, 99.305298, 98.646393, 99.15250400000001, 100.661324], "next": [102.790871, 102.62854, 101.09105699999999, 101.59719100000001, 102.494843, 102.179695, 100.99556, 100.14565999999999, 99.58223000000001, 99.725479, 97.204414, 98.239006, 100.10704, 100.32737, 100.336945, 97.328941], "curr": [102.790871]}}