{"3": {"past": [109.07354699999999, 106.64033500000001, 107.061852, 108.43171699999999], "next": [111.439728, 106.515808, 108.393394, 106.448746], "curr": [111.439728]}, "7": {"past": [100.174088, 101.084152, 103.373688, 107.291748, 109.07354699999999, 106.64033500000001, 107.061852, 108.43171699999999], "next": [111.439728, 106.515808, 108.393394, 106.448746, 105.768593, 105.66323100000001, 106.53495, 104.312485], "curr": [111.439728]}, "15": {"past": [102.176231, 102.48278, 102.83721899999999, 102.82764399999999, 98.976624, 100.72970600000001, 100.365677, 100.787178, 100.174088, 101.084152, 103.373688, 107.291748, 109.07354699999999, 106.64033500000001, 107.061852, 108.43171699999999], "next": [111.439728, 106.515808, 108.393394, 106.448746, 105.768593, 105.66323100000001, 106.53495, 104.312485, 105.433311, 105.37581599999999, 105.48151399999999, 105.923454, 104.280563, 105.443077, 103.01236, 103.32940699999999], "curr": [111.439728]}}