{"3": {"past": [96.758224, 98.95813000000001, 99.04386099999999, 98.06291999999999], "next": [99.234299, 94.986862, 95.053528, 95.872536], "curr": [99.234299]}, "7": {"past": [94.053551, 94.310677, 94.510689, 96.786781, 96.758224, 98.95813000000001, 99.04386099999999, 98.06291999999999], "next": [99.234299, 94.986862, 95.053528, 95.872536, 96.596313, 96.110626, 96.624893, 96.205849], "curr": [99.234299]}, "15": {"past": [94.61544, 94.177368, 94.682106, 96.96772, 96.691559, 95.36779, 92.939308, 92.82504300000001, 94.053551, 94.310677, 94.510689, 96.786781, 96.758224, 98.95813000000001, 99.04386099999999, 98.06291999999999], "next": [99.234299, 94.986862, 95.053528, 95.872536, 96.596313, 96.110626, 96.624893, 96.205849, 97.07249499999999, 97.615326, 97.720078, 97.901512, 99.085655, 100.74726899999999, 96.020279, 98.550896], "curr": [99.234299]}}