{"3": {"past": [72.87236, 74.37254300000001, 73.005287, 75.265045], "next": [74.495972, 84.190125, 85.614349, 87.608253], "curr": [74.495972]}, "7": {"past": [71.172791, 71.82794200000001, 73.40406, 74.448509, 72.87236, 74.37254300000001, 73.005287, 75.265045], "next": [74.495972, 84.190125, 85.614349, 87.608253, 87.228462, 86.41190300000001, 87.36138199999999, 88.29186999999999], "curr": [74.495972]}, "15": {"past": [74.087685, 74.37254300000001, 73.138214, 72.691971, 70.88797, 71.35321, 71.20127099999999, 70.802498, 71.172791, 71.82794200000001, 73.40406, 74.448509, 72.87236, 74.37254300000001, 73.005287, 75.265045], "next": [74.495972, 84.190125, 85.614349, 87.608253, 87.228462, 86.41190300000001, 87.36138199999999, 88.29186999999999, 87.368095, 87.368095, 86.76812, 87.196678, 87.03475999999999, 87.406189, 87.32047299999999, 88.063316], "curr": [74.495972]}}