{"3": {"past": [168.223145, 169.033493, 169.080048, 167.934433], "next": [155.527924, 158.13591, 156.33824199999998, 155.378937], "curr": [155.527924]}, "7": {"past": [161.740448, 165.214661, 166.73286399999998, 167.67363, 168.223145, 169.033493, 169.080048, 167.934433], "next": [155.527924, 158.13591, 156.33824199999998, 155.378937, 155.183304, 157.129974, 158.238373, 160.073242], "curr": [155.527924]}, "15": {"past": [164.180801, 165.242615, 165.298477, 164.981781, 162.457672, 163.184158, 162.876801, 162.84886200000003, 161.740448, 165.214661, 166.73286399999998, 167.67363, 168.223145, 169.033493, 169.080048, 167.934433], "next": [155.527924, 158.13591, 156.33824199999998, 155.378937, 155.183304, 157.129974, 158.238373, 160.073242, 161.06054699999999, 163.323914, 161.423798, 160.73455800000002, 160.566895, 159.92157, 159.958969, 160.267563], "curr": [155.527924]}}