{"3": {"past": [146.267181, 149.347626, 147.159378, 148.11733999999998], "next": [141.195618, 140.876328, 138.537735, 140.819931], "curr": [141.195618]}, "7": {"past": [144.76448100000002, 144.144623, 143.637466, 144.895966, 146.267181, 149.347626, 147.159378, 148.11733999999998], "next": [141.195618, 140.876328, 138.537735, 140.819931, 140.913834, 145.45945700000001, 143.158493, 144.820847], "curr": [141.195618]}, "15": {"past": [145.47825600000002, 146.436218, 146.99031100000002, 148.389694, 149.169205, 147.412979, 144.933563, 146.50198400000002, 144.76448100000002, 144.144623, 143.637466, 144.895966, 146.267181, 149.347626, 147.159378, 148.11733999999998], "next": [141.195618, 140.876328, 138.537735, 140.819931, 140.913834, 145.45945700000001, 143.158493, 144.820847, 143.65625, 143.684418, 143.552948, 143.46843, 145.525177, 144.848999, 145.759995, 143.477829], "curr": [141.195618]}}