{"3": {"past": [54.054825, 54.14856700000001, 54.78605699999999, 55.029793000000005], "next": [54.804802, 52.611111, 52.404869, 51.767387], "curr": [54.804802]}, "7": {"past": [54.232952000000004, 54.373566000000004, 54.795421999999995, 54.270439, 54.054825, 54.14856700000001, 54.78605699999999, 55.029793000000005], "next": [54.804802, 52.611111, 52.404869, 51.767387, 50.529919, 50.501796999999996, 51.617393, 52.245490999999994], "curr": [54.804802]}, "15": {"past": [51.889256, 52.489239000000005, 52.929848, 53.557956999999995, 54.561057999999996, 54.261074, 54.467316000000004, 54.401683999999996, 54.232952000000004, 54.373566000000004, 54.795421999999995, 54.270439, 54.054825, 54.14856700000001, 54.78605699999999, 55.029793000000005], "next": [54.804802, 52.611111, 52.404869, 51.767387, 50.529919, 50.501796999999996, 51.617393, 52.245490999999994, 52.019489, 52.000659999999996, 52.556263, 52.942352, 52.838764000000005, 53.281364, 53.54504, 53.422610999999996], "curr": [54.804802]}}