{"3": {"past": [85.339996, 85.980003, 86.269997, 85.589996], "next": [85.730003, 87.0, 85.75, 86.269997], "curr": [85.730003]}, "7": {"past": [86.199997, 86.790001, 86.540001, 85.629997, 85.339996, 85.980003, 86.269997, 85.589996], "next": [85.730003, 87.0, 85.75, 86.269997, 85.75, 84.980003, 84.470001, 84.139999], "curr": [85.730003]}, "15": {"past": [81.82, 81.269997, 81.91999799999999, 82.949997, 83.260002, 83.82, 85.120003, 85.559998, 86.199997, 86.790001, 86.540001, 85.629997, 85.339996, 85.980003, 86.269997, 85.589996], "next": [85.730003, 87.0, 85.75, 86.269997, 85.75, 84.980003, 84.470001, 84.139999, 83.75, 83.32, 83.760002, 83.559998, 84.18, 83.050003, 82.989998, 83.349998], "curr": [85.730003]}}