{"3": {"past": [67.91999799999999, 67.32, 67.260002, 67.160004], "next": [67.099998, 64.059998, 64.019997, 64.059998], "curr": [67.099998]}, "7": {"past": [71.0, 70.849998, 70.849998, 68.709999, 67.91999799999999, 67.32, 67.260002, 67.160004], "next": [67.099998, 64.059998, 64.019997, 64.059998, 63.540001000000004, 63.060001, 62.68, 62.759997999999996], "curr": [67.099998]}, "15": {"past": [71.269997, 71.650002, 71.900002, 72.690002, 72.639999, 72.08000200000001, 71.400002, 71.779999, 71.0, 70.849998, 70.849998, 68.709999, 67.91999799999999, 67.32, 67.260002, 67.160004], "next": [67.099998, 64.059998, 64.019997, 64.059998, 63.540001000000004, 63.060001, 62.68, 62.759997999999996, 62.5, 62.75, 62.82, 63.049999, 63.360001000000004, 63.860001000000004, 65.290001, 66.309998], "curr": [67.099998]}}