{"3": {"past": [75.93, 77.08000200000001, 77.059998, 76.019997], "next": [82.760002, 78.449997, 78.660004, 77.059998], "curr": [82.760002]}, "7": {"past": [76.410004, 77.459999, 76.550003, 76.559998, 75.93, 77.08000200000001, 77.059998, 76.019997], "next": [82.760002, 78.449997, 78.660004, 77.059998, 75.059998, 71.440002, 71.029999, 71.949997], "curr": [82.760002]}, "15": {"past": [75.650002, 75.970001, 76.300003, 75.480003, 75.889999, 76.199997, 76.650002, 77.540001, 76.410004, 77.459999, 76.550003, 76.559998, 75.93, 77.08000200000001, 77.059998, 76.019997], "next": [82.760002, 78.449997, 78.660004, 77.059998, 75.059998, 71.440002, 71.029999, 71.949997, 72.07, 72.269997, 71.050003, 70.699997, 71.300003, 71.900002, 70.910004, 71.410004], "curr": [82.760002]}}