{"3": {"past": [142.123703, 142.75561499999998, 141.997314, 141.695969], "next": [140.043243, 143.688904, 143.008392, 143.756958], "curr": [140.043243]}, "7": {"past": [140.782074, 141.32650800000002, 142.15287800000002, 143.300049, 142.123703, 142.75561499999998, 141.997314, 141.695969], "next": [140.043243, 143.688904, 143.008392, 143.756958, 141.10289, 142.298676, 142.454239, 142.648666], "curr": [140.043243]}, "15": {"past": [135.853134, 135.396194, 137.194733, 136.65031399999998, 136.591949, 140.344574, 139.216873, 141.355682, 140.782074, 141.32650800000002, 142.15287800000002, 143.300049, 142.123703, 142.75561499999998, 141.997314, 141.695969], "next": [140.043243, 143.688904, 143.008392, 143.756958, 141.10289, 142.298676, 142.454239, 142.648666, 142.075089, 141.1418, 139.907104, 140.169601, 141.93901100000002, 143.33895900000002, 143.309784, 141.316803], "curr": [140.043243]}}