{"3": {"past": [146.746521, 146.190659, 145.96641499999998, 146.444214], "next": [145.118073, 155.766434, 151.50511200000003, 151.017563], "curr": [145.118073]}, "7": {"past": [143.626114, 145.088776, 144.94253500000002, 145.60562099999999, 146.746521, 146.190659, 145.96641499999998, 146.444214], "next": [145.118073, 155.766434, 151.50511200000003, 151.017563, 150.588501, 151.163834, 152.294983, 151.778168], "curr": [145.118073]}, "15": {"past": [142.33895900000002, 144.620758, 145.293579, 142.299957, 141.090775, 142.767975, 142.914261, 143.041046, 143.626114, 145.088776, 144.94253500000002, 145.60562099999999, 146.746521, 146.190659, 145.96641499999998, 146.444214], "next": [145.118073, 155.766434, 151.50511200000003, 151.017563, 150.588501, 151.163834, 152.294983, 151.778168, 152.33398400000002, 152.56800800000002, 152.72401399999998, 150.637238, 151.87567099999998, 152.070694, 150.949295, 152.587509], "curr": [145.118073]}}