{"3": {"past": [55.97681, 55.38709300000001, 55.499413, 55.330929000000005], "next": [56.182743, 55.686634, 56.332519999999995, 55.95809200000001], "curr": [56.182743]}, "7": {"past": [56.875434999999996, 56.323161999999996, 55.855125, 55.65855, 55.97681, 55.38709300000001, 55.499413, 55.330929000000005], "next": [56.182743, 55.686634, 56.332519999999995, 55.95809200000001, 56.735027, 56.744385, 56.491642000000006, 56.360595999999994], "curr": [56.182743]}, "15": {"past": [55.508774, 55.948730000000005, 56.004898, 55.714718000000005, 55.808323, 56.763107, 56.8848, 56.538452, 56.875434999999996, 56.323161999999996, 55.855125, 55.65855, 55.97681, 55.38709300000001, 55.499413, 55.330929000000005], "next": [56.182743, 55.686634, 56.332519999999995, 55.95809200000001, 56.735027, 56.744385, 56.491642000000006, 56.360595999999994, 56.66014499999999, 56.763107, 56.538452, 56.30444, 54.366776, 53.92683, 53.16861, 53.159248], "curr": [56.182743]}}