{"3": {"past": [51.542862, 49.618183, 50.060207, 49.581340999999995], "next": [50.502243, 50.778515000000006, 52.012524, 53.56884399999999], "curr": [50.502243]}, "7": {"past": [50.870605, 51.29422, 51.598114, 51.100834000000006, 51.542862, 49.618183, 50.060207, 49.581340999999995], "next": [50.502243, 50.778515000000006, 52.012524, 53.56884399999999, 53.651718, 53.182076, 52.740035999999996, 52.32563], "curr": [50.502243]}, "15": {"past": [51.929638, 51.091618, 50.364105, 50.511452, 51.100834000000006, 51.699413, 50.557499, 51.137665000000005, 50.870605, 51.29422, 51.598114, 51.100834000000006, 51.542862, 49.618183, 50.060207, 49.581340999999995], "next": [50.502243, 50.778515000000006, 52.012524, 53.56884399999999, 53.651718, 53.182076, 52.740035999999996, 52.32563, 52.620316, 52.334843, 53.38466999999999, 53.154442, 52.859749, 52.426929, 53.163651, 53.191277], "curr": [50.502243]}}