{"3": {"past": [170.110001, 167.990005, 172.419998, 175.58999599999999], "next": [177.66000400000001, 177.41000400000001, 174.75, 172.229996], "curr": [177.66000400000001]}, "7": {"past": [176.58999599999999, 167.570007, 168.809998, 168.58999599999999, 170.110001, 167.990005, 172.419998, 175.58999599999999], "next": [177.66000400000001, 177.41000400000001, 174.75, 172.229996, 172.809998, 170.929993, 178.050003, 176.020004], "curr": [177.66000400000001]}, "15": {"past": [172.119995, 178.979996, 175.169998, 177.520004, 174.330002, 175.949997, 177.529999, 174.509995, 176.58999599999999, 167.570007, 168.809998, 168.58999599999999, 170.110001, 167.990005, 172.419998, 175.58999599999999], "next": [177.66000400000001, 177.41000400000001, 174.75, 172.229996, 172.809998, 170.929993, 178.050003, 176.020004, 176.240005, 175.83999599999999, 179.440002, 177.470001, 180.559998, 185.490005, 185.740005, 184.41000400000001], "curr": [177.66000400000001]}}