{"3": {"past": [183.119995, 187.309998, 190.190002, 192.490005], "next": [189.21000700000002, 175.940002, 180.279999, 178.389999], "curr": [189.21000700000002]}, "7": {"past": [178.360001, 176.820007, 178.940002, 183.490005, 183.119995, 187.309998, 190.190002, 192.490005], "next": [189.21000700000002, 175.940002, 180.279999, 178.389999, 181.470001, 181.83999599999999, 182.649994, 183.940002], "curr": [189.21000700000002]}, "15": {"past": [182.929993, 178.070007, 182.110001, 182.190002, 179.809998, 182.449997, 179.46000700000002, 176.320007, 178.360001, 176.820007, 178.940002, 183.490005, 183.119995, 187.309998, 190.190002, 192.490005], "next": [189.21000700000002, 175.940002, 180.279999, 178.389999, 181.470001, 181.83999599999999, 182.649994, 183.940002, 185.970001, 186.25, 182.940002, 181.91000400000001, 185.190002, 184.669998, 174.16000400000001, 174.169998], "curr": [189.21000700000002]}}