{"3": {"past": [65.440002, 65.290001, 65.980003, 65.839996], "next": [66.260002, 70.660004, 70.510002, 70.980003], "curr": [66.260002]}, "7": {"past": [64.900002, 65.16999799999999, 65.199997, 64.790001, 65.440002, 65.290001, 65.980003, 65.839996], "next": [66.260002, 70.660004, 70.510002, 70.980003, 71.260002, 71.220001, 72.059998, 72.260002], "curr": [66.260002]}, "15": {"past": [62.41, 62.68, 62.200001, 62.5, 62.619999, 62.889998999999996, 62.619999, 64.18, 64.900002, 65.16999799999999, 65.199997, 64.790001, 65.440002, 65.290001, 65.980003, 65.839996], "next": [66.260002, 70.660004, 70.510002, 70.980003, 71.260002, 71.220001, 72.059998, 72.260002, 71.440002, 72.239998, 71.010002, 71.029999, 70.75, 71.08000200000001, 71.349998, 71.389999], "curr": [66.260002]}}