{"3": {"past": [74.489998, 74.41999799999999, 74.959999, 75.120003], "next": [73.400002, 70.93, 70.989998, 72.25], "curr": [73.400002]}, "7": {"past": [74.279999, 73.800003, 74.120003, 74.540001, 74.489998, 74.41999799999999, 74.959999, 75.120003], "next": [73.400002, 70.93, 70.989998, 72.25, 72.599998, 73.029999, 73.529999, 74.370003], "curr": [73.400002]}, "15": {"past": [73.339996, 73.25, 73.660004, 73.699997, 73.940002, 73.75, 73.82, 74.0, 74.279999, 73.800003, 74.120003, 74.540001, 74.489998, 74.41999799999999, 74.959999, 75.120003], "next": [73.400002, 70.93, 70.989998, 72.25, 72.599998, 73.029999, 73.529999, 74.370003, 74.699997, 74.870003, 74.93, 75.82, 75.760002, 75.809998, 76.07, 76.120003], "curr": [73.400002]}}