{"3": {"past": [89.339996, 90.150002, 89.230003, 89.800003], "next": [86.769997, 90.379997, 90.32, 87.720001], "curr": [86.769997]}, "7": {"past": [89.040001, 88.360001, 88.900002, 89.379997, 89.339996, 90.150002, 89.230003, 89.800003], "next": [86.769997, 90.379997, 90.32, 87.720001, 87.339996, 88.650002, 90.33000200000001, 90.510002], "curr": [86.769997]}, "15": {"past": [87.220001, 86.910004, 87.07, 86.900002, 87.279999, 87.82, 87.760002, 87.629997, 89.040001, 88.360001, 88.900002, 89.379997, 89.339996, 90.150002, 89.230003, 89.800003], "next": [86.769997, 90.379997, 90.32, 87.720001, 87.339996, 88.650002, 90.33000200000001, 90.510002, 89.559998, 87.58000200000001, 88.25, 87.980003, 87.860001, 87.91999799999999, 88.370003, 87.099998], "curr": [86.769997]}}