{"3": {"past": [48.936127, 48.222004, 47.799168, 48.466309], "next": [48.005894, 48.475708000000004, 48.09985, 48.09985], "curr": [48.005894]}, "7": {"past": [49.499912, 48.954921999999996, 49.171036, 49.311981, 48.936127, 48.222004, 47.799168, 48.466309], "next": [48.005894, 48.475708000000004, 48.09985, 48.09985, 48.081059, 48.081059, 48.494499, 48.541477], "curr": [48.005894]}, "15": {"past": [47.996497999999995, 48.438126000000004, 48.832775, 48.96431, 49.387153999999995, 49.095863, 49.443527, 49.405952, 49.499912, 48.954921999999996, 49.171036, 49.311981, 48.936127, 48.222004, 47.799168, 48.466309], "next": [48.005894, 48.475708000000004, 48.09985, 48.09985, 48.081059, 48.081059, 48.494499, 48.541477, 48.128036, 49.161640000000006, 48.992508, 49.133457, 49.528090999999996, 49.490505, 49.7724, 49.819382], "curr": [48.005894]}}