{"3": {"past": [52.907227, 52.850166, 53.116505000000004, 53.896511], "next": [51.527943, 50.025017, 51.347221000000005, 51.385265000000004], "curr": [51.527943]}, "7": {"past": [51.88942, 52.184303, 52.127228, 52.022587, 52.907227, 52.850166, 53.116505000000004, 53.896511], "next": [51.527943, 50.025017, 51.347221000000005, 51.385265000000004, 51.546974, 51.385265000000004, 52.250885, 51.461365], "curr": [51.527943]}, "15": {"past": [51.794296, 52.079665999999996, 52.155766, 52.19381, 52.070147999999996, 52.212837, 52.269909000000006, 52.070147999999996, 51.88942, 52.184303, 52.127228, 52.022587, 52.907227, 52.850166, 53.116505000000004, 53.896511], "next": [51.527943, 50.025017, 51.347221000000005, 51.385265000000004, 51.546974, 51.385265000000004, 52.250885, 51.461365, 51.822834, 52.212837, 52.288933, 51.984543, 52.222351, 52.241367, 52.469666000000004, 53.582603000000006], "curr": [51.527943]}}