{"3": {"past": [49.354057, 49.391399, 50.969009, 51.631802], "next": [51.249062, 51.2584, 50.91301, 51.351753], "curr": [51.249062]}, "7": {"past": [49.671448, 49.87682, 49.354057, 49.335392, 49.354057, 49.391399, 50.969009, 51.631802], "next": [51.249062, 51.2584, 50.91301, 51.351753, 50.36224, 50.446259000000005, 50.586277, 50.782322], "curr": [51.249062]}, "15": {"past": [48.448574, 48.653938000000004, 48.915321, 48.644596, 48.961994, 48.728621999999994, 49.344734, 49.596775, 49.671448, 49.87682, 49.354057, 49.335392, 49.354057, 49.391399, 50.969009, 51.631802], "next": [51.249062, 51.2584, 50.91301, 51.351753, 50.36224, 50.446259000000005, 50.586277, 50.782322, 50.810322, 50.950356, 51.295734, 50.623622999999995, 50.614288, 50.670291999999996, 50.810322, 50.595619], "curr": [51.249062]}}