{"3": {"past": [55.28319200000001, 56.66758000000001, 55.744656000000006, 56.033726], "next": [50.504021, 51.380565999999995, 54.215359, 53.972912], "curr": [50.504021]}, "7": {"past": [54.784813, 54.720206999999995, 53.428104000000005, 53.871117000000005, 55.28319200000001, 56.66758000000001, 55.744656000000006, 56.033726], "next": [50.504021, 51.380565999999995, 54.215359, 53.972912, 53.385441, 53.609238, 52.107918, 52.070614], "curr": [50.504021]}, "15": {"past": [58.079655, 57.147503, 57.230568000000005, 55.615444, 54.960167000000006, 54.489475, 54.323353000000004, 55.181667000000004, 54.784813, 54.720206999999995, 53.428104000000005, 53.871117000000005, 55.28319200000001, 56.66758000000001, 55.744656000000006, 56.033726], "next": [50.504021, 51.380565999999995, 54.215359, 53.972912, 53.385441, 53.609238, 52.107918, 52.070614, 52.797966, 57.51639599999999, 55.856548, 55.492869999999996, 58.336994, 58.001301, 56.621204000000006, 56.966221], "curr": [50.504021]}}