{"3": {"past": [50.779423, 50.788559, 51.489971000000004, 50.160957], "next": [51.969891, 51.794533, 51.360766999999996, 52.200626], "curr": [51.969891]}, "7": {"past": [52.549953, 52.82374599999999, 53.608616000000005, 52.814613, 50.779423, 50.788559, 51.489971000000004, 50.160957], "next": [51.969891, 51.794533, 51.360766999999996, 52.200626, 52.182159000000006, 52.108326, 50.03175, 50.770084000000004], "curr": [51.969891]}, "15": {"past": [50.286590999999994, 50.158821, 51.153605999999996, 51.208359, 51.719444, 51.892845, 51.838081, 52.057117, 52.549953, 52.82374599999999, 53.608616000000005, 52.814613, 50.779423, 50.788559, 51.489971000000004, 50.160957], "next": [51.969891, 51.794533, 51.360766999999996, 52.200626, 52.182159000000006, 52.108326, 50.03175, 50.770084000000004, 50.244021999999994, 50.345539, 50.133274, 50.327087, 51.886821999999995, 52.929722, 53.548092000000004, 53.917267], "curr": [51.969891]}}