{"3": {"past": [77.932587, 77.40418199999999, 77.064468, 78.527061], "next": [76.102005, 76.026505, 77.272064, 75.856651], "curr": [76.102005]}, "7": {"past": [76.894615, 76.998413, 77.187157, 78.423286, 77.932587, 77.40418199999999, 77.064468, 78.527061], "next": [76.102005, 76.026505, 77.272064, 75.856651, 75.347122, 76.092552, 75.224434, 75.84722099999999], "curr": [76.102005]}, "15": {"past": [73.742981, 74.39406600000001, 73.827896, 74.620522, 74.95079799999999, 74.771507, 76.61155699999999, 76.639862, 76.894615, 76.998413, 77.187157, 78.423286, 77.932587, 77.40418199999999, 77.064468, 78.527061], "next": [76.102005, 76.026505, 77.272064, 75.856651, 75.347122, 76.092552, 75.224434, 75.84722099999999, 76.337898, 76.13031, 76.61155699999999, 74.346901, 74.224213, 75.186699, 74.441238, 74.979095], "curr": [76.102005]}}