{"3": {"past": [65.010139, 65.309044, 65.869461, 66.952965], "next": [70.212822, 69.801857, 69.587013, 69.362831], "curr": [70.212822]}, "7": {"past": [64.589821, 65.019478, 64.571136, 65.215652, 65.010139, 65.309044, 65.869461, 66.952965], "next": [70.212822, 69.801857, 69.587013, 69.362831, 69.446899, 69.699104, 69.59634399999999, 70.408966], "curr": [70.212822]}, "15": {"past": [64.711258, 64.412346, 64.141472, 63.366203000000006, 63.795876, 62.871159, 63.142036, 64.001373, 64.589821, 65.019478, 64.571136, 65.215652, 65.010139, 65.309044, 65.869461, 66.952965], "next": [70.212822, 69.801857, 69.587013, 69.362831, 69.446899, 69.699104, 69.59634399999999, 70.408966, 70.530403, 70.717224, 69.941948, 70.343597, 70.15677600000001, 70.465027, 70.446342, 70.595802], "curr": [70.212822]}}