{"3": {"past": [87.388329, 87.407028, 89.025177, 89.988564], "next": [90.20369699999999, 89.623779, 89.932449, 91.19515200000001], "curr": [90.20369699999999]}, "7": {"past": [86.63072199999999, 87.537987, 88.136597, 88.174011, 87.388329, 87.407028, 89.025177, 89.988564], "next": [90.20369699999999, 89.623779, 89.932449, 91.19515200000001, 90.423264, 91.016296, 90.696251, 91.110428], "curr": [90.20369699999999]}, "15": {"past": [83.85276, 84.124001, 84.638451, 85.246414, 85.442841, 85.657967, 86.406235, 86.86454, 86.63072199999999, 87.537987, 88.136597, 88.174011, 87.388329, 87.407028, 89.025177, 89.988564], "next": [90.20369699999999, 89.623779, 89.932449, 91.19515200000001, 90.423264, 91.016296, 90.696251, 91.110428, 92.23060600000001, 92.757736, 92.625961, 92.663605, 91.355171, 91.251633, 91.336342, 91.270454], "curr": [90.20369699999999]}}