{"3": {"past": [73.332909, 74.61718, 73.73943299999999, 74.912834], "next": [76.09549, 74.94054399999999, 75.117195, 73.611137], "curr": [76.09549]}, "7": {"past": [72.510605, 71.919273, 72.73234599999999, 73.554649, 73.332909, 74.61718, 73.73943299999999, 74.912834], "next": [76.09549, 74.94054399999999, 75.117195, 73.611137, 73.713387, 73.676201, 74.159637, 73.722702], "curr": [76.09549]}, "15": {"past": [74.432388, 74.24760400000001, 74.469337, 73.988899, 74.007385, 74.404671, 74.035103, 73.369865, 72.510605, 71.919273, 72.73234599999999, 73.554649, 73.332909, 74.61718, 73.73943299999999, 74.912834], "next": [76.09549, 74.94054399999999, 75.117195, 73.611137, 73.713387, 73.676201, 74.159637, 73.722702, 74.02948, 73.871437, 73.86212900000001, 74.828987, 74.74533100000001, 75.014931, 75.814438, 76.48380999999999], "curr": [76.09549]}}