{"3": {"past": [68.28891800000001, 67.82988, 68.628632, 69.528374], "next": [70.767822, 72.144989, 72.769302, 72.094833], "curr": [70.767822]}, "7": {"past": [69.041763, 68.720428, 68.858154, 68.389915, 68.28891800000001, 67.82988, 68.628632, 69.528374], "next": [70.767822, 72.144989, 72.769302, 72.094833, 71.974716, 69.794235, 70.46869699999999, 70.117592], "curr": [70.767822]}, "15": {"past": [68.077766, 66.9944, 67.554443, 67.471802, 66.948479, 68.077766, 68.252213, 68.490913, 69.041763, 68.720428, 68.858154, 68.389915, 68.28891800000001, 67.82988, 68.628632, 69.528374], "next": [70.767822, 72.144989, 72.769302, 72.094833, 71.974716, 69.794235, 70.46869699999999, 70.117592, 70.681198, 70.422501, 70.385536, 70.17304200000001, 69.57247199999999, 69.443138, 69.77574200000001, 69.886612], "curr": [70.767822]}}