{"3": {"past": [49.309269, 50.241585, 50.411095, 49.968486999999996], "next": [50.768947999999995, 50.250999, 50.354591, 50.599438], "curr": [50.768947999999995]}, "7": {"past": [48.857231, 48.471119, 48.452286, 49.026749, 49.309269, 50.241585, 50.411095, 49.968486999999996], "next": [50.768947999999995, 50.250999, 50.354591, 50.599438, 50.279255, 49.780132, 49.817974, 50.168007], "curr": [50.768947999999995]}, "15": {"past": [46.785419, 47.65181, 48.037921999999995, 48.047344, 48.81015, 49.224503000000006, 48.245102, 48.734814, 48.857231, 48.471119, 48.452286, 49.026749, 49.309269, 50.241585, 50.411095, 49.968486999999996], "next": [50.768947999999995, 50.250999, 50.354591, 50.599438, 50.279255, 49.780132, 49.817974, 50.168007, 50.811314, 51.000515, 50.915366999999996, 51.104576, 50.811314, 50.886990000000004, 51.123501, 49.14629], "curr": [50.768947999999995]}}