{"3": {"past": [120.363281, 119.58193999999999, 117.97219799999999, 119.111244], "next": [120.513893, 121.70002, 120.59861000000001, 120.240898], "curr": [120.513893]}, "7": {"past": [119.49271399999999, 120.24089099999999, 119.75136599999999, 119.638428, 120.363281, 119.58193999999999, 117.97219799999999, 119.111244], "next": [120.513893, 121.70002, 120.59861000000001, 120.240898, 122.09539, 123.366234, 123.01792900000001, 124.307602], "curr": [120.513893]}, "15": {"past": [120.848778, 122.08326000000001, 122.260971, 122.784691, 123.270996, 123.327118, 122.476074, 121.690475, 119.49271399999999, 120.24089099999999, 119.75136599999999, 119.638428, 120.363281, 119.58193999999999, 117.97219799999999, 119.111244], "next": [120.513893, 121.70002, 120.59861000000001, 120.240898, 122.09539, 123.366234, 123.01792900000001, 124.307602, 127.159943, 127.37645, 124.99481999999999, 126.65161100000002, 125.681976, 126.698677, 127.22583, 127.03756000000001], "curr": [120.513893]}}