{"3": {"past": [124.52103400000001, 124.232979, 124.047127, 120.887642], "next": [121.919113, 122.997055, 123.48956299999999, 122.578903], "curr": [121.919113]}, "7": {"past": [124.79052, 125.38526200000001, 126.51894399999999, 124.121445, 124.52103400000001, 124.232979, 124.047127, 120.887642], "next": [121.919113, 122.997055, 123.48956299999999, 122.578903, 123.06210300000001, 123.731148, 123.23863200000001, 122.81118000000001], "curr": [121.919113]}, "15": {"past": [123.508987, 124.266434, 124.36803400000001, 123.64753700000001, 125.50606499999999, 125.998573, 125.924225, 126.05431399999999, 124.79052, 125.38526200000001, 126.51894399999999, 124.121445, 124.52103400000001, 124.232979, 124.047127, 120.887642], "next": [121.919113, 122.997055, 123.48956299999999, 122.578903, 123.06210300000001, 123.731148, 123.23863200000001, 122.81118000000001, 123.359482, 121.463776, 121.946976, 121.49166899999999, 122.81118000000001, 123.192223, 122.36515, 123.387352], "curr": [121.919113]}}