{"3": {"past": [124.16880800000001, 124.842178, 124.50551599999999, 123.420647], "next": [126.001823, 125.777382, 126.721962, 125.927025], "curr": [126.001823]}, "7": {"past": [122.812752, 124.26232900000001, 124.786049, 125.47811100000001, 124.16880800000001, 124.842178, 124.50551599999999, 123.420647], "next": [126.001823, 125.777382, 126.721962, 125.927025, 125.515518, 125.263023, 125.609047, 126.78743], "curr": [126.001823]}, "15": {"past": [122.197891, 121.566002, 122.56958799999998, 122.953026, 122.99978600000001, 122.073921, 122.410614, 123.67316399999999, 122.812752, 124.26232900000001, 124.786049, 125.47811100000001, 124.16880800000001, 124.842178, 124.50551599999999, 123.420647], "next": [126.001823, 125.777382, 126.721962, 125.927025, 125.515518, 125.263023, 125.609047, 126.78743, 127.47013899999999, 128.06868, 128.28376799999998, 128.807495, 129.836227, 130.032639, 129.73336799999998, 128.106064], "curr": [126.001823]}}