{"3": {"past": [111.131294, 110.844948, 111.51925700000001, 111.066635], "next": [115.59279599999999, 114.336555, 115.759079, 117.366325], "curr": [115.59279599999999]}, "7": {"past": [112.341347, 112.202805, 112.36905700000001, 111.297569, 111.131294, 110.844948, 111.51925700000001, 111.066635], "next": [115.59279599999999, 114.336555, 115.759079, 117.366325, 117.680374, 117.338623, 117.43099199999999, 117.680374], "curr": [115.59279599999999]}, "15": {"past": [108.94005600000001, 109.279579, 109.683342, 111.32586699999999, 110.949646, 110.344048, 111.41764099999999, 111.768654, 112.341347, 112.202805, 112.36905700000001, 111.297569, 111.131294, 110.844948, 111.51925700000001, 111.066635], "next": [115.59279599999999, 114.336555, 115.759079, 117.366325, 117.680374, 117.338623, 117.43099199999999, 117.680374, 118.62256599999999, 120.174416, 123.508987, 125.10698700000002, 125.550385, 125.46725500000001, 125.96603400000001, 126.030716], "curr": [115.59279599999999]}}