{"3": {"past": [246.19900499999997, 247.498306, 246.019073, 245.979111], "next": [250.696579, 236.05436699999998, 239.78241, 241.011749], "curr": [250.696579]}, "7": {"past": [247.56825299999997, 248.98748799999998, 246.228973, 245.529327, 246.19900499999997, 247.498306, 246.019073, 245.979111], "next": [250.696579, 236.05436699999998, 239.78241, 241.011749, 244.679794, 251.346237, 253.25523399999997, 249.897018], "curr": [250.696579]}, "15": {"past": [242.580917, 239.86235, 240.79185499999997, 243.15060400000002, 242.790802, 244.439911, 245.04959100000002, 244.91966200000002, 247.56825299999997, 248.98748799999998, 246.228973, 245.529327, 246.19900499999997, 247.498306, 246.019073, 245.979111], "next": [250.696579, 236.05436699999998, 239.78241, 241.011749, 244.679794, 251.346237, 253.25523399999997, 249.897018, 246.46885699999999, 246.9086, 245.079605, 248.977493, 235.86448700000003, 235.984421, 232.286392, 239.642502], "curr": [250.696579]}}