{"3": {"past": [97.182167, 97.552132, 97.228401, 97.663116], "next": [98.948776, 99.346489, 99.143005, 98.948776], "curr": [98.948776]}, "7": {"past": [98.5233, 98.319824, 97.737114, 97.589119, 97.182167, 97.552132, 97.228401, 97.663116], "next": [98.948776, 99.346489, 99.143005, 98.948776, 99.993942, 99.540718, 100.086426, 100.20665699999999], "curr": [98.948776]}, "15": {"past": [97.071159, 96.821426, 96.97867600000001, 97.274635, 97.71862, 97.3209, 97.644623, 97.39489, 98.5233, 98.319824, 97.737114, 97.589119, 97.182167, 97.552132, 97.228401, 97.663116], "next": [98.948776, 99.346489, 99.143005, 98.948776, 99.993942, 99.540718, 100.086426, 100.20665699999999, 100.632141, 99.568474, 99.198502, 100.336159, 100.418015, 101.069183, 101.301727, 100.278488], "curr": [98.948776]}}