{"3": {"past": [102.59674100000001, 102.690865, 102.916725, 102.2015], "next": [96.809105, 97.947807, 98.559517, 99.924072], "curr": [96.809105]}, "7": {"past": [104.40364100000001, 104.29070300000001, 103.566071, 102.907318, 102.59674100000001, 102.690865, 102.916725, 102.2015], "next": [96.809105, 97.947807, 98.559517, 99.924072, 100.441681, 100.309914, 99.67939799999999, 98.230125], "curr": [96.809105]}, "15": {"past": [101.862717, 102.502655, 102.24855, 101.533333, 102.606171, 103.067284, 103.490776, 103.584877, 104.40364100000001, 104.29070300000001, 103.566071, 102.907318, 102.59674100000001, 102.690865, 102.916725, 102.2015], "next": [96.809105, 97.947807, 98.559517, 99.924072, 100.441681, 100.309914, 99.67939799999999, 98.230125, 99.726448, 101.40158100000001, 101.420395, 102.2015, 101.806236, 103.38726, 101.091026, 103.23667900000001], "curr": [96.809105]}}