{"3": {"past": [101.20871700000001, 99.906403, 100.873825, 100.892433], "next": [99.999413, 99.88777900000001, 100.650574, 99.580803], "curr": [99.999413]}, "7": {"past": [100.650574, 101.11569200000001, 101.831963, 101.050575, 101.20871700000001, 99.906403, 100.873825, 100.892433], "next": [99.999413, 99.88777900000001, 100.650574, 99.580803, 99.590111, 99.292465, 99.79476899999999, 100.04592099999999], "curr": [99.999413]}, "15": {"past": [101.320335, 100.827324, 101.459877, 101.28312700000001, 101.87846400000001, 100.76220699999999, 100.845924, 101.441261, 100.650574, 101.11569200000001, 101.831963, 101.050575, 101.20871700000001, 99.906403, 100.873825, 100.892433], "next": [99.999413, 99.88777900000001, 100.650574, 99.580803, 99.590111, 99.292465, 99.79476899999999, 100.04592099999999, 99.53429399999999, 98.98548100000001, 99.190125, 99.1157, 99.599426, 100.324997, 99.729652, 101.180801], "curr": [99.999413]}}