{"3": {"past": [21.185329, 20.811588, 20.595211, 20.506691], "next": [21.972158, 22.267220000000002, 22.100016, 22.011495999999998], "curr": [21.972158]}, "7": {"past": [20.752579, 21.057474, 20.683730999999998, 21.293518, 21.185329, 20.811588, 20.595211, 20.506691], "next": [21.972158, 22.267220000000002, 22.100016, 22.011495999999998, 22.119692, 22.188536, 22.267220000000002, 22.12952], "curr": [21.972158]}, "15": {"past": [20.595211, 20.575539000000003, 20.752579, 20.880436, 21.421381, 21.539404, 20.713234, 20.811588, 20.752579, 21.057474, 20.683730999999998, 21.293518, 21.185329, 20.811588, 20.595211, 20.506691], "next": [21.972158, 22.267220000000002, 22.100016, 22.011495999999998, 22.119692, 22.188536, 22.267220000000002, 22.12952, 22.463923, 22.896681, 22.621288, 22.011495999999998, 22.109852, 22.562281, 22.650797, 23.221249], "curr": [21.972158]}}