{"3": {"past": [26.587315000000004, 26.616404, 26.112194, 26.054016], "next": [24.192326, 22.912411, 22.611826, 22.737876999999997], "curr": [24.192326]}, "7": {"past": [26.277033000000003, 25.860088, 26.267336, 26.703671000000003, 26.587315000000004, 26.616404, 26.112194, 26.054016], "next": [24.192326, 22.912411, 22.611826, 22.737876999999997, 22.825142, 22.776657, 22.747572, 22.980288], "curr": [24.192326]}, "15": {"past": [27.973888, 28.061155, 27.818752000000003, 27.295146999999996, 26.626101000000002, 26.52914, 26.218854999999998, 26.01523, 26.277033000000003, 25.860088, 26.267336, 26.703671000000003, 26.587315000000004, 26.616404, 26.112194, 26.054016], "next": [24.192326, 22.912411, 22.611826, 22.737876999999997, 22.825142, 22.776657, 22.747572, 22.980288, 22.214275, 22.737876999999997, 22.699092999999998, 22.117307999999998, 22.156095999999998, 22.931803, 22.398502, 22.611826], "curr": [24.192326]}}