{"3": {"past": [23.032495, 23.305757999999997, 23.588787, 23.559510999999997], "next": [22.339569, 21.71496, 21.783278, 22.037024], "curr": [22.339569]}, "7": {"past": [23.842537, 23.783981, 23.579027, 23.637583, 23.032495, 23.305757999999997, 23.588787, 23.559510999999997], "next": [22.339569, 21.71496, 21.783278, 22.037024, 21.441692, 21.022033999999998, 20.748766, 20.114397], "curr": [22.339569]}, "15": {"past": [23.227682, 23.100811, 23.003220000000002, 23.276482, 23.149612, 23.383841, 23.393595, 23.949894, 23.842537, 23.783981, 23.579027, 23.637583, 23.032495, 23.305757999999997, 23.588787, 23.559510999999997], "next": [22.339569, 21.71496, 21.783278, 22.037024, 21.441692, 21.022033999999998, 20.748766, 20.114397, 19.850887, 19.821606, 19.675210999999997, 20.075359, 19.616657, 19.382433, 19.382433, 19.460507999999997], "curr": [22.339569]}}