{"3": {"past": [153.996231, 153.679047, 155.958862, 157.415955], "next": [166.535187, 165.236664, 163.878738, 165.15739399999998], "curr": [166.535187]}, "7": {"past": [150.844131, 152.3508, 151.924591, 153.10411100000002, 153.996231, 153.679047, 155.958862, 157.415955], "next": [166.535187, 165.236664, 163.878738, 165.15739399999998, 165.781845, 166.842468, 168.62666299999998, 169.558426], "curr": [166.535187]}, "15": {"past": [153.223083, 151.37944, 151.41906699999998, 151.607407, 151.766022, 152.103012, 151.528076, 151.121689, 150.844131, 152.3508, 151.924591, 153.10411100000002, 153.996231, 153.679047, 155.958862, 157.415955], "next": [166.535187, 165.236664, 163.878738, 165.15739399999998, 165.781845, 166.842468, 168.62666299999998, 169.558426, 168.894302, 170.6091, 169.469223, 169.508865, 170.014389, 170.747879, 170.757813, 169.469223], "curr": [166.535187]}}