{"3": {"past": [95.162369, 97.09185, 98.02765699999999, 97.612808], "next": [99.059921, 101.085892, 101.047302, 99.53265400000001], "curr": [99.059921]}, "7": {"past": [94.583511, 94.361626, 95.538605, 94.882591, 95.162369, 97.09185, 98.02765699999999, 97.612808], "next": [99.059921, 101.085892, 101.047302, 99.53265400000001, 100.034317, 99.94749499999999, 99.79312900000001, 99.12745699999999], "curr": [99.059921]}, "15": {"past": [94.786118, 95.51933299999999, 95.895576, 95.22024499999999, 94.824699, 94.351974, 95.08518199999999, 94.844002, 94.583511, 94.361626, 95.538605, 94.882591, 95.162369, 97.09185, 98.02765699999999, 97.612808], "next": [99.059921, 101.085892, 101.047302, 99.53265400000001, 100.034317, 99.94749499999999, 99.79312900000001, 99.12745699999999, 99.368645, 99.117813, 99.021332, 99.166046, 99.764198, 101.529671, 101.12447399999999, 101.539322], "curr": [99.059921]}}