{"3": {"past": [104.83874499999999, 105.272888, 103.893303, 102.600533], "next": [103.20832800000001, 99.204643, 97.77681700000001, 98.394257], "curr": [103.20832800000001]}, "7": {"past": [106.121857, 106.08326699999999, 106.054321, 106.71035800000001, 104.83874499999999, 105.272888, 103.893303, 102.600533], "next": [103.20832800000001, 99.204643, 97.77681700000001, 98.394257, 97.825058, 97.931175, 98.596848, 97.805763], "curr": [103.20832800000001]}, "15": {"past": [101.095535, 102.02169, 103.053963, 103.57494399999999, 103.31444499999999, 103.227631, 102.668068, 103.169739, 106.121857, 106.08326699999999, 106.054321, 106.71035800000001, 104.83874499999999, 105.272888, 103.893303, 102.600533], "next": [103.20832800000001, 99.204643, 97.77681700000001, 98.394257, 97.825058, 97.931175, 98.596848, 97.805763, 97.149727, 97.603157, 99.146751, 97.921532, 97.940826, 98.799454, 98.944153, 98.953804], "curr": [103.20832800000001]}}