{"3": {"past": [106.88958000000001, 106.45864099999999, 107.243874, 106.698044], "next": [107.320503, 105.012642, 104.936035, 105.041367], "curr": [107.320503]}, "7": {"past": [110.930725, 110.700897, 109.867775, 109.523026, 106.88958000000001, 106.45864099999999, 107.243874, 106.698044], "next": [107.320503, 105.012642, 104.936035, 105.041367, 104.505096, 103.40383100000001, 101.804604, 102.158928], "curr": [107.320503]}, "15": {"past": [108.958031, 109.35066200000001, 108.910156, 109.92523200000001, 109.590057, 108.881424, 110.29870600000001, 110.681747, 110.930725, 110.700897, 109.867775, 109.523026, 106.88958000000001, 106.45864099999999, 107.243874, 106.698044], "next": [107.320503, 105.012642, 104.936035, 105.041367, 104.505096, 103.40383100000001, 101.804604, 102.158928, 102.963326, 103.06867199999999, 102.484512, 103.145271, 102.723923, 103.815605, 103.748573, 103.365532], "curr": [107.320503]}}