{"3": {"past": [106.58313799999999, 105.92238600000002, 105.625519, 104.92645300000001], "next": [104.3806, 104.3806, 104.849838, 104.629601], "curr": [104.3806]}, "7": {"past": [103.480438, 104.667885, 106.23838799999999, 105.960678, 106.58313799999999, 105.92238600000002, 105.625519, 104.92645300000001], "next": [104.3806, 104.3806, 104.849838, 104.629601, 105.00306699999999, 105.654243, 105.510605, 106.018143], "curr": [104.3806]}, "15": {"past": [103.480438, 103.394257, 103.57621, 102.733498, 103.097397, 102.580269, 103.327225, 103.46129599999999, 103.480438, 104.667885, 106.23838799999999, 105.960678, 106.58313799999999, 105.92238600000002, 105.625519, 104.92645300000001], "next": [104.3806, 104.3806, 104.849838, 104.629601, 105.00306699999999, 105.654243, 105.510605, 106.018143, 105.395676, 105.34780900000001, 105.45313999999999, 105.079674, 105.644669, 105.558472, 105.42440800000001, 106.334152], "curr": [104.3806]}}