{"3": {"past": [86.69277199999999, 87.58824200000001, 88.29521899999999, 87.79563900000001], "next": [80.15097800000001, 80.895653, 81.234993, 80.999352], "curr": [80.15097800000001]}, "7": {"past": [87.19236, 86.956703, 87.145218, 85.83498399999999, 86.69277199999999, 87.58824200000001, 88.29521899999999, 87.79563900000001], "next": [80.15097800000001, 80.895653, 81.234993, 80.999352, 81.970238, 84.119415, 84.82637, 85.816124], "curr": [80.15097800000001]}, "15": {"past": [86.787018, 86.881287, 85.778419, 87.18293800000001, 86.155479, 87.154648, 87.61653100000001, 86.739891, 87.19236, 86.956703, 87.145218, 85.83498399999999, 86.69277199999999, 87.58824200000001, 88.29521899999999, 87.79563900000001], "next": [80.15097800000001, 80.895653, 81.234993, 80.999352, 81.970238, 84.119415, 84.82637, 85.816124, 86.343987, 86.97554000000001, 88.28578900000001, 89.256699, 87.79563900000001, 86.57022099999999, 86.249741, 85.797279], "curr": [80.15097800000001]}}