{"3": {"past": [49.897403999999995, 50.453632, 49.408314000000004, 51.335918], "next": [51.211246, 55.171969999999995, 54.299271, 53.819759], "curr": [51.211246]}, "7": {"past": [49.408314000000004, 50.137157, 49.68642, 49.715191, 49.897403999999995, 50.453632, 49.408314000000004, 51.335918], "next": [51.211246, 55.171969999999995, 54.299271, 53.819759, 53.886887, 53.3978, 53.234764, 54.654102], "curr": [51.211246]}, "15": {"past": [52.70731, 50.827644, 49.38913, 48.967159, 48.583557, 47.998562, 47.941025, 48.286266, 49.408314000000004, 50.137157, 49.68642, 49.715191, 49.897403999999995, 50.453632, 49.408314000000004, 51.335918], "next": [51.211246, 55.171969999999995, 54.299271, 53.819759, 53.886887, 53.3978, 53.234764, 54.654102, 54.289680000000004, 53.445747, 53.21559499999999, 51.009857000000004, 51.297565000000006, 51.81543, 50.434452, 51.527725], "curr": [51.211246]}}