{"3": {"past": [71.342377, 70.74301899999999, 70.857178, 70.086578], "next": [68.849815, 70.124626, 69.715538, 69.715538], "curr": [68.849815]}, "7": {"past": [71.561188, 71.075989, 71.50410500000001, 71.57069399999999, 71.342377, 70.74301899999999, 70.857178, 70.086578], "next": [68.849815, 70.124626, 69.715538, 69.715538, 69.62039200000001, 69.477707, 69.962914, 70.638367], "curr": [68.849815]}, "15": {"past": [71.703888, 72.6362, 72.778915, 72.255669, 72.35078399999999, 73.597084, 72.693314, 71.1521, 71.561188, 71.075989, 71.50410500000001, 71.57069399999999, 71.342377, 70.74301899999999, 70.857178, 70.086578], "next": [68.849815, 70.124626, 69.715538, 69.715538, 69.62039200000001, 69.477707, 69.962914, 70.638367, 69.60137900000001, 69.829712, 69.192299, 67.40373199999999, 68.669044, 69.373047, 68.783203, 67.771408], "curr": [68.849815]}}