{"3": {"past": [56.318084999999996, 56.761458999999995, 56.318084999999996, 56.192787], "next": [55.826519, 55.277122, 56.15423199999999, 58.303635], "curr": [55.826519]}, "7": {"past": [56.693993000000006, 56.5205, 56.963871, 56.559052, 56.318084999999996, 56.761458999999995, 56.318084999999996, 56.192787], "next": [55.826519, 55.277122, 56.15423199999999, 58.303635, 58.081947, 57.137370999999995, 57.503631999999996, 56.838573], "curr": [55.826519]}, "15": {"past": [60.906040000000004, 59.942181000000005, 60.192791, 58.843391000000004, 58.043392000000004, 58.120499, 57.281952000000004, 56.096396999999996, 56.693993000000006, 56.5205, 56.963871, 56.559052, 56.318084999999996, 56.761458999999995, 56.318084999999996, 56.192787], "next": [55.826519, 55.277122, 56.15423199999999, 58.303635, 58.081947, 57.137370999999995, 57.503631999999996, 56.838573, 57.465073, 57.002426, 58.448207999999994, 59.643391, 60.404839, 59.11326999999999, 59.421707, 60.568691], "curr": [55.826519]}}