{"3": {"past": [61.958351, 62.616969999999995, 62.578777, 62.006069], "next": [62.330608, 59.342937, 59.094765, 58.60795600000001], "curr": [62.330608]}, "7": {"past": [60.650642000000005, 60.660191000000005, 60.812912, 61.137463000000004, 61.958351, 62.616969999999995, 62.578777, 62.006069], "next": [62.330608, 59.342937, 59.094765, 58.60795600000001, 59.791565000000006, 59.753387, 58.741589000000005, 59.132946], "curr": [62.330608]}, "15": {"past": [65.079636, 65.852814, 65.146469, 66.368263, 66.759628, 67.208252, 67.265511, 61.671989, 60.650642000000005, 60.660191000000005, 60.812912, 61.137463000000004, 61.958351, 62.616969999999995, 62.578777, 62.006069], "next": [62.330608, 59.342937, 59.094765, 58.60795600000001, 59.791565000000006, 59.753387, 58.741589000000005, 59.132946, 58.856136, 59.02794599999999, 58.178413, 57.519794, 57.338440000000006, 56.55572900000001, 56.021187, 55.104839], "curr": [62.330608]}}