{"3": {"past": [180.56691, 182.28479, 185.071213, 189.822113], "next": [202.102112, 203.376129, 206.811905, 208.053055], "curr": [202.102112]}, "7": {"past": [180.747726, 180.00798, 178.04350300000002, 177.870895, 180.56691, 182.28479, 185.071213, 189.822113], "next": [202.102112, 203.376129, 206.811905, 208.053055, 207.305069, 205.652939, 206.318726, 207.50235], "curr": [202.102112]}, "15": {"past": [207.32974199999998, 205.241974, 206.220093, 206.935181, 186.501404, 183.95336899999998, 185.11231999999998, 182.20259099999998, 180.747726, 180.00798, 178.04350300000002, 177.870895, 180.56691, 182.28479, 185.071213, 189.822113], "next": [202.102112, 203.376129, 206.811905, 208.053055, 207.305069, 205.652939, 206.318726, 207.50235, 205.274857, 209.269547, 209.97644, 209.28599499999999, 206.302292, 208.19278, 208.940765, 208.50512700000002], "curr": [202.102112]}}