{"3": {"past": [14.65, 14.63, 14.71, 14.66], "next": [15.82, 16.610001, 16.48, 17.540001], "curr": [15.82]}, "7": {"past": [14.3, 14.4, 14.44, 14.54, 14.65, 14.63, 14.71, 14.66], "next": [15.82, 16.610001, 16.48, 17.540001, 18.24, 18.57, 18.48, 18.690001000000002], "curr": [15.82]}, "15": {"past": [14.84, 14.69, 14.53, 14.39, 14.29, 14.36, 14.31, 14.42, 14.3, 14.4, 14.44, 14.54, 14.65, 14.63, 14.71, 14.66], "next": [15.82, 16.610001, 16.48, 17.540001, 18.24, 18.57, 18.48, 18.690001000000002, 18.309998999999998, 18.370001000000002, 18.540001, 18.389999, 18.610001, 19.23, 19.49, 18.280001000000002], "curr": [15.82]}}