{"3": {"past": [20.110001, 20.0, 19.969998999999998, 19.610001], "next": [16.84, 16.75, 16.09, 16.209999], "curr": [16.84]}, "7": {"past": [19.940001000000002, 19.98, 20.120001000000002, 20.530001000000002, 20.110001, 20.0, 19.969998999999998, 19.610001], "next": [16.84, 16.75, 16.09, 16.209999, 16.07, 16.18, 16.290001, 16.4], "curr": [16.84]}, "15": {"past": [17.82, 17.92, 18.02, 18.08, 18.639999, 19.25, 19.32, 19.639999, 19.940001000000002, 19.98, 20.120001000000002, 20.530001000000002, 20.110001, 20.0, 19.969998999999998, 19.610001], "next": [16.84, 16.75, 16.09, 16.209999, 16.07, 16.18, 16.290001, 16.4, 16.15, 16.139999, 15.75, 15.92, 16.09, 15.95, 16.16, 15.87], "curr": [16.84]}}