{"3": {"past": [17.610001, 17.93, 18.26, 18.719998999999998], "next": [16.41, 15.58, 15.81, 16.52], "curr": [16.41]}, "7": {"past": [16.940001000000002, 17.620001000000002, 17.24, 17.780001000000002, 17.610001, 17.93, 18.26, 18.719998999999998], "next": [16.41, 15.58, 15.81, 16.52, 16.74, 16.35, 16.620001000000002, 16.42], "curr": [16.41]}, "15": {"past": [17.110001, 16.790001, 16.58, 16.610001, 16.52, 16.73, 16.809998999999998, 16.57, 16.940001000000002, 17.620001000000002, 17.24, 17.780001000000002, 17.610001, 17.93, 18.26, 18.719998999999998], "next": [16.41, 15.58, 15.81, 16.52, 16.74, 16.35, 16.620001000000002, 16.42, 16.08, 16.030001000000002, 15.98, 16.059998999999998, 15.77, 15.79, 15.79, 15.75], "curr": [16.41]}}