{"3": {"past": [48.798744, 48.667927, 48.621196999999995, 48.247406], "next": [48.667927, 49.041717999999996, 48.705299, 49.331398], "curr": [48.667927]}, "7": {"past": [49.023026, 48.882853999999995, 48.378227, 48.499718, 48.798744, 48.667927, 48.621196999999995, 48.247406], "next": [48.667927, 49.041717999999996, 48.705299, 49.331398, 49.686508, 48.994987, 48.994987, 49.125820000000004], "curr": [48.667927]}, "15": {"past": [47.408451, 47.789505, 48.574471, 48.387569, 48.518398, 49.135166, 49.209911, 48.761371999999994, 49.023026, 48.882853999999995, 48.378227, 48.499718, 48.798744, 48.667927, 48.621196999999995, 48.247406], "next": [48.667927, 49.041717999999996, 48.705299, 49.331398, 49.686508, 48.994987, 48.994987, 49.125820000000004, 49.32206, 49.480927, 49.518303, 49.228611, 49.639786, 49.639786, 49.705193, 49.742569], "curr": [48.667927]}}