{"3": {"past": [47.120346000000005, 46.45118, 46.971638, 46.283885999999995], "next": [46.181656, 47.101760999999996, 46.943748, 47.919621], "curr": [46.181656]}, "7": {"past": [47.724449, 47.538574, 47.194691, 47.296921000000005, 47.120346000000005, 46.45118, 46.971638, 46.283885999999995], "next": [46.181656, 47.101760999999996, 46.943748, 47.919621, 48.449375, 48.440083, 48.254204, 47.659386], "curr": [46.181656]}, "15": {"past": [48.256725, 48.728190999999995, 48.096207, 48.440083, 47.86385, 47.910332000000004, 47.826675, 47.436333000000005, 47.724449, 47.538574, 47.194691, 47.296921000000005, 47.120346000000005, 46.45118, 46.971638, 46.283885999999995], "next": [46.181656, 47.101760999999996, 46.943748, 47.919621, 48.449375, 48.440083, 48.254204, 47.659386, 48.049732, 47.928913, 48.523731, 48.616669, 48.114796000000005, 48.328552, 47.938206, 48.300671], "curr": [46.181656]}}