{"3": {"past": [278.149994, 275.589996, 269.920013, 275.47000099999997], "next": [273.769989, 286.420013, 286.910004, 285.380005], "curr": [273.769989]}, "7": {"past": [275.690002, 273.429993, 274.829987, 277.450012, 278.149994, 275.589996, 269.920013, 275.47000099999997], "next": [273.769989, 286.420013, 286.910004, 285.380005, 287.77999900000003, 286.320007, 288.809998, 285.709991], "curr": [273.769989]}, "15": {"past": [271.459991, 273.640015, 272.089996, 275.149994, 277.26001, 277.190002, 274.600006, 276.329987, 275.690002, 273.429993, 274.829987, 277.450012, 278.149994, 275.589996, 269.920013, 275.47000099999997], "next": [273.769989, 286.420013, 286.910004, 285.380005, 287.77999900000003, 286.320007, 288.809998, 285.709991, 281.27999900000003, 283.26001, 281.22000099999997, 281.52999900000003, 280.140015, 282.859985, 283.429993, 285.51001], "curr": [273.769989]}}