{"3": {"past": [210.36999500000002, 206.690002, 217.07000699999998, 223.100006], "next": [221.710007, 212.580002, 221.63999900000002, 223.97000099999997], "curr": [221.710007]}, "7": {"past": [215.100006, 209.16000400000001, 209.960007, 212.30000299999998, 210.36999500000002, 206.690002, 217.07000699999998, 223.100006], "next": [221.710007, 212.580002, 221.63999900000002, 223.97000099999997, 223.13999900000002, 221.58999599999999, 224.539993, 216.13999900000002], "curr": [221.710007]}, "15": {"past": [198.009995, 195.899994, 199.190002, 200.759995, 198.029999, 199.050003, 199.990005, 205.96000700000002, 215.100006, 209.16000400000001, 209.960007, 212.30000299999998, 210.36999500000002, 206.690002, 217.07000699999998, 223.100006], "next": [221.710007, 212.580002, 221.63999900000002, 223.97000099999997, 223.13999900000002, 221.58999599999999, 224.539993, 216.13999900000002, 214.86999500000002, 215.02999900000003, 217.169998, 218.25, 222.66000400000001, 227.47000099999997, 226.0, 228.57000699999998], "curr": [221.710007]}}