{"3": {"past": [102.853081, 102.369293, 103.345978, 102.497086], "next": [98.389534, 100.096466, 100.671509, 100.561966], "curr": [98.389534]}, "7": {"past": [102.25975, 102.077202, 103.13604699999999, 102.761787, 102.853081, 102.369293, 103.345978, 102.497086], "next": [98.389534, 100.096466, 100.671509, 100.561966, 101.556923, 101.79424300000001, 102.278023, 102.104584], "curr": [98.389534]}, "15": {"past": [100.881454, 99.713081, 100.735405, 100.598495, 100.47069499999999, 100.927086, 101.46563, 102.60662099999999, 102.25975, 102.077202, 103.13604699999999, 102.761787, 102.853081, 102.369293, 103.345978, 102.497086], "next": [98.389534, 100.096466, 100.671509, 100.561966, 101.556923, 101.79424300000001, 102.278023, 102.104584, 102.131966, 102.60662099999999, 101.999702, 102.477882, 104.546951, 104.997528, 105.530891, 103.838852], "curr": [98.389534]}}