{"3": {"past": [112.773201, 113.066544, 114.429146, 114.39128899999999], "next": [113.30310800000001, 112.593422, 113.482887, 112.669128], "curr": [113.30310800000001]}, "7": {"past": [112.432549, 112.337944, 112.61235, 112.943542, 112.773201, 113.066544, 114.429146, 114.39128899999999], "next": [113.30310800000001, 112.593422, 113.482887, 112.669128, 113.388268, 113.32202099999999, 113.662682, 114.93063400000001], "curr": [113.30310800000001]}, "15": {"past": [111.259224, 111.38223300000001, 111.30653400000001, 111.81750500000001, 111.87428999999999, 112.25277700000001, 111.770195, 111.42008200000001, 112.432549, 112.337944, 112.61235, 112.943542, 112.773201, 113.066544, 114.429146, 114.39128899999999], "next": [113.30310800000001, 112.593422, 113.482887, 112.669128, 113.388268, 113.32202099999999, 113.662682, 114.93063400000001, 114.5616, 113.918182, 114.258812, 113.814079, 112.00676000000001, 111.760719, 110.776634, 112.41363500000001], "curr": [113.30310800000001]}}