{"3": {"past": [115.760506, 115.167984, 116.146126, 115.80754099999999], "next": [113.258698, 112.431046, 111.631592, 111.80088], "curr": [113.258698]}, "7": {"past": [115.75111399999999, 116.07089199999999, 115.788734, 115.33728, 115.760506, 115.167984, 116.146126, 115.80754099999999], "next": [113.258698, 112.431046, 111.631592, 111.80088, 111.51873, 111.81028, 113.19286299999999, 113.89826200000002], "curr": [113.258698]}, "15": {"past": [114.848198, 114.819984, 115.48776200000002, 114.641281, 115.318459, 115.741699, 116.193169, 116.35305, 115.75111399999999, 116.07089199999999, 115.788734, 115.33728, 115.760506, 115.167984, 116.146126, 115.80754099999999], "next": [113.258698, 112.431046, 111.631592, 111.80088, 111.51873, 111.81028, 113.19286299999999, 113.89826200000002, 114.265068, 111.471703, 111.161324, 110.230179, 109.81636, 109.938629, 110.183159, 109.063934], "curr": [113.258698]}}