{"3": {"past": [60.242413, 59.396038, 59.343143000000005, 60.15424300000001], "next": [57.976597, 57.632759, 57.676834, 57.756191], "curr": [57.976597]}, "7": {"past": [58.249905000000005, 58.399784, 58.408592000000006, 59.828037, 60.242413, 59.396038, 59.343143000000005, 60.15424300000001], "next": [57.976597, 57.632759, 57.676834, 57.756191, 57.403538, 57.694477, 59.140358, 59.616451], "curr": [57.976597]}, "15": {"past": [58.770077, 58.514407999999996, 58.655453, 59.140358, 58.646626, 58.532028000000004, 58.355701, 58.849419, 58.249905000000005, 58.399784, 58.408592000000006, 59.828037, 60.242413, 59.396038, 59.343143000000005, 60.15424300000001], "next": [57.976597, 57.632759, 57.676834, 57.756191, 57.403538, 57.694477, 59.140358, 59.616451, 59.4842, 59.724743000000004, 60.241455, 60.366172999999996, 59.332752, 58.343872, 59.038757, 58.80713299999999], "curr": [57.976597]}}