{"3": {"past": [61.027149, 60.937115000000006, 61.621407, 61.216236], "next": [60.856075, 60.045761, 62.098606000000004, 61.963531], "curr": [60.856075]}, "7": {"past": [60.712029, 60.784054000000005, 61.252251, 60.79306, 61.027149, 60.937115000000006, 61.621407, 61.216236], "next": [60.856075, 60.045761, 62.098606000000004, 61.963531, 61.67541899999999, 61.67541899999999, 61.702422999999996, 61.857082], "curr": [60.856075]}, "15": {"past": [60.387905, 59.838665, 61.387302000000005, 61.306274, 61.16222, 61.252251, 61.027149, 61.261253, 60.712029, 60.784054000000005, 61.252251, 60.79306, 61.027149, 60.937115000000006, 61.621407, 61.216236], "next": [60.856075, 60.045761, 62.098606000000004, 61.963531, 61.67541899999999, 61.67541899999999, 61.702422999999996, 61.857082, 61.666042000000004, 60.883739, 60.219688, 60.174206000000005, 60.756381999999995, 61.083866, 60.028656000000005, 58.718742000000006], "curr": [60.856075]}}