{"3": {"past": [56.562111, 57.10554499999999, 58.11224, 59.528751], "next": [58.646774, 57.818256000000005, 58.192417000000006, 57.559895], "curr": [58.646774]}, "7": {"past": [58.023159, 57.622257, 58.076611, 57.150089, 56.562111, 57.10554499999999, 58.11224, 59.528751], "next": [58.646774, 57.818256000000005, 58.192417000000006, 57.559895, 57.337177000000004, 57.452988, 57.818256000000005, 57.346081000000005], "curr": [58.646774]}, "15": {"past": [59.056582999999996, 59.003131999999994, 58.62896, 57.987522, 57.9697, 58.415142, 58.219151000000004, 58.468586, 58.023159, 57.622257, 58.076611, 57.150089, 56.562111, 57.10554499999999, 58.11224, 59.528751], "next": [58.646774, 57.818256000000005, 58.192417000000006, 57.559895, 57.337177000000004, 57.452988, 57.818256000000005, 57.346081000000005, 58.210236, 58.896225, 59.359474, 59.404022, 59.11002, 59.172394, 59.019325, 58.109962], "curr": [58.646774]}}