{"3": {"past": [105.599998, 106.690002, 107.370003, 107.360001], "next": [107.900002, 104.410004, 106.349998, 103.519997], "curr": [107.900002]}, "7": {"past": [102.699997, 102.83000200000001, 104.199997, 104.400002, 105.599998, 106.690002, 107.370003, 107.360001], "next": [107.900002, 104.410004, 106.349998, 103.519997, 104.190002, 104.220001, 104.66999799999999, 106.089996], "curr": [107.900002]}, "15": {"past": [100.129997, 101.959999, 102.489998, 102.389999, 100.370003, 100.400002, 100.910004, 102.269997, 102.699997, 102.83000200000001, 104.199997, 104.400002, 105.599998, 106.690002, 107.370003, 107.360001], "next": [107.900002, 104.410004, 106.349998, 103.519997, 104.190002, 104.220001, 104.66999799999999, 106.089996, 106.18, 106.470001, 107.599998, 107.690002, 107.550003, 108.239998, 109.339996, 107.889999], "curr": [107.900002]}}