{"3": {"past": [78.465012, 78.85084499999999, 78.920998, 79.184067], "next": [81.043098, 75.825546, 77.868721, 77.68], "curr": [81.043098]}, "7": {"past": [79.052536, 79.517288, 78.973618, 78.728081, 78.465012, 78.85084499999999, 78.920998, 79.184067], "next": [81.043098, 75.825546, 77.868721, 77.68, 77.650002, 79.110001, 78.599998, 79.779999], "curr": [81.043098]}, "15": {"past": [78.728081, 79.517288, 78.166862, 77.886261, 78.228249, 78.54393, 78.912231, 79.01745600000001, 79.052536, 79.517288, 78.973618, 78.728081, 78.465012, 78.85084499999999, 78.920998, 79.184067], "next": [81.043098, 75.825546, 77.868721, 77.68, 77.650002, 79.110001, 78.599998, 79.779999, 78.260002, 78.43, 79.209999, 80.08000200000001, 80.400002, 80.16999799999999, 80.599998, 81.120003], "curr": [81.043098]}}