{"3": {"past": [55.473541000000004, 54.869994999999996, 54.58596800000001, 54.230938], "next": [55.473541000000004, 56.139225, 55.695438, 55.979462], "curr": [55.473541000000004]}, "7": {"past": [56.094852, 56.192485999999995, 55.935085, 55.917331999999995, 55.473541000000004, 54.869994999999996, 54.58596800000001, 54.230938], "next": [55.473541000000004, 56.139225, 55.695438, 55.979462, 56.66289499999999, 56.893668999999996, 56.884789000000005, 57.097813], "curr": [55.473541000000004]}, "15": {"past": [56.192485999999995, 56.219108999999996, 56.192485999999995, 56.148106000000006, 55.961712, 55.988338, 56.236862, 56.041592, 56.094852, 56.192485999999995, 55.935085, 55.917331999999995, 55.473541000000004, 54.869994999999996, 54.58596800000001, 54.230938], "next": [55.473541000000004, 56.139225, 55.695438, 55.979462, 56.66289499999999, 56.893668999999996, 56.884789000000005, 57.097813, 57.381836, 57.523849, 57.61261, 58.038647, 57.727989, 57.142185, 57.257571999999996, 57.159943000000005], "curr": [55.473541000000004]}}