{"3": {"past": [39.619751, 39.153954, 39.395809, 39.772038], "next": [42.826599, 42.943047, 43.355098999999996, 43.794025], "curr": [42.826599]}, "7": {"past": [39.109165000000004, 38.840435, 38.921051, 39.610794, 39.619751, 39.153954, 39.395809, 39.772038], "next": [42.826599, 42.943047, 43.355098999999996, 43.794025, 43.184902, 43.543213, 43.811943, 43.767151], "curr": [42.826599]}, "15": {"past": [39.478676, 38.983761, 38.947933, 38.697113, 38.419426, 38.715031, 38.956886, 39.019588, 39.109165000000004, 38.840435, 38.921051, 39.610794, 39.619751, 39.153954, 39.395809, 39.772038], "next": [42.826599, 42.943047, 43.355098999999996, 43.794025, 43.184902, 43.543213, 43.811943, 43.767151, 43.534252, 43.193863, 43.014709, 43.050540999999996, 43.695484, 43.426758, 43.364059000000005, 42.898258], "curr": [42.826599]}}