{"3": {"past": [45.654175, 45.750298, 46.064854, 45.793991], "next": [43.793064, 43.487246999999996, 42.9193, 43.338696], "curr": [43.793064]}, "7": {"past": [45.837672999999995, 46.029903000000004, 45.916309000000005, 46.082329, 45.654175, 45.750298, 46.064854, 45.793991], "next": [43.793064, 43.487246999999996, 42.9193, 43.338696, 43.137741, 42.823189, 42.281452, 42.185345], "curr": [43.793064]}, "15": {"past": [46.459808, 46.148579, 47.186015999999995, 47.13414, 47.237877000000005, 46.536685999999996, 46.029903000000004, 46.0998, 45.837672999999995, 46.029903000000004, 45.916309000000005, 46.082329, 45.654175, 45.750298, 46.064854, 45.793991], "next": [43.793064, 43.487246999999996, 42.9193, 43.338696, 43.137741, 42.823189, 42.281452, 42.185345, 42.447468, 41.966904, 41.975636, 42.263981, 42.648434, 42.796978, 42.421257000000004, 42.176601], "curr": [43.793064]}}