{"3": {"past": [42.988869, 43.156859999999995, 43.519382, 43.271805], "next": [42.803188, 41.777546, 41.600704, 41.291237], "curr": [42.803188]}, "7": {"past": [43.024231, 42.918137, 43.059593, 43.25412, 42.988869, 43.156859999999995, 43.519382, 43.271805], "next": [42.803188, 41.777546, 41.600704, 41.291237, 41.874794, 41.264717, 40.592739, 40.566208], "curr": [42.803188]}, "15": {"past": [43.07658, 42.928047, 42.866875, 42.596001, 42.971733, 43.085316, 42.831928000000005, 42.820877, 43.024231, 42.918137, 43.059593, 43.25412, 42.988869, 43.156859999999995, 43.519382, 43.271805], "next": [42.803188, 41.777546, 41.600704, 41.291237, 41.874794, 41.264717, 40.592739, 40.566208, 40.592739, 40.804943, 40.566208, 41.282394000000004, 41.229351, 41.043673999999996, 41.008305, 40.690002], "curr": [42.803188]}}