{"3": {"past": [88.449997, 88.5, 89.279999, 88.839996], "next": [88.529999, 88.91999799999999, 89.739998, 90.839996], "curr": [88.529999]}, "7": {"past": [88.839996, 88.41999799999999, 88.82, 88.709999, 88.449997, 88.5, 89.279999, 88.839996], "next": [88.529999, 88.91999799999999, 89.739998, 90.839996, 90.5, 90.559998, 89.599998, 89.220001], "curr": [88.529999]}, "15": {"past": [87.300003, 87.66999799999999, 87.260002, 87.260002, 87.110001, 87.910004, 87.940002, 87.68, 88.839996, 88.41999799999999, 88.82, 88.709999, 88.449997, 88.5, 89.279999, 88.839996], "next": [88.529999, 88.91999799999999, 89.739998, 90.839996, 90.5, 90.559998, 89.599998, 89.220001, 89.0, 90.550003, 89.41999799999999, 89.110001, 90.110001, 89.93, 88.07, 88.550003], "curr": [88.529999]}}