{"3": {"past": [108.940002, 107.959999, 108.889999, 107.75], "next": [109.199997, 109.07, 107.58000200000001, 107.519997], "curr": [109.199997]}, "7": {"past": [108.459999, 108.550003, 109.260002, 108.190002, 108.940002, 107.959999, 108.889999, 107.75], "next": [109.199997, 109.07, 107.58000200000001, 107.519997, 108.860001, 109.379997, 108.489998, 109.849998], "curr": [109.199997]}, "15": {"past": [108.57, 108.91999799999999, 109.91999799999999, 109.769997, 108.120003, 108.290001, 108.0, 108.220001, 108.459999, 108.550003, 109.260002, 108.190002, 108.940002, 107.959999, 108.889999, 107.75], "next": [109.199997, 109.07, 107.58000200000001, 107.519997, 108.860001, 109.379997, 108.489998, 109.849998, 109.099998, 109.970001, 109.41999799999999, 109.75, 111.18, 111.16999799999999, 110.41999799999999, 112.970001], "curr": [109.199997]}}