{"3": {"past": [43.3857, 43.5942, 43.875214, 44.101845000000004], "next": [44.609493, 44.899582, 44.410061, 44.364734999999996], "curr": [44.609493]}, "7": {"past": [44.464455, 44.546040000000005, 44.292213000000004, 43.829895, 43.3857, 43.5942, 43.875214, 44.101845000000004], "next": [44.609493, 44.899582, 44.410061, 44.364734999999996, 44.092785, 44.319408, 44.301281, 43.358509000000005], "curr": [44.609493]}, "15": {"past": [44.3494, 44.259827, 44.331486, 44.215031, 44.653954, 44.69875, 44.582298, 44.246891, 44.464455, 44.546040000000005, 44.292213000000004, 43.829895, 43.3857, 43.5942, 43.875214, 44.101845000000004], "next": [44.609493, 44.899582, 44.410061, 44.364734999999996, 44.092785, 44.319408, 44.301281, 43.358509000000005, 43.394771999999996, 43.358509000000005, 43.023098, 42.986832, 41.273518, 41.309788, 41.210075, 40.856528999999995], "curr": [44.609493]}}