{"3": {"past": [98.949997, 99.959999, 100.980003, 101.82], "next": [101.949997, 102.5, 101.16999799999999, 99.370003], "curr": [101.949997]}, "7": {"past": [98.0, 98.43, 98.610001, 98.839996, 98.949997, 99.959999, 100.980003, 101.82], "next": [101.949997, 102.5, 101.16999799999999, 99.370003, 99.410004, 100.050003, 99.309998, 99.32], "curr": [101.949997]}, "15": {"past": [94.440002, 93.25, 94.41999799999999, 95.290001, 95.610001, 96.870003, 97.18, 96.91999799999999, 98.0, 98.43, 98.610001, 98.839996, 98.949997, 99.959999, 100.980003, 101.82], "next": [101.949997, 102.5, 101.16999799999999, 99.370003, 99.410004, 100.050003, 99.309998, 99.32, 98.730003, 99.769997, 97.739998, 97.949997, 98.849998, 98.57, 99.230003, 97.93], "curr": [101.949997]}}