{"3": {"past": [23.556747, 23.395854999999997, 23.225496, 23.291744], "next": [22.421024, 24.749252, 24.768185, 25.799799], "curr": [22.421024]}, "7": {"past": [22.884777, 23.452641, 22.99835, 23.452641, 23.556747, 23.395854999999997, 23.225496, 23.291744], "next": [22.421024, 24.749252, 24.768185, 25.799799, 25.250864, 24.881756, 25.118362, 25.582114999999998], "curr": [22.421024]}, "15": {"past": [24.115145000000002, 23.944785999999997, 23.339069, 22.932102, 22.742817000000002, 23.452641, 22.146561, 22.023526999999998, 22.884777, 23.452641, 22.99835, 23.452641, 23.556747, 23.395854999999997, 23.225496, 23.291744], "next": [22.421024, 24.749252, 24.768185, 25.799799, 25.250864, 24.881756, 25.118362, 25.582114999999998, 26.897661, 26.803016999999997, 26.878733, 27.616953000000002, 27.389809000000003, 27.389809000000003, 28.052311, 27.721059999999998], "curr": [22.421024]}}