{"3": {"past": [120.845482, 120.806519, 119.94918100000001, 116.130119], "next": [119.94918100000001, 117.055679, 118.702133, 117.70841999999999], "curr": [119.94918100000001]}, "7": {"past": [122.940102, 123.24213400000001, 123.826675, 122.414024, 120.845482, 120.806519, 119.94918100000001, 116.130119], "next": [119.94918100000001, 117.055679, 118.702133, 117.70841999999999, 115.340988, 114.844124, 111.75576000000001, 111.258904], "curr": [119.94918100000001]}, "15": {"past": [121.86844599999999, 122.91088899999998, 122.10225700000001, 121.741776, 121.46900900000001, 119.861488, 122.23866299999999, 122.07303600000002, 122.940102, 123.24213400000001, 123.826675, 122.414024, 120.845482, 120.806519, 119.94918100000001, 116.130119], "next": [119.94918100000001, 117.055679, 118.702133, 117.70841999999999, 115.340988, 114.844124, 111.75576000000001, 111.258904, 112.20391799999999, 113.60685, 113.100227, 111.17121100000001, 111.03483600000001, 109.91198, 112.44081899999999, 111.92334699999999], "curr": [119.94918100000001]}}