{"3": {"past": [70.883125, 71.988052, 71.73734300000001, 71.579498], "next": [72.768013, 72.712288, 72.545158, 73.018715], "curr": [72.768013]}, "7": {"past": [74.10508, 72.703026, 72.535881, 70.910973, 70.883125, 71.988052, 71.73734300000001, 71.579498], "next": [72.768013, 72.712288, 72.545158, 73.018715, 72.164474, 71.932358, 71.644501, 71.765213], "curr": [72.768013]}, "15": {"past": [75.637146, 75.646431, 75.200737, 75.96210500000001, 75.952843, 76.95562, 76.658501, 72.83300799999999, 74.10508, 72.703026, 72.535881, 70.910973, 70.883125, 71.988052, 71.73734300000001, 71.579498], "next": [72.768013, 72.712288, 72.545158, 73.018715, 72.164474, 71.932358, 71.644501, 71.765213, 71.978775, 72.43375400000001, 73.269417, 73.520119, 73.046562, 73.872948, 74.095795, 73.260124], "curr": [72.768013]}}