{"3": {"past": [77.013458, 76.77310899999999, 76.680679, 76.264679], "next": [75.035187, 75.488167, 76.107529, 76.273933], "curr": [75.035187]}, "7": {"past": [76.699158, 77.244576, 77.410965, 77.438683, 77.013458, 76.77310899999999, 76.680679, 76.264679], "next": [75.035187, 75.488167, 76.107529, 76.273933, 76.431076, 76.329399, 76.246201, 76.84706899999999], "curr": [75.035187]}, "15": {"past": [78.945503, 79.315269, 79.195091, 79.416969, 78.233696, 76.921013, 76.754623, 76.708412, 76.699158, 77.244576, 77.410965, 77.438683, 77.013458, 76.77310899999999, 76.680679, 76.264679], "next": [75.035187, 75.488167, 76.107529, 76.273933, 76.431076, 76.329399, 76.246201, 76.84706899999999, 76.56049300000001, 77.198357, 77.780746, 77.679047, 77.910156, 79.426201, 79.426201, 79.398453], "curr": [75.035187]}}