{"3": {"past": [62.705608, 63.508118, 62.99489200000001, 62.789593], "next": [64.721161, 62.621639, 60.167538, 61.828487], "curr": [64.721161]}, "7": {"past": [63.04155, 62.808257999999995, 62.892239000000004, 63.209506999999995, 62.705608, 63.508118, 62.99489200000001, 62.789593], "next": [64.721161, 62.621639, 60.167538, 61.828487, 61.837818000000006, 62.528328, 62.313705000000006, 62.397696999999994], "curr": [64.721161]}, "15": {"past": [71.65424300000001, 70.758438, 71.803543, 68.304321, 66.130173, 65.178383, 64.310585, 64.385239, 63.04155, 62.808257999999995, 62.892239000000004, 63.209506999999995, 62.705608, 63.508118, 62.99489200000001, 62.789593], "next": [64.721161, 62.621639, 60.167538, 61.828487, 61.837818000000006, 62.528328, 62.313705000000006, 62.397696999999994, 61.529895999999994, 63.377464, 64.291924, 64.889122, 66.625374, 66.043495, 66.249969, 65.883949], "curr": [64.721161]}}