{"3": {"past": [70.99118, 71.341415, 71.07637, 71.596985], "next": [70.66935699999999, 71.417137, 70.801888, 71.133163], "curr": [70.66935699999999]}, "7": {"past": [70.300209, 70.51790600000001, 70.792404, 70.915474, 70.99118, 71.341415, 71.07637, 71.596985], "next": [70.66935699999999, 71.417137, 70.801888, 71.133163, 71.19941700000001, 71.22782099999999, 71.578049, 71.483391], "curr": [70.66935699999999]}, "15": {"past": [69.4767, 69.77959399999999, 69.467239, 70.035172, 70.025711, 69.91211700000001, 70.205551, 70.035172, 70.300209, 70.51790600000001, 70.792404, 70.915474, 70.99118, 71.341415, 71.07637, 71.596985], "next": [70.66935699999999, 71.417137, 70.801888, 71.133163, 71.19941700000001, 71.22782099999999, 71.578049, 71.483391, 71.360336, 71.312996, 71.208885, 70.811325, 70.62203199999999, 71.511772, 71.653763, 71.937737], "curr": [70.66935699999999]}}