{"3": {"past": [73.988297, 73.97878299999999, 74.197716, 73.778885], "next": [77.395973, 78.347832, 77.929024, 78.214561], "curr": [77.395973]}, "7": {"past": [72.99835999999999, 73.141136, 73.236351, 73.64563000000001, 73.988297, 73.97878299999999, 74.197716, 73.778885], "next": [77.395973, 78.347832, 77.929024, 78.214561, 77.196083, 77.719604, 77.767204, 77.329338], "curr": [77.395973]}, "15": {"past": [72.655693, 72.979332, 72.608109, 73.093544, 73.045959, 73.369598, 73.21729300000001, 73.312477, 72.99835999999999, 73.141136, 73.236351, 73.64563000000001, 73.988297, 73.97878299999999, 74.197716, 73.778885], "next": [77.395973, 78.347832, 77.929024, 78.214561, 77.196083, 77.719604, 77.767204, 77.329338, 77.700562, 77.900452, 77.481636, 77.405495, 78.18602, 78.414459, 77.795761, 77.767204], "curr": [77.395973]}}