{"3": {"past": [65.994934, 66.275604, 66.294327, 66.752762], "next": [66.59369699999999, 67.781868, 68.12802099999999, 68.305801], "curr": [66.59369699999999]}, "7": {"past": [64.94709, 65.396179, 65.499084, 65.723625, 65.994934, 66.275604, 66.294327, 66.752762], "next": [66.59369699999999, 67.781868, 68.12802099999999, 68.305801, 68.212242, 68.43675999999999, 68.520958, 68.59581800000001], "curr": [66.59369699999999]}, "15": {"past": [65.180992, 65.237144, 65.152946, 65.115509, 65.02195, 64.722565, 65.152946, 65.162285, 64.94709, 65.396179, 65.499084, 65.723625, 65.994934, 66.275604, 66.294327, 66.752762], "next": [66.59369699999999, 67.781868, 68.12802099999999, 68.305801, 68.212242, 68.43675999999999, 68.520958, 68.59581800000001, 68.642609, 68.558403, 68.13739, 68.305801, 68.015762, 67.935799, 68.039299, 68.698044], "curr": [66.59369699999999]}}