{"3": {"past": [52.603573, 52.558448999999996, 52.540401, 53.298584], "next": [51.646834999999996, 51.737087, 52.025913, 51.890533000000005], "curr": [51.646834999999996]}, "7": {"past": [52.802155000000006, 52.702873, 52.738979, 52.47721899999999, 52.603573, 52.558448999999996, 52.540401, 53.298584], "next": [51.646834999999996, 51.737087, 52.025913, 51.890533000000005, 52.260593, 52.648716, 52.305729, 52.40591], "curr": [51.646834999999996]}, "15": {"past": [52.332806, 52.44112, 52.93755, 52.982673999999996, 53.018784, 53.569359, 53.596447, 52.856308, 52.802155000000006, 52.702873, 52.738979, 52.47721899999999, 52.603573, 52.558448999999996, 52.540401, 53.298584], "next": [51.646834999999996, 51.737087, 52.025913, 51.890533000000005, 52.260593, 52.648716, 52.305729, 52.40591, 52.715571999999995, 52.24197, 51.941414, 52.351265000000005, 52.40591, 52.88861800000001, 53.189178000000005, 53.990654000000006], "curr": [51.646834999999996]}}