{"3": {"past": [61.871517000000004, 61.862251, 61.880768, 61.83446899999999], "next": [62.306767, 62.825375, 62.48273100000001, 62.40864200000001], "curr": [62.306767]}, "7": {"past": [60.223082999999995, 60.65834399999999, 60.843563, 61.667767000000005, 61.871517000000004, 61.862251, 61.880768, 61.83446899999999], "next": [62.306767, 62.825375, 62.48273100000001, 62.40864200000001, 62.00115600000001, 62.612384999999996, 63.130981000000006, 62.649418000000004], "curr": [62.306767]}, "15": {"past": [59.352566, 59.334049, 59.54705, 59.510006000000004, 59.741528, 59.945271, 60.723167000000004, 60.287914, 60.223082999999995, 60.65834399999999, 60.843563, 61.667767000000005, 61.871517000000004, 61.862251, 61.880768, 61.83446899999999], "next": [62.306767, 62.825375, 62.48273100000001, 62.40864200000001, 62.00115600000001, 62.612384999999996, 63.130981000000006, 62.649418000000004, 63.19580500000001, 63.130981000000006, 63.186558, 62.89946, 63.786030000000004, 64.887238, 64.168663, 64.17797900000001], "curr": [62.306767]}}