{"3": {"past": [55.138237, 55.402363, 55.120014000000005, 54.956074], "next": [55.23841899999999, 55.26574300000001, 55.803101, 56.103649], "curr": [55.23841899999999]}, "7": {"past": [54.436935, 54.91964300000001, 55.302166, 55.311275, 55.138237, 55.402363, 55.120014000000005, 54.956074], "next": [55.23841899999999, 55.26574300000001, 55.803101, 56.103649, 56.067223, 55.502537, 55.511726, 55.566844999999994], "curr": [55.23841899999999]}, "15": {"past": [54.974289, 55.147339, 55.22930899999999, 55.648262, 55.26574300000001, 55.502537, 55.520752, 55.083588, 54.436935, 54.91964300000001, 55.302166, 55.311275, 55.138237, 55.402363, 55.120014000000005, 54.956074], "next": [55.23841899999999, 55.26574300000001, 55.803101, 56.103649, 56.067223, 55.502537, 55.511726, 55.566844999999994, 55.842426, 56.044520999999996, 55.65871, 55.83324399999999, 55.952659999999995, 56.044520999999996, 56.568130000000004, 56.614063], "curr": [55.23841899999999]}}