{"3": {"past": [18.138845, 18.030558, 17.922268, 18.021532], "next": [18.16592, 17.380808, 17.507145, 17.498120999999998], "curr": [18.16592]}, "7": {"past": [18.039579, 17.832024, 18.120798, 18.156897, 18.138845, 18.030558, 17.922268, 18.021532], "next": [18.16592, 17.380808, 17.507145, 17.498120999999998, 17.651535, 17.588367, 17.723728, 17.561293], "curr": [18.16592]}, "15": {"past": [17.47105, 17.525192, 17.615438, 17.525192, 17.462027, 17.588367, 17.750803, 17.850071, 18.039579, 17.832024, 18.120798, 18.156897, 18.138845, 18.030558, 17.922268, 18.021532], "next": [18.16592, 17.380808, 17.507145, 17.498120999999998, 17.651535, 17.588367, 17.723728, 17.561293, 17.398857, 17.516171, 17.281538, 17.055931, 17.010813, 17.155201, 17.254465, 16.983738], "curr": [18.16592]}}