{"3": {"past": [18.619741, 18.123461, 18.252129, 18.362415], "next": [18.454315, 17.921274, 17.856939, 17.608798999999998], "curr": [18.454315]}, "7": {"past": [18.564602, 18.472696, 18.408363, 18.610554, 18.619741, 18.123461, 18.252129, 18.362415], "next": [18.454315, 17.921274, 17.856939, 17.608798999999998, 18.151035, 18.454315, 18.509457, 17.939657], "curr": [18.454315]}, "15": {"past": [18.141842, 18.141842, 18.187796, 18.160225, 18.105083, 18.187796, 18.252129, 18.665695, 18.564602, 18.472696, 18.408363, 18.610554, 18.619741, 18.123461, 18.252129, 18.362415], "next": [18.454315, 17.921274, 17.856939, 17.608798999999998, 18.151035, 18.454315, 18.509457, 17.939657, 18.05913, 18.013178, 18.169413, 18.086702, 18.086702, 18.105083, 17.967228, 18.05913], "curr": [18.454315]}}