{"3": {"past": [45.813984000000005, 45.459381, 46.283821, 47.125984], "next": [47.914970000000004, 49.306754999999995, 48.242962, 47.790855], "curr": [47.914970000000004]}, "7": {"past": [46.478851, 46.283821, 46.407928000000005, 45.61895, 45.813984000000005, 45.459381, 46.283821, 47.125984], "next": [47.914970000000004, 49.306754999999995, 48.242962, 47.790855, 47.657883, 47.303288, 47.170315, 47.569233000000004], "curr": [47.914970000000004]}, "15": {"past": [45.751926, 45.007267, 45.406189000000005, 46.088786999999996, 46.301548, 46.532036, 46.274952, 46.168571, 46.478851, 46.283821, 46.407928000000005, 45.61895, 45.813984000000005, 45.459381, 46.283821, 47.125984], "next": [47.914970000000004, 49.306754999999995, 48.242962, 47.790855, 47.657883, 47.303288, 47.170315, 47.569233000000004, 48.163185, 48.047943, 47.781985999999996, 48.246414, 46.719181, 46.871006, 47.067496999999996, 47.799858], "curr": [47.914970000000004]}}