{"3": {"past": [79.806076, 81.26531999999999, 81.172966, 80.61882800000001], "next": [82.549095, 80.45257600000001, 79.233452, 82.44749499999999], "curr": [82.549095]}, "7": {"past": [80.19397, 79.224236, 78.96563, 78.947151, 79.806076, 81.26531999999999, 81.172966, 80.61882800000001], "next": [82.549095, 80.45257600000001, 79.233452, 82.44749499999999, 82.419792, 81.828705, 80.360214, 81.136024], "curr": [82.549095]}, "15": {"past": [77.903526, 77.192368, 77.441734, 77.829628, 79.436646, 79.076462, 79.20575, 81.089851, 80.19397, 79.224236, 78.96563, 78.947151, 79.806076, 81.26531999999999, 81.172966, 80.61882800000001], "next": [82.549095, 80.45257600000001, 79.233452, 82.44749499999999, 82.419792, 81.828705, 80.360214, 81.136024, 79.510529, 80.461815, 80.932846, 82.124252, 81.680939, 84.580963, 83.454201, 84.239235], "curr": [82.549095]}}