{"3": {"past": [55.122409999999995, 54.660263, 55.575497, 55.575497], "next": [54.207176000000004, 54.324978, 53.70878199999999, 53.418808], "curr": [54.207176000000004]}, "7": {"past": [55.058975, 55.339881999999996, 55.249275, 54.796184999999994, 55.122409999999995, 54.660263, 55.575497, 55.575497], "next": [54.207176000000004, 54.324978, 53.70878199999999, 53.418808, 53.772217000000005, 53.881747999999995, 53.544014000000004, 53.708321], "curr": [54.207176000000004]}, "15": {"past": [53.074463, 53.201331999999994, 53.337254, 53.581917000000004, 54.007816000000005, 54.007816000000005, 54.007816000000005, 54.85055500000001, 55.058975, 55.339881999999996, 55.249275, 54.796184999999994, 55.122409999999995, 54.660263, 55.575497, 55.575497], "next": [54.207176000000004, 54.324978, 53.70878199999999, 53.418808, 53.772217000000005, 53.881747999999995, 53.544014000000004, 53.708321, 53.544014000000004, 53.63529200000001, 53.991287, 54.310759999999995, 53.352329000000005, 53.544014000000004, 53.662682, 53.726574], "curr": [54.207176000000004]}}