{"3": {"past": [47.406883, 47.353297999999995, 48.246414, 48.550079], "next": [47.915966, 48.487553000000005, 47.835578999999996, 48.326794], "curr": [47.915966]}, "7": {"past": [44.066604999999996, 44.790043, 45.218734999999995, 47.24612, 47.406883, 47.353297999999995, 48.246414, 48.550079], "next": [47.915966, 48.487553000000005, 47.835578999999996, 48.326794, 48.398243, 48.578201, 48.686169, 49.504959], "curr": [47.915966]}, "15": {"past": [45.754604, 46.040405, 46.08506, 46.326202, 45.620644, 45.718876, 45.540257000000004, 44.504234000000004, 44.066604999999996, 44.790043, 45.218734999999995, 47.24612, 47.406883, 47.353297999999995, 48.246414, 48.550079], "next": [47.915966, 48.487553000000005, 47.835578999999996, 48.326794, 48.398243, 48.578201, 48.686169, 49.504959, 49.136047, 48.056335, 48.686169, 48.839134, 48.299278, 48.587193, 48.398247, 46.913631], "curr": [47.915966]}}