{"3": {"past": [30.565456, 29.78577, 30.013547999999997, 30.372721000000002], "next": [29.671883, 29.417831, 29.522959000000004, 29.137489000000002], "curr": [29.671883]}, "7": {"past": [30.451569, 30.215040000000002, 30.469091, 30.276359999999997, 30.565456, 29.78577, 30.013547999999997, 30.372721000000002], "next": [29.671883, 29.417831, 29.522959000000004, 29.137489000000002, 28.997321999999997, 29.391546, 29.207582000000002, 29.093689], "curr": [29.671883]}, "15": {"past": [29.759493, 30.144951000000002, 30.539175, 30.425287, 30.346443, 30.293888, 30.162474, 30.626784999999998, 30.451569, 30.215040000000002, 30.469091, 30.276359999999997, 30.565456, 29.78577, 30.013547999999997, 30.372721000000002], "next": [29.671883, 29.417831, 29.522959000000004, 29.137489000000002, 28.997321999999997, 29.391546, 29.207582000000002, 29.093689, 29.093689, 28.883436, 28.795832, 28.997321999999997, 29.014848999999998, 28.699465000000004, 28.646904, 28.927238], "curr": [29.671883]}}