{"3": {"past": [27.046825, 27.194384000000003, 27.003426, 27.289866999999997], "next": [27.871426, 27.272507, 27.819340000000004, 28.131821000000002], "curr": [27.871426]}, "7": {"past": [27.020784000000003, 27.940859000000003, 27.602342999999998, 27.116264, 27.046825, 27.194384000000003, 27.003426, 27.289866999999997], "next": [27.871426, 27.272507, 27.819340000000004, 28.131821000000002, 28.7915, 28.782823999999998, 29.329659000000003, 28.895661999999998], "curr": [27.871426]}, "15": {"past": [26.873224, 26.534708000000002, 26.595465, 26.560746999999996, 26.473941999999997, 26.222225, 26.239584000000004, 26.413189000000003, 27.020784000000003, 27.940859000000003, 27.602342999999998, 27.116264, 27.046825, 27.194384000000003, 27.003426, 27.289866999999997], "next": [27.871426, 27.272507, 27.819340000000004, 28.131821000000002, 28.7915, 28.782823999999998, 29.329659000000003, 28.895661999999998, 29.216825, 29.095299, 29.095299, 29.494577000000003, 29.303621000000003, 29.216825, 29.051904999999998, 29.459858], "curr": [27.871426]}}