{"3": {"past": [36.936981, 36.946045, 37.481232, 36.855343], "next": [37.544727, 37.599159, 37.644515999999996, 37.78965], "curr": [37.544727]}, "7": {"past": [37.018615999999994, 37.000477000000004, 36.982334, 37.109333, 36.936981, 36.946045, 37.481232, 36.855343], "next": [37.544727, 37.599159, 37.644515999999996, 37.78965, 38.152489, 37.880359999999996, 38.043636, 38.125278], "curr": [37.544727]}, "15": {"past": [36.546925, 36.909763, 37.054901, 36.873489, 37.372383, 37.490303000000004, 37.091190000000005, 37.254471, 37.018615999999994, 37.000477000000004, 36.982334, 37.109333, 36.936981, 36.946045, 37.481232, 36.855343], "next": [37.544727, 37.599159, 37.644515999999996, 37.78965, 38.152489, 37.880359999999996, 38.043636, 38.125278, 37.844074, 37.744296999999996, 37.998283, 38.098061, 38.48811, 38.542542, 38.959801, 39.313568], "curr": [37.544727]}}