{"3": {"past": [43.706982, 43.227699, 43.043354, 43.568726], "next": [43.928196, 43.467331, 43.605591, 43.845234000000005], "curr": [43.928196]}, "7": {"past": [42.50877, 42.766846, 42.96962, 43.439686, 43.706982, 43.227699, 43.043354, 43.568726], "next": [43.928196, 43.467331, 43.605591, 43.845234000000005, 43.974270000000004, 44.342957, 44.213924, 44.4259], "curr": [43.928196]}, "15": {"past": [41.964966, 42.001839000000004, 42.112434, 41.992622, 41.974182, 42.296776, 42.094006, 42.324432, 42.50877, 42.766846, 42.96962, 43.439686, 43.706982, 43.227699, 43.043354, 43.568726], "next": [43.928196, 43.467331, 43.605591, 43.845234000000005, 43.974270000000004, 44.342957, 44.213924, 44.4259, 44.647114, 44.490429, 44.831451, 44.416691, 44.637894, 44.914406, 45.10796, 44.859108], "curr": [43.928196]}}