{"3": {"past": [27.953284999999997, 28.035799, 27.898277, 28.118311], "next": [29.759388, 29.841896000000002, 29.429338, 29.539356], "curr": [29.759388]}, "7": {"past": [26.963137, 26.999813, 28.017464, 28.448359999999997, 27.953284999999997, 28.035799, 27.898277, 28.118311], "next": [29.759388, 29.841896000000002, 29.429338, 29.539356, 29.805227000000002, 29.62187, 29.612701, 28.824251], "curr": [29.759388]}, "15": {"past": [26.477235999999998, 26.495569, 26.623928000000003, 26.807284999999997, 26.972310999999998, 26.908133000000003, 26.862291, 26.935637, 26.963137, 26.999813, 28.017464, 28.448359999999997, 27.953284999999997, 28.035799, 27.898277, 28.118311], "next": [29.759388, 29.841896000000002, 29.429338, 29.539356, 29.805227000000002, 29.62187, 29.612701, 28.824251, 29.025944, 29.456841999999998, 29.594362, 29.713547, 29.200135999999997, 28.833415999999996, 28.631718, 28.879259], "curr": [29.759388]}}