{"3": {"past": [25.395529, 25.50531, 25.322346, 25.834644], "next": [25.578495, 25.981018, 26.054201000000003, 26.310352], "curr": [25.578495]}, "7": {"past": [25.724871, 25.724871, 25.688272, 25.688272, 25.395529, 25.50531, 25.322346, 25.834644], "next": [25.578495, 25.981018, 26.054201000000003, 26.310352, 25.834644, 25.761459, 25.468716, 25.358938000000002], "curr": [25.578495]}, "15": {"past": [26.859249, 26.529915000000003, 26.383540999999997, 26.200575, 26.090795999999997, 26.054201000000003, 25.907833, 25.907833, 25.724871, 25.724871, 25.688272, 25.688272, 25.395529, 25.50531, 25.322346, 25.834644], "next": [25.578495, 25.981018, 26.054201000000003, 26.310352, 25.834644, 25.761459, 25.468716, 25.358938000000002, 25.871237, 26.017607, 25.761459, 25.981018, 25.907833, 25.798054, 26.16398, 26.127392], "curr": [25.578495]}}