{"3": {"past": [54.701606999999996, 54.682655000000004, 57.488354, 57.526264000000005], "next": [56.862762, 61.042866000000004, 59.820114000000004, 60.057079], "curr": [56.862762]}, "7": {"past": [52.777435, 52.995445, 53.545207999999995, 53.772701, 54.701606999999996, 54.682655000000004, 57.488354, 57.526264000000005], "next": [56.862762, 61.042866000000004, 59.820114000000004, 60.057079, 59.422008999999996, 59.346183999999994, 59.658978000000005, 60.08551800000001], "curr": [56.862762]}, "15": {"past": [54.199242000000005, 54.151848, 53.69686899999999, 53.403027, 53.535731999999996, 53.071274, 53.042835, 52.227672999999996, 52.777435, 52.995445, 53.545207999999995, 53.772701, 54.701606999999996, 54.682655000000004, 57.488354, 57.526264000000005], "next": [56.862762, 61.042866000000004, 59.820114000000004, 60.057079, 59.422008999999996, 59.346183999999994, 59.658978000000005, 60.08551800000001, 61.20400600000001, 61.317753, 61.251404, 61.21349, 61.280201, 61.747177, 62.385715000000005, 61.718593999999996], "curr": [56.862762]}}