{"3": {"past": [71.902969, 72.36314399999999, 72.411079, 73.456078], "next": [71.768753, 71.931732, 71.893387, 71.136002], "curr": [71.768753]}, "7": {"past": [71.509895, 71.71122700000001, 71.509895, 72.487785, 71.902969, 72.36314399999999, 72.411079, 73.456078], "next": [71.768753, 71.931732, 71.893387, 71.136002, 71.970085, 72.24811600000001, 72.439842, 73.130119], "curr": [71.768753]}, "15": {"past": [71.040138, 70.388222, 70.560783, 70.532036, 70.71418, 71.088081, 71.538658, 71.653702, 71.509895, 71.71122700000001, 71.509895, 72.487785, 71.902969, 72.36314399999999, 72.411079, 73.456078], "next": [71.768753, 71.931732, 71.893387, 71.136002, 71.970085, 72.24811600000001, 72.439842, 73.130119, 73.23556500000001, 73.26432, 72.42067, 72.29604300000001, 72.717865, 73.388954, 73.25475300000001, 73.110954], "curr": [71.768753]}}