{"3": {"past": [62.94178, 63.008316, 63.188869, 63.283894], "next": [64.044174, 64.62389399999999, 64.728432, 65.175102], "curr": [64.044174]}, "7": {"past": [62.41908299999999, 62.276527, 61.649292, 62.409583999999995, 62.94178, 63.008316, 63.188869, 63.283894], "next": [64.044174, 64.62389399999999, 64.728432, 65.175102, 65.241623, 65.042046, 65.004044, 64.31028], "curr": [64.044174]}, "15": {"past": [61.164618999999995, 60.851002, 61.373692000000005, 61.212139, 62.086452, 62.343056000000004, 62.057949, 62.628166, 62.41908299999999, 62.276527, 61.649292, 62.409583999999995, 62.94178, 63.008316, 63.188869, 63.283894], "next": [64.044174, 64.62389399999999, 64.728432, 65.175102, 65.241623, 65.042046, 65.004044, 64.31028, 62.818226, 62.485611, 62.675678000000005, 62.267017, 62.076958, 62.314552, 61.972412, 61.801345999999995], "curr": [64.044174]}}